MMSI,BaseDateTime,LAT,LON,SOG,COG,Heading,VesselName,IMO,CallSign,VesselType,Status,Length,Width,Draft,Cargo,TransceiverClass
999000009,2018-04-22T23:57:45,29.11898,-89.26414,9.0,21.2,20.0,SYN-VESSEL-09,,,,0,,,,,A
999000009,2018-04-22T23:59:45,29.12359,-89.26222,8.6,21.6,20.0,SYN-VESSEL-09,,,,0,,,,,A
999000028,2018-04-22T18:34:16,28.77805,-89.23644,7.9,308.0,511.0,SYN-VESSEL-28,IMO9990028,SYN028,90,0,58,12,4.7,79,A
999000028,2018-04-22T18:32:16,28.77456,-89.23320,8.3,325.8,511.0,SYN-VESSEL-28,IMO9990028,SYN028,90,0,58,12,4.7,79,A
999000028,2018-04-22T18:37:05,28.78186,-89.24157,5.9,308.4,511.0,SYN-VESSEL-28,IMO9990028,SYN028,90,0,58,12,4.7,79,A
999000028,2018-04-22T18:40:05,28.78280,-89.24371,1.4,241.4,511.0,SYN-VESSEL-28,IMO9990028,SYN028,90,0,58,12,4.7,79,A
999000028,2018-04-22T18:43:35,28.78302,-89.24302,0.1,179.6,511.0,SYN-VESSEL-28,IMO9990028,SYN028,90,0,58,12,4.7,79,A
999000028,2018-04-22T18:45:55,28.78305,-89.24309,0.1,332.5,511.0,SYN-VESSEL-28,IMO9990028,SYN028,90,0,58,12,4.7,79,A
999000028,2018-04-22T18:44:45,28.78302,-89.24304,0.7,141.1,511.0,SYN-VESSEL-28,IMO9990028,SYN028,90,0,58,12,4.7,79,A
999000028,2018-04-22T18:30:16,28.77058,-89.23041,8.5,327.9,511.0,SYN-VESSEL-28,IMO9990028,SYN028,90,0,58,12,4.7,79,A
999000028,2018-04-22T18:27:45,28.76559,-89.22687,8.4,325.9,511.0,SYN-VESSEL-28,IMO9990028,SYN028,90,0,58,12,4.7,79,A
999000028,2018-04-22T18:26:36,28.76331,-89.22526,8.2,327.9,511.0,SYN-VESSEL-28,IMO9990028,SYN028,90,0,58,12,4.7,79,A
999000028,2018-04-22T18:23:05,28.75873,-89.22255,3.8,353.2,511.0,SYN-VESSEL-28,IMO9990028,SYN028,90,0,58,12,4.7,79,A
999000028,2018-04-22T18:25:25,28.76114,-89.22377,6.7,329.5,511.0,SYN-VESSEL-28,IMO9990028,SYN028,90,0,58,12,4.7,79,A
999000028,2018-04-22T18:21:55,28.75766,-89.22208,3.6,342.5,511.0,SYN-VESSEL-28,IMO9990028,SYN028,90,0,58,12,4.7,79,A
999000028,2018-04-22T18:19:05,28.75484,-89.22150,3.6,355.7,511.0,SYN-VESSEL-28,IMO9990028,SYN028,90,0,58,12,4.7,79,A
999000028,2018-04-22T18:20:46,28.75656,-89.22177,3.9,0.3,511.0,SYN-VESSEL-28,IMO9990028,SYN028,90,0,58,12,4.7,79,A
999000028,2018-04-22T18:17:55,28.75352,-89.22173,4.2,50.7,511.0,SYN-VESSEL-28,IMO9990028,SYN028,90,0,58,12,4.7,79,A
999000028,2018-04-22T18:16:46,28.75394,-89.22318,4.7,151.9,511.0,SYN-VESSEL-28,IMO9990028,SYN028,90,0,58,12,4.7,79,A
999000028,2018-04-22T18:48:16,28.78316,-89.24305,0.3,29.8,511.0,SYN-VESSEL-28,IMO9990028,SYN028,90,0,58,12,4.7,79,A
999000028,2018-04-22T18:47:05,28.78310,-89.24312,0.0,16.9,511.0,SYN-VESSEL-28,IMO9990028,SYN028,90,0,58,12,4.7,79,A
999000028,2018-04-22T19:30:45,28.78316,-89.24289,0.2,144.4,511.0,SYN-VESSEL-28,IMO9990028,SYN028,90,0,58,12,4.7,79,A
999000028,2018-04-22T19:29:36,28.78316,-89.24287,0.1,337.7,511.0,SYN-VESSEL-28,IMO9990028,SYN028,90,0,58,12,4.7,79,A
999000028,2018-04-22T19:37:06,28.78315,-89.24285,0.1,26.9,511.0,SYN-VESSEL-28,IMO9990028,SYN028,90,0,58,12,4.7,79,A
999000028,2018-04-22T19:39:06,28.78318,-89.24286,0.4,351.8,511.0,SYN-VESSEL-28,IMO9990028,SYN028,90,0,58,12,4.7,79,A
999000028,2018-04-22T19:33:36,28.78312,-89.24284,0.2,147.6,511.0,SYN-VESSEL-28,IMO9990028,SYN028,90,0,58,12,4.7,79,A
999000028,2018-04-22T19:22:44,28.78301,-89.24294,0.3,15.4,511.0,SYN-VESSEL-28,IMO9990028,SYN028,90,0,58,12,4.7,79,A
999000028,2018-04-22T19:23:55,28.78308,-89.24290,0.1,25.5,511.0,SYN-VESSEL-28,IMO9990028,SYN028,90,0,58,12,4.7,79,A
999000028,2018-04-22T19:25:04,28.78311,-89.24289,0.1,349.6,511.0,SYN-VESSEL-28,IMO9990028,SYN028,90,0,58,12,4.7,79,A
999000028,2018-04-22T19:27:25,28.78313,-89.24286,0.0,97.1,511.0,SYN-VESSEL-28,IMO9990028,SYN028,90,0,58,12,4.7,79,A
999000028,2018-04-22T19:28:35,28.78316,-89.24286,0.1,155.8,511.0,SYN-VESSEL-28,IMO9990028,SYN028,90,0,58,12,4.7,79,A
999000028,2018-04-22T19:43:25,28.78009,-89.24304,3.6,171.0,511.0,SYN-VESSEL-28,IMO9990028,SYN028,90,0,58,12,4.7,79,A
999000028,2018-04-22T19:44:56,28.77858,-89.24294,3.6,194.9,511.0,SYN-VESSEL-28,IMO9990028,SYN028,90,0,58,12,4.7,79,A
999000028,2018-04-22T19:50:35,28.77617,-89.24273,3.4,190.9,511.0,SYN-VESSEL-28,IMO9990028,SYN028,90,0,58,12,4.7,79,A
999000028,2018-04-22T19:48:25,28.77684,-89.24289,1.0,107.2,511.0,SYN-VESSEL-28,IMO9990028,SYN028,90,0,58,12,4.7,79,A
999000028,2018-04-22T19:53:55,28.77219,-89.24408,4.9,197.5,511.0,SYN-VESSEL-28,IMO9990028,SYN028,90,0,58,12,4.7,79,A
999000028,2018-04-22T19:59:26,28.76507,-89.24637,4.8,197.0,511.0,SYN-VESSEL-28,IMO9990028,SYN028,90,0,58,12,4.7,79,A
999000028,2018-04-22T19:57:26,28.76763,-89.24558,4.9,199.3,511.0,SYN-VESSEL-28,IMO9990028,SYN028,90,0,58,12,4.7,79,A
999000028,2018-04-22T23:58:55,28.75511,-89.23362,3.3,1.0,511.0,SYN-VESSEL-28,IMO9990028,SYN028,90,0,58,12,4.7,79,A
999000028,2018-04-22T23:04:54,28.78347,-89.24294,0.5,185.7,511.0,SYN-VESSEL-28,IMO9990028,SYN028,90,0,58,12,4.7,79,A
999000028,2018-04-22T23:06:16,28.78346,-89.24294,0.1,137.4,511.0,SYN-VESSEL-28,IMO9990028,SYN028,90,0,58,12,4.7,79,A
999000028,2018-04-22T23:01:16,28.78346,-89.24293,0.2,176.0,511.0,SYN-VESSEL-28,IMO9990028,SYN028,90,0,58,12,4.7,79,A
999000028,2018-04-22T23:03:44,28.78347,-89.24295,0.3,342.6,511.0,SYN-VESSEL-28,IMO9990028,SYN028,90,0,58,12,4.7,79,A
999000028,2018-04-22T23:02:36,28.78345,-89.24296,0.4,8.5,511.0,SYN-VESSEL-28,IMO9990028,SYN028,90,0,58,12,4.7,79,A
999000028,2018-04-22T23:14:15,28.78343,-89.24296,0.8,174.2,511.0,SYN-VESSEL-28,IMO9990028,SYN028,90,0,58,12,4.7,79,A
999000028,2018-04-22T23:13:06,28.78346,-89.24294,0.1,200.2,511.0,SYN-VESSEL-28,IMO9990028,SYN028,90,0,58,12,4.7,79,A
999000028,2018-04-22T23:11:16,28.78347,-89.24294,0.6,347.3,511.0,SYN-VESSEL-28,IMO9990028,SYN028,90,0,58,12,4.7,79,A
999000028,2018-04-22T23:07:54,28.78346,-89.24296,0.4,185.9,511.0,SYN-VESSEL-28,IMO9990028,SYN028,90,0,58,12,4.7,79,A
999000028,2018-04-22T23:09:16,28.78346,-89.24293,0.2,349.1,511.0,SYN-VESSEL-28,IMO9990028,SYN028,90,0,58,12,4.7,79,A
999000028,2018-04-22T22:58:36,28.78341,-89.24296,0.2,7.0,511.0,SYN-VESSEL-28,IMO9990028,SYN028,90,0,58,12,4.7,79,A
999000028,2018-04-22T22:59:44,28.78346,-89.24296,0.4,174.9,511.0,SYN-VESSEL-28,IMO9990028,SYN028,90,0,58,12,4.7,79,A
999000028,2018-04-22T22:54:55,28.78342,-89.24294,0.1,57.6,511.0,SYN-VESSEL-28,IMO9990028,SYN028,90,0,58,12,4.7,79,A
999000028,2018-04-22T23:00:06,28.78348,-89.24294,0.1,40.3,511.0,SYN-VESSEL-28,IMO9990028,SYN028,90,0,58,12,4.7,79,A
999000028,2018-04-22T22:53:46,28.78339,-89.24293,0.9,346.6,511.0,SYN-VESSEL-28,IMO9990028,SYN028,90,0,58,12,4.7,79,A
999000028,2018-04-22T22:56:06,28.78344,-89.24292,0.1,51.4,511.0,SYN-VESSEL-28,IMO9990028,SYN028,90,0,58,12,4.7,79,A
999000028,2018-04-22T22:57:15,28.78338,-89.24294,0.4,205.0,511.0,SYN-VESSEL-28,IMO9990028,SYN028,90,0,58,12,4.7,79,A
999000028,2018-04-22T22:48:26,28.78327,-89.24290,1.2,157.9,511.0,SYN-VESSEL-28,IMO9990028,SYN028,90,0,58,12,4.7,79,A
999000028,2018-04-22T22:45:56,28.78314,-89.24326,3.3,335.2,511.0,SYN-VESSEL-28,IMO9990028,SYN028,90,0,58,12,4.7,79,A
999000028,2018-04-22T22:51:06,28.78329,-89.24292,0.4,152.5,511.0,SYN-VESSEL-28,IMO9990028,SYN028,90,0,58,12,4.7,79,A
999000028,2018-04-22T22:52:16,28.78332,-89.24293,0.3,350.1,511.0,SYN-VESSEL-28,IMO9990028,SYN028,90,0,58,12,4.7,79,A
999000028,2018-04-22T22:49:55,28.78329,-89.24292,0.6,339.4,511.0,SYN-VESSEL-28,IMO9990028,SYN028,90,0,58,12,4.7,79,A
999000028,2018-04-22T23:18:06,28.78345,-89.24295,0.2,256.5,511.0,SYN-VESSEL-28,IMO9990028,SYN028,90,0,58,12,4.7,79,A
999000028,2018-04-22T23:15:24,28.78346,-89.24294,0.1,340.8,511.0,SYN-VESSEL-28,IMO9990028,SYN028,90,0,58,12,4.7,79,A
999000028,2018-04-22T23:16:45,28.78343,-89.24296,0.2,183.2,511.0,SYN-VESSEL-28,IMO9990028,SYN028,90,0,58,12,4.7,79,A
999000028,2018-04-22T18:58:25,28.78341,-89.24290,0.1,29.2,511.0,SYN-VESSEL-28,IMO9990028,SYN028,90,0,58,12,4.7,79,A
999000028,2018-04-22T18:55:16,28.78340,-89.24291,0.0,161.4,511.0,SYN-VESSEL-28,IMO9990028,SYN028,90,0,58,12,4.7,79,A
999000028,2018-04-22T18:50:55,28.78331,-89.24299,0.1,15.7,511.0,SYN-VESSEL-28,IMO9990028,SYN028,90,0,58,12,4.7,79,A
999000028,2018-04-22T18:49:35,28.78326,-89.24301,0.3,16.7,511.0,SYN-VESSEL-28,IMO9990028,SYN028,90,0,58,12,4.7,79,A
999000028,2018-04-22T19:01:36,28.78340,-89.24289,0.0,60.8,511.0,SYN-VESSEL-28,IMO9990028,SYN028,90,0,58,12,4.7,79,A
999000028,2018-04-22T19:00:25,28.78340,-89.24289,0.1,346.8,511.0,SYN-VESSEL-28,IMO9990028,SYN028,90,0,58,12,4.7,79,A
999000028,2018-04-22T18:59:36,28.78339,-89.24287,0.2,148.6,511.0,SYN-VESSEL-28,IMO9990028,SYN028,90,0,58,12,4.7,79,A
999000028,2018-04-22T19:03:54,28.78321,-89.24322,1.6,223.7,511.0,SYN-VESSEL-28,IMO9990028,SYN028,90,0,58,12,4.7,79,A
999000028,2018-04-22T19:02:44,28.78340,-89.24289,0.0,184.7,511.0,SYN-VESSEL-28,IMO9990028,SYN028,90,0,58,12,4.7,79,A
999000028,2018-04-22T19:07:45,28.78110,-89.24400,3.1,37.1,511.0,SYN-VESSEL-28,IMO9990028,SYN028,90,0,58,12,4.7,79,A
999000028,2018-04-22T19:08:56,28.78232,-89.24344,4.1,18.1,511.0,SYN-VESSEL-28,IMO9990028,SYN028,90,0,58,12,4.7,79,A
999000028,2018-04-22T19:05:15,28.78251,-89.24390,3.1,204.8,511.0,SYN-VESSEL-28,IMO9990028,SYN028,90,0,58,12,4.7,79,A
999000028,2018-04-22T19:06:25,28.78152,-89.24417,3.2,182.1,511.0,SYN-VESSEL-28,IMO9990028,SYN028,90,0,58,12,4.7,79,A
999000028,2018-04-22T19:11:56,28.78286,-89.24293,0.1,124.6,511.0,SYN-VESSEL-28,IMO9990028,SYN028,90,0,58,12,4.7,79,A
999000028,2018-04-22T19:10:16,28.78286,-89.24308,0.9,73.1,511.0,SYN-VESSEL-28,IMO9990028,SYN028,90,0,58,12,4.7,79,A
999000028,2018-04-22T19:13:05,28.78288,-89.24292,0.0,73.3,511.0,SYN-VESSEL-28,IMO9990028,SYN028,90,0,58,12,4.7,79,A
999000028,2018-04-22T19:15:25,28.78290,-89.24293,0.1,178.1,511.0,SYN-VESSEL-28,IMO9990028,SYN028,90,0,58,12,4.7,79,A
999000028,2018-04-22T19:14:06,28.78291,-89.24294,0.0,324.7,511.0,SYN-VESSEL-28,IMO9990028,SYN028,90,0,58,12,4.7,79,A
999000028,2018-04-22T19:17:45,28.78289,-89.24295,0.0,254.8,511.0,SYN-VESSEL-28,IMO9990028,SYN028,90,0,58,12,4.7,79,A
999000028,2018-04-22T19:16:35,28.78290,-89.24295,0.1,152.0,511.0,SYN-VESSEL-28,IMO9990028,SYN028,90,0,58,12,4.7,79,A
999000028,2018-04-22T19:21:35,28.78297,-89.24296,0.2,330.3,511.0,SYN-VESSEL-28,IMO9990028,SYN028,90,0,58,12,4.7,79,A
999000028,2018-04-22T19:18:55,28.78288,-89.24294,0.1,198.6,511.0,SYN-VESSEL-28,IMO9990028,SYN028,90,0,58,12,4.7,79,A
999000028,2018-04-22T18:11:15,28.75932,-89.22559,3.8,157.5,511.0,SYN-VESSEL-28,IMO9990028,SYN028,90,0,58,12,4.7,79,A
999000028,2018-04-22T18:10:05,28.76043,-89.22611,4.0,148.9,511.0,SYN-VESSEL-28,IMO9990028,SYN028,90,0,58,12,4.7,79,A
999000028,2018-04-22T18:12:25,28.75820,-89.22509,3.6,168.3,511.0,SYN-VESSEL-28,IMO9990028,SYN028,90,0,58,12,4.7,79,A
999000028,2018-04-22T18:07:25,28.76295,-89.22733,3.8,155.9,511.0,SYN-VESSEL-28,IMO9990028,SYN028,90,0,58,12,4.7,79,A
999000028,2018-04-22T18:08:55,28.76153,-89.22663,3.7,153.7,511.0,SYN-VESSEL-28,IMO9990028,SYN028,90,0,58,12,4.7,79,A
999000028,2018-04-22T18:01:15,28.76873,-89.22988,3.8,151.2,511.0,SYN-VESSEL-28,IMO9990028,SYN028,90,0,58,12,4.7,79,A
999000028,2018-04-22T18:00:05,28.76981,-89.23036,3.5,166.1,511.0,SYN-VESSEL-28,IMO9990028,SYN028,90,0,58,12,4.7,79,A
999000028,2018-04-22T18:02:26,28.76762,-89.22942,3.4,159.9,511.0,SYN-VESSEL-28,IMO9990028,SYN028,90,0,58,12,4.7,79,A
999000028,2018-04-22T18:04:56,28.76534,-89.22841,3.6,157.1,511.0,SYN-VESSEL-28,IMO9990028,SYN028,90,0,58,12,4.7,79,A
999000028,2018-04-22T18:06:05,28.76423,-89.22791,3.8,152.8,511.0,SYN-VESSEL-28,IMO9990028,SYN028,90,0,58,12,4.7,79,A
999000028,2018-04-22T18:03:36,28.76656,-89.22897,3.5,163.3,511.0,SYN-VESSEL-28,IMO9990028,SYN028,90,0,58,12,4.7,79,A
999000028,2018-04-22T18:14:25,28.75628,-89.22423,3.7,161.9,511.0,SYN-VESSEL-28,IMO9990028,SYN028,90,0,58,12,4.7,79,A
999000028,2018-04-22T21:02:36,28.80037,-89.20961,3.1,154.7,511.0,SYN-VESSEL-28,IMO9990028,SYN028,90,0,58,12,4.7,79,A
999000028,2018-04-22T21:03:45,28.79950,-89.20950,3.0,178.0,511.0,SYN-VESSEL-28,IMO9990028,SYN028,90,0,58,12,4.7,79,A
999000028,2018-04-22T20:44:05,28.80144,-89.22916,4.1,16.4,511.0,SYN-VESSEL-28,IMO9990028,SYN028,90,0,58,12,4.7,79,A
999000028,2018-04-22T20:42:56,28.80025,-89.22961,3.9,12.6,511.0,SYN-VESSEL-28,IMO9990028,SYN028,90,0,58,12,4.7,79,A
999000028,2018-04-22T20:41:45,28.79900,-89.23002,4.0,11.8,511.0,SYN-VESSEL-28,IMO9990028,SYN028,90,0,58,12,4.7,79,A
999000028,2018-04-22T20:39:45,28.79687,-89.23064,4.0,9.9,511.0,SYN-VESSEL-28,IMO9990028,SYN028,90,0,58,12,4.7,79,A
999000028,2018-04-22T20:30:26,28.78698,-89.23372,4.0,8.6,511.0,SYN-VESSEL-28,IMO9990028,SYN028,90,0,58,12,4.7,79,A
999000028,2018-04-22T20:31:56,28.78859,-89.23323,3.9,3.6,511.0,SYN-VESSEL-28,IMO9990028,SYN028,90,0,58,12,4.7,79,A
999000028,2018-04-22T20:33:56,28.79068,-89.23255,3.9,11.8,511.0,SYN-VESSEL-28,IMO9990028,SYN028,90,0,58,12,4.7,79,A
999000028,2018-04-22T20:37:15,28.79420,-89.23146,4.0,10.0,511.0,SYN-VESSEL-28,IMO9990028,SYN028,90,0,58,12,4.7,79,A
999000028,2018-04-22T20:35:15,28.79208,-89.23211,3.9,16.0,511.0,SYN-VESSEL-28,IMO9990028,SYN028,90,0,58,12,4.7,79,A
999000028,2018-04-22T21:00:15,28.80218,-89.21171,4.2,135.3,511.0,SYN-VESSEL-28,IMO9990028,SYN028,90,0,58,12,4.7,79,A
999000028,2018-04-22T21:01:25,28.80133,-89.21053,4.4,128.9,511.0,SYN-VESSEL-28,IMO9990028,SYN028,90,0,58,12,4.7,79,A
999000028,2018-04-22T20:59:15,28.80295,-89.21272,4.1,128.1,511.0,SYN-VESSEL-28,IMO9990028,SYN028,90,0,58,12,4.7,79,A
999000028,2018-04-22T20:56:56,28.80481,-89.21472,3.4,128.2,511.0,SYN-VESSEL-28,IMO9990028,SYN028,90,0,58,12,4.7,79,A
999000028,2018-04-22T20:58:05,28.80393,-89.21373,3.9,135.5,511.0,SYN-VESSEL-28,IMO9990028,SYN028,90,0,58,12,4.7,79,A
999000028,2018-04-22T20:53:45,28.80573,-89.21856,4.4,87.0,511.0,SYN-VESSEL-28,IMO9990028,SYN028,90,0,58,12,4.7,79,A
999000028,2018-04-22T20:51:56,28.80598,-89.22105,4.2,99.4,511.0,SYN-VESSEL-28,IMO9990028,SYN028,90,0,58,12,4.7,79,A
999000028,2018-04-22T20:55:26,28.80560,-89.21627,4.2,108.3,511.0,SYN-VESSEL-28,IMO9990028,SYN028,90,0,58,12,4.7,79,A
999000028,2018-04-22T20:45:15,28.80251,-89.22853,3.6,48.0,511.0,SYN-VESSEL-28,IMO9990028,SYN028,90,0,58,12,4.7,79,A
999000028,2018-04-22T20:50:16,28.80561,-89.22314,4.2,57.8,511.0,SYN-VESSEL-28,IMO9990028,SYN028,90,0,58,12,4.7,79,A
999000028,2018-04-22T20:19:16,28.77532,-89.23762,4.0,17.2,511.0,SYN-VESSEL-28,IMO9990028,SYN028,90,0,58,12,4.7,79,A
999000028,2018-04-22T20:20:56,28.77709,-89.23699,3.8,15.1,511.0,SYN-VESSEL-28,IMO9990028,SYN028,90,0,58,12,4.7,79,A
999000028,2018-04-22T20:25:26,28.78176,-89.23541,3.8,17.4,511.0,SYN-VESSEL-28,IMO9990028,SYN028,90,0,58,12,4.7,79,A
999000028,2018-04-22T20:26:45,28.78313,-89.23496,3.8,8.8,511.0,SYN-VESSEL-28,IMO9990028,SYN028,90,0,58,12,4.7,79,A
999000028,2018-04-22T20:22:14,28.77841,-89.23654,3.9,13.7,511.0,SYN-VESSEL-28,IMO9990028,SYN028,90,0,58,12,4.7,79,A
999000028,2018-04-22T20:16:55,28.77286,-89.23844,3.9,6.6,511.0,SYN-VESSEL-28,IMO9990028,SYN028,90,0,58,12,4.7,79,A
999000028,2018-04-22T20:15:45,28.77164,-89.23892,4.2,31.1,511.0,SYN-VESSEL-28,IMO9990028,SYN028,90,0,58,12,4.7,79,A
999000028,2018-04-22T20:14:35,28.77048,-89.23969,4.0,38.4,511.0,SYN-VESSEL-28,IMO9990028,SYN028,90,0,58,12,4.7,79,A
999000028,2018-04-22T20:11:16,28.76729,-89.24191,4.1,25.5,511.0,SYN-VESSEL-28,IMO9990028,SYN028,90,0,58,12,4.7,79,A
999000028,2018-04-22T20:13:16,28.76923,-89.24058,4.2,31.0,511.0,SYN-VESSEL-28,IMO9990028,SYN028,90,0,58,12,4.7,79,A
999000028,2018-04-22T20:08:46,28.76485,-89.24357,4.0,19.5,511.0,SYN-VESSEL-28,IMO9990028,SYN028,90,0,58,12,4.7,79,A
999000028,2018-04-22T20:10:04,28.76612,-89.24270,4.1,29.4,511.0,SYN-VESSEL-28,IMO9990028,SYN028,90,0,58,12,4.7,79,A
999000028,2018-04-22T20:07:26,28.76354,-89.24438,4.1,37.5,511.0,SYN-VESSEL-28,IMO9990028,SYN028,90,0,58,12,4.7,79,A
999000028,2018-04-22T20:03:35,28.76047,-89.24640,3.7,70.4,511.0,SYN-VESSEL-28,IMO9990028,SYN028,90,0,58,12,4.7,79,A
999000028,2018-04-22T20:04:46,28.76117,-89.24575,2.8,27.6,511.0,SYN-VESSEL-28,IMO9990028,SYN028,90,0,58,12,4.7,79,A
999000028,2018-04-22T20:06:16,28.76246,-89.24508,3.7,31.5,511.0,SYN-VESSEL-28,IMO9990028,SYN028,90,0,58,12,4.7,79,A
999000028,2018-04-22T20:01:16,28.76269,-89.24711,4.9,195.8,511.0,SYN-VESSEL-28,IMO9990028,SYN028,90,0,58,12,4.7,79,A
999000028,2018-04-22T20:02:26,28.76116,-89.24753,5.0,180.7,511.0,SYN-VESSEL-28,IMO9990028,SYN028,90,0,58,12,4.7,79,A
999000028,2018-04-22T20:00:06,28.76421,-89.24663,4.9,195.7,511.0,SYN-VESSEL-28,IMO9990028,SYN028,90,0,58,12,4.7,79,A
999000028,2018-04-22T20:28:15,28.78469,-89.23446,3.8,15.6,511.0,SYN-VESSEL-28,IMO9990028,SYN028,90,0,58,12,4.7,79,A
999000028,2018-04-22T21:05:06,28.79840,-89.20968,3.2,193.8,511.0,SYN-VESSEL-28,IMO9990028,SYN028,90,0,58,12,4.7,79,A
999000028,2018-04-22T21:06:15,28.79729,-89.20968,3.4,178.2,511.0,SYN-VESSEL-28,IMO9990028,SYN028,90,0,58,12,4.7,79,A
999000028,2018-04-22T21:08:15,28.79533,-89.20953,3.4,182.3,511.0,SYN-VESSEL-28,IMO9990028,SYN028,90,0,58,12,4.7,79,A
999000028,2018-04-22T21:09:16,28.79459,-89.20969,2.1,214.3,511.0,SYN-VESSEL-28,IMO9990028,SYN028,90,0,58,12,4.7,79,A
999000028,2018-04-22T21:10:36,28.79402,-89.21045,2.5,246.9,511.0,SYN-VESSEL-28,IMO9990028,SYN028,90,0,58,12,4.7,79,A
999000028,2018-04-22T21:13:26,28.79239,-89.21227,3.0,212.2,511.0,SYN-VESSEL-28,IMO9990028,SYN028,90,0,58,12,4.7,79,A
999000028,2018-04-22T21:12:16,28.79317,-89.21161,3.0,227.3,511.0,SYN-VESSEL-28,IMO9990028,SYN028,90,0,58,12,4.7,79,A
999000028,2018-04-22T21:17:06,28.78988,-89.21449,2.8,221.0,511.0,SYN-VESSEL-28,IMO9990028,SYN028,90,0,58,12,4.7,79,A
999000028,2018-04-22T21:14:35,28.79156,-89.21295,3.1,218.8,511.0,SYN-VESSEL-28,IMO9990028,SYN028,90,0,58,12,4.7,79,A
999000028,2018-04-22T21:27:46,28.78316,-89.22043,3.3,214.5,511.0,SYN-VESSEL-28,IMO9990028,SYN028,90,0,58,12,4.7,79,A
999000028,2018-04-22T21:28:55,28.78239,-89.22113,3.3,216.0,511.0,SYN-VESSEL-28,IMO9990028,SYN028,90,0,58,12,4.7,79,A
999000028,2018-04-22T21:30:06,28.78153,-89.22188,3.2,224.6,511.0,SYN-VESSEL-28,IMO9990028,SYN028,90,0,58,12,4.7,79,A
999000028,2018-04-22T21:31:15,28.78077,-89.22264,3.1,228.8,511.0,SYN-VESSEL-28,IMO9990028,SYN028,90,0,58,12,4.7,79,A
999000028,2018-04-22T21:19:06,28.78854,-89.21564,2.9,221.4,511.0,SYN-VESSEL-28,IMO9990028,SYN028,90,0,58,12,4.7,79,A
999000028,2018-04-22T21:21:06,28.78732,-89.21672,2.1,222.5,511.0,SYN-VESSEL-28,IMO9990028,SYN028,90,0,58,12,4.7,79,A
999000028,2018-04-22T21:23:46,28.78578,-89.21816,2.8,216.4,511.0,SYN-VESSEL-28,IMO9990028,SYN028,90,0,58,12,4.7,79,A
999000028,2018-04-22T21:25:46,28.78452,-89.21935,2.9,229.3,511.0,SYN-VESSEL-28,IMO9990028,SYN028,90,0,58,12,4.7,79,A
999000028,2018-04-22T21:35:46,28.77777,-89.22554,2.9,210.9,511.0,SYN-VESSEL-28,IMO9990028,SYN028,90,0,58,12,4.7,79,A
999000028,2018-04-22T21:34:36,28.77848,-89.22482,3.3,220.8,511.0,SYN-VESSEL-28,IMO9990028,SYN028,90,0,58,12,4.7,79,A
999000028,2018-04-22T21:37:16,28.77682,-89.22645,3.1,214.7,511.0,SYN-VESSEL-28,IMO9990028,SYN028,90,0,58,12,4.7,79,A
999000028,2018-04-22T22:11:35,28.75578,-89.24505,2.8,184.2,511.0,SYN-VESSEL-28,IMO9990028,SYN028,90,0,58,12,4.7,79,A
999000028,2018-04-22T22:09:25,28.75774,-89.24498,3.1,195.6,511.0,SYN-VESSEL-28,IMO9990028,SYN028,90,0,58,12,4.7,79,A
999000028,2018-04-22T22:02:56,28.76171,-89.24132,2.9,224.7,511.0,SYN-VESSEL-28,IMO9990028,SYN028,90,0,58,12,4.7,79,A
999000028,2018-04-22T22:04:06,28.76108,-89.24198,2.9,232.1,511.0,SYN-VESSEL-28,IMO9990028,SYN028,90,0,58,12,4.7,79,A
999000028,2018-04-22T22:05:15,28.76036,-89.24268,3.3,214.6,511.0,SYN-VESSEL-28,IMO9990028,SYN028,90,0,58,12,4.7,79,A
999000028,2018-04-22T22:07:56,28.75875,-89.24429,3.2,218.7,511.0,SYN-VESSEL-28,IMO9990028,SYN028,90,0,58,12,4.7,79,A
999000028,2018-04-22T22:06:25,28.75968,-89.24344,2.6,223.4,511.0,SYN-VESSEL-28,IMO9990028,SYN028,90,0,58,12,4.7,79,A
999000028,2018-04-22T21:58:14,28.76452,-89.23858,3.0,214.0,511.0,SYN-VESSEL-28,IMO9990028,SYN028,90,0,58,12,4.7,79,A
999000028,2018-04-22T21:56:14,28.76573,-89.23742,2.7,220.1,511.0,SYN-VESSEL-28,IMO9990028,SYN028,90,0,58,12,4.7,79,A
999000028,2018-04-22T22:00:24,28.76322,-89.23986,2.8,232.3,511.0,SYN-VESSEL-28,IMO9990028,SYN028,90,0,58,12,4.7,79,A
999000028,2018-04-22T22:01:46,28.76243,-89.24065,2.8,222.1,511.0,SYN-VESSEL-28,IMO9990028,SYN028,90,0,58,12,4.7,79,A
999000028,2018-04-22T21:59:24,28.76380,-89.23929,2.7,232.5,511.0,SYN-VESSEL-28,IMO9990028,SYN028,90,0,58,12,4.7,79,A
999000028,2018-04-22T21:47:55,28.77046,-89.23280,3.1,238.6,511.0,SYN-VESSEL-28,IMO9990028,SYN028,90,0,58,12,4.7,79,A
999000028,2018-04-22T21:52:05,28.76814,-89.23506,2.4,218.6,511.0,SYN-VESSEL-28,IMO9990028,SYN028,90,0,58,12,4.7,79,A
999000028,2018-04-22T21:54:05,28.76703,-89.23617,2.7,229.8,511.0,SYN-VESSEL-28,IMO9990028,SYN028,90,0,58,12,4.7,79,A
999000028,2018-04-22T21:41:46,28.77425,-89.22900,2.8,214.8,511.0,SYN-VESSEL-28,IMO9990028,SYN028,90,0,58,12,4.7,79,A
999000028,2018-04-22T21:46:46,28.77113,-89.23208,3.1,214.8,511.0,SYN-VESSEL-28,IMO9990028,SYN028,90,0,58,12,4.7,79,A
999000028,2018-04-22T21:43:06,28.77340,-89.22983,3.3,230.5,511.0,SYN-VESSEL-28,IMO9990028,SYN028,90,0,58,12,4.7,79,A
999000028,2018-04-22T21:38:26,28.77617,-89.22719,2.7,233.3,511.0,SYN-VESSEL-28,IMO9990028,SYN028,90,0,58,12,4.7,79,A
999000028,2018-04-22T21:44:35,28.77249,-89.23076,2.9,213.0,511.0,SYN-VESSEL-28,IMO9990028,SYN028,90,0,58,12,4.7,79,A
999000028,2018-04-22T23:57:45,28.75401,-89.23390,3.4,15.5,511.0,SYN-VESSEL-28,IMO9990028,SYN028,90,0,58,12,4.7,79,A
999000028,2018-04-22T23:55:45,28.75237,-89.23437,2.8,21.2,511.0,SYN-VESSEL-28,IMO9990028,SYN028,90,0,58,12,4.7,79,A
999000028,2018-04-22T23:54:06,28.75169,-89.23573,4.9,126.8,511.0,SYN-VESSEL-28,IMO9990028,SYN028,90,0,58,12,4.7,79,A
999000028,2018-04-22T23:49:26,28.75673,-89.23708,3.7,163.8,511.0,SYN-VESSEL-28,IMO9990028,SYN028,90,0,58,12,4.7,79,A
999000028,2018-04-22T23:46:15,28.76016,-89.23771,3.4,181.3,511.0,SYN-VESSEL-28,IMO9990028,SYN028,90,0,58,12,4.7,79,A
999000028,2018-04-22T23:42:55,28.76351,-89.23845,3.6,162.8,511.0,SYN-VESSEL-28,IMO9990028,SYN028,90,0,58,12,4.7,79,A
999000028,2018-04-22T23:44:46,28.76171,-89.23802,4.0,173.7,511.0,SYN-VESSEL-28,IMO9990028,SYN028,90,0,58,12,4.7,79,A
999000028,2018-04-22T23:48:15,28.75800,-89.23731,3.9,167.8,511.0,SYN-VESSEL-28,IMO9990028,SYN028,90,0,58,12,4.7,79,A
999000028,2018-04-22T23:40:05,28.76642,-89.23901,3.4,167.3,511.0,SYN-VESSEL-28,IMO9990028,SYN028,90,0,58,12,4.7,79,A
999000028,2018-04-22T23:41:46,28.76471,-89.23868,3.8,168.3,511.0,SYN-VESSEL-28,IMO9990028,SYN028,90,0,58,12,4.7,79,A
999000028,2018-04-22T23:37:25,28.76893,-89.23955,3.1,184.8,511.0,SYN-VESSEL-28,IMO9990028,SYN028,90,0,58,12,4.7,79,A
999000028,2018-04-22T23:38:55,28.76749,-89.23929,3.2,165.3,511.0,SYN-VESSEL-28,IMO9990028,SYN028,90,0,58,12,4.7,79,A
999000028,2018-04-22T23:34:55,28.77131,-89.23995,3.6,170.4,511.0,SYN-VESSEL-28,IMO9990028,SYN028,90,0,58,12,4.7,79,A
999000028,2018-04-22T23:31:16,28.77502,-89.24073,4.0,173.0,511.0,SYN-VESSEL-28,IMO9990028,SYN028,90,0,58,12,4.7,79,A
999000028,2018-04-22T23:30:15,28.77612,-89.24092,3.8,175.4,511.0,SYN-VESSEL-28,IMO9990028,SYN028,90,0,58,12,4.7,79,A
999000028,2018-04-22T23:29:04,28.77733,-89.24111,3.6,175.0,511.0,SYN-VESSEL-28,IMO9990028,SYN028,90,0,58,12,4.7,79,A
999000028,2018-04-22T23:25:45,28.78056,-89.24181,3.4,162.6,511.0,SYN-VESSEL-28,IMO9990028,SYN028,90,0,58,12,4.7,79,A
999000028,2018-04-22T23:27:45,28.77868,-89.24131,3.8,167.1,511.0,SYN-VESSEL-28,IMO9990028,SYN028,90,0,58,12,4.7,79,A
999000028,2018-04-22T23:23:45,28.78211,-89.24306,2.9,146.8,511.0,SYN-VESSEL-28,IMO9990028,SYN028,90,0,58,12,4.7,79,A
999000028,2018-04-22T23:19:45,28.78345,-89.24296,0.6,1.7,511.0,SYN-VESSEL-28,IMO9990028,SYN028,90,0,58,12,4.7,79,A
999000028,2018-04-22T23:21:45,28.78337,-89.24306,2.3,255.1,511.0,SYN-VESSEL-28,IMO9990028,SYN028,90,0,58,12,4.7,79,A
999000028,2018-04-22T22:35:06,28.76338,-89.23380,3.7,5.3,511.0,SYN-VESSEL-28,IMO9990028,SYN028,90,0,58,12,4.7,79,A
999000028,2018-04-22T22:39:15,28.77166,-89.23642,8.5,341.4,511.0,SYN-VESSEL-28,IMO9990028,SYN028,90,0,58,12,4.7,79,A
999000028,2018-04-22T22:41:15,28.77615,-89.23819,8.4,340.1,511.0,SYN-VESSEL-28,IMO9990028,SYN028,90,0,58,12,4.7,79,A
999000028,2018-04-22T22:42:36,28.77883,-89.23979,8.1,324.0,511.0,SYN-VESSEL-28,IMO9990028,SYN028,90,0,58,12,4.7,79,A
999000028,2018-04-22T22:25:15,28.75411,-89.23595,4.3,49.1,511.0,SYN-VESSEL-28,IMO9990028,SYN028,90,0,58,12,4.7,79,A
999000028,2018-04-22T22:26:35,28.75526,-89.23475,3.9,29.6,511.0,SYN-VESSEL-28,IMO9990028,SYN028,90,0,58,12,4.7,79,A
999000028,2018-04-22T22:29:16,28.75765,-89.23438,3.3,359.2,511.0,SYN-VESSEL-28,IMO9990028,SYN028,90,0,58,12,4.7,79,A
999000028,2018-04-22T22:32:16,28.76059,-89.23410,3.4,2.3,511.0,SYN-VESSEL-28,IMO9990028,SYN028,90,0,58,12,4.7,79,A
999000028,2018-04-22T22:33:36,28.76189,-89.23399,3.6,11.9,511.0,SYN-VESSEL-28,IMO9990028,SYN028,90,0,58,12,4.7,79,A
999000028,2018-04-22T22:16:46,28.75148,-89.24452,3.5,114.6,511.0,SYN-VESSEL-28,IMO9990028,SYN028,90,0,58,12,4.7,79,A
999000028,2018-04-22T22:17:55,28.75123,-89.24319,4.1,97.3,511.0,SYN-VESSEL-28,IMO9990028,SYN028,90,0,58,12,4.7,79,A
999000028,2018-04-22T22:13:35,28.75404,-89.24534,3.0,192.8,511.0,SYN-VESSEL-28,IMO9990028,SYN028,90,0,58,12,4.7,79,A
999000028,2018-04-22T22:14:45,28.75296,-89.24545,3.5,179.2,511.0,SYN-VESSEL-28,IMO9990028,SYN028,90,0,58,12,4.7,79,A
999000028,2018-04-22T22:22:34,28.75180,-89.23783,3.3,31.7,511.0,SYN-VESSEL-28,IMO9990028,SYN028,90,0,58,12,4.7,79,A
999000028,2018-04-22T22:24:06,28.75314,-89.23692,4.1,42.5,511.0,SYN-VESSEL-28,IMO9990028,SYN028,90,0,58,12,4.7,79,A
999000028,2018-04-22T22:20:15,28.75081,-89.24002,4.5,111.2,511.0,SYN-VESSEL-28,IMO9990028,SYN028,90,0,58,12,4.7,79,A
999000028,2018-04-22T22:19:06,28.75105,-89.24159,4.6,96.3,511.0,SYN-VESSEL-28,IMO9990028,SYN028,90,0,58,12,4.7,79,A
999000028,2018-04-22T22:21:24,28.75100,-89.23861,3.4,50.7,511.0,SYN-VESSEL-28,IMO9990028,SYN028,90,0,58,12,4.7,79,A
999000017,2018-04-22T23:59:55,29.15051,-89.25787,5.3,358.3,511.0,SYN-VESSEL-17,,SYN017,31,0,16,6,,52,A
999000017,2018-04-22T23:16:24,29.09749,-89.27822,4.1,19.7,511.0,SYN-VESSEL-17,,SYN017,31,0,16,6,,52,A
999000017,2018-04-22T23:17:54,29.09916,-89.27767,4.2,19.8,511.0,SYN-VESSEL-17,,SYN017,31,0,16,6,,52,A
999000017,2018-04-22T23:15:14,29.09628,-89.27879,4.0,21.8,511.0,SYN-VESSEL-17,,SYN017,31,0,16,6,,52,A
999000017,2018-04-22T23:10:35,29.09160,-89.28131,4.3,29.5,511.0,SYN-VESSEL-17,,SYN017,31,0,16,6,,52,A
999000017,2018-04-22T23:08:44,29.08956,-89.28254,4.5,24.7,511.0,SYN-VESSEL-17,,SYN017,31,0,16,6,,52,A
999000017,2018-04-22T23:13:23,29.09440,-89.27972,3.9,26.0,511.0,SYN-VESSEL-17,,SYN017,31,0,16,6,,52,A
999000017,2018-04-22T23:12:14,29.09326,-89.28035,3.9,25.4,511.0,SYN-VESSEL-17,,SYN017,31,0,16,6,,52,A
999000017,2018-04-22T23:06:14,29.08681,-89.28384,4.0,21.8,511.0,SYN-VESSEL-17,,SYN017,31,0,16,6,,52,A
999000017,2018-04-22T23:05:05,29.08563,-89.28441,4.0,21.3,511.0,SYN-VESSEL-17,,SYN017,31,0,16,6,,52,A
999000017,2018-04-22T23:07:35,29.08828,-89.28314,4.2,20.6,511.0,SYN-VESSEL-17,,SYN017,31,0,16,6,,52,A
999000017,2018-04-22T23:03:35,29.08401,-89.28484,3.9,13.2,511.0,SYN-VESSEL-17,,SYN017,31,0,16,6,,52,A
999000017,2018-04-22T23:02:24,29.08282,-89.28523,3.7,22.1,511.0,SYN-VESSEL-17,,SYN017,31,0,16,6,,52,A
999000017,2018-04-22T23:01:14,29.08180,-89.28593,3.8,38.4,511.0,SYN-VESSEL-17,,SYN017,31,0,16,6,,52,A
999000017,2018-04-22T23:00:04,29.08086,-89.28679,3.7,44.9,511.0,SYN-VESSEL-17,,SYN017,31,0,16,6,,52,A
999000017,2018-04-22T22:59:24,29.08039,-89.28739,3.9,53.0,511.0,SYN-VESSEL-17,,SYN017,31,0,16,6,,52,A
999000017,2018-04-22T22:58:15,29.07969,-89.28858,3.9,65.3,511.0,SYN-VESSEL-17,,SYN017,31,0,16,6,,52,A
999000017,2018-04-22T22:54:15,29.07876,-89.29098,1.7,55.6,511.0,SYN-VESSEL-17,,SYN017,31,0,16,6,,52,A
999000017,2018-04-22T22:52:24,29.07774,-89.29226,4.6,45.7,511.0,SYN-VESSEL-17,,SYN017,31,0,16,6,,52,A
999000017,2018-04-22T22:55:24,29.07899,-89.29054,1.3,59.3,511.0,SYN-VESSEL-17,,SYN017,31,0,16,6,,52,A
999000017,2018-04-22T22:46:44,29.07268,-89.29813,4.4,47.9,511.0,SYN-VESSEL-17,,SYN017,31,0,16,6,,52,A
999000017,2018-04-22T22:50:24,29.07601,-89.29441,4.6,47.7,511.0,SYN-VESSEL-17,,SYN017,31,0,16,6,,52,A
999000017,2018-04-22T23:20:23,29.10195,-89.27635,4.7,26.9,511.0,SYN-VESSEL-17,,SYN017,31,0,16,6,,52,A
999000017,2018-04-22T23:22:23,29.10421,-89.27526,4.4,26.3,511.0,SYN-VESSEL-17,,SYN017,31,0,16,6,,52,A
999000017,2018-04-22T23:24:24,29.10645,-89.27402,4.5,26.8,511.0,SYN-VESSEL-17,,SYN017,31,0,16,6,,52,A
999000017,2018-04-22T23:28:44,29.11151,-89.27141,4.8,28.4,511.0,SYN-VESSEL-17,,SYN017,31,0,16,6,,52,A
999000017,2018-04-22T23:27:24,29.10990,-89.27223,4.6,25.5,511.0,SYN-VESSEL-17,,SYN017,31,0,16,6,,52,A
999000017,2018-04-22T23:31:44,29.11502,-89.26899,4.9,30.4,511.0,SYN-VESSEL-17,,SYN017,31,0,16,6,,52,A
999000017,2018-04-22T23:33:24,29.11699,-89.26778,4.8,25.2,511.0,SYN-VESSEL-17,,SYN017,31,0,16,6,,52,A
999000017,2018-04-22T23:39:24,29.12420,-89.26461,4.4,10.9,511.0,SYN-VESSEL-17,,SYN017,31,0,16,6,,52,A
999000017,2018-04-22T23:40:54,29.12605,-89.26418,4.5,13.4,511.0,SYN-VESSEL-17,,SYN017,31,0,16,6,,52,A
999000017,2018-04-22T23:35:43,29.11981,-89.26637,4.6,24.9,511.0,SYN-VESSEL-17,,SYN017,31,0,16,6,,52,A
999000017,2018-04-22T23:34:34,29.11840,-89.26704,4.8,23.5,511.0,SYN-VESSEL-17,,SYN017,31,0,16,6,,52,A
999000017,2018-04-22T23:47:24,29.13387,-89.26155,4.8,19.7,511.0,SYN-VESSEL-17,,SYN017,31,0,16,6,,52,A
999000017,2018-04-22T23:43:43,29.12941,-89.26315,4.4,16.1,511.0,SYN-VESSEL-17,,SYN017,31,0,16,6,,52,A
999000017,2018-04-22T23:45:24,29.13136,-89.26241,4.5,17.0,511.0,SYN-VESSEL-17,,SYN017,31,0,16,6,,52,A
999000017,2018-04-22T23:50:15,29.13730,-89.26012,4.5,20.8,511.0,SYN-VESSEL-17,,SYN017,31,0,16,6,,52,A
999000017,2018-04-22T23:48:34,29.13533,-89.26095,4.6,19.2,511.0,SYN-VESSEL-17,,SYN017,31,0,16,6,,52,A
999000017,2018-04-22T23:54:34,29.14279,-89.25826,5.3,8.7,511.0,SYN-VESSEL-17,,SYN017,31,0,16,6,,52,A
999000017,2018-04-22T23:53:15,29.14097,-89.25867,4.9,17.2,511.0,SYN-VESSEL-17,,SYN017,31,0,16,6,,52,A
999000017,2018-04-22T23:56:34,29.14573,-89.25794,5.3,3.6,511.0,SYN-VESSEL-17,,SYN017,31,0,16,6,,52,A
999000017,2018-04-22T23:58:13,29.14811,-89.25782,5.0,1.1,511.0,SYN-VESSEL-17,,SYN017,31,0,16,6,,52,A
999000016,2018-04-22T23:02:35,29.08297,-89.28710,0.3,217.6,511.0,SYN-VESSEL-16,,SYN016,31,0,16,6,,52,A
999000016,2018-04-22T23:03:36,29.08295,-89.28709,0.2,224.5,511.0,SYN-VESSEL-16,,SYN016,31,0,16,6,,52,A
999000016,2018-04-22T23:01:16,29.08300,-89.28714,0.0,156.5,511.0,SYN-VESSEL-16,,SYN016,31,0,16,6,,52,A
999000016,2018-04-22T23:04:46,29.08296,-89.28710,0.1,264.8,511.0,SYN-VESSEL-16,,SYN016,31,0,16,6,,52,A
999000016,2018-04-22T23:05:55,29.08296,-89.28709,0.1,242.6,511.0,SYN-VESSEL-16,,SYN016,31,0,16,6,,52,A
999000016,2018-04-22T23:07:35,29.08298,-89.28706,0.0,288.7,511.0,SYN-VESSEL-16,,SYN016,31,0,16,6,,52,A
999000016,2018-04-22T23:13:45,29.08132,-89.28677,4.7,52.5,511.0,SYN-VESSEL-16,,SYN016,31,0,16,6,,52,A
999000016,2018-04-22T23:11:45,29.08196,-89.28773,2.6,293.4,511.0,SYN-VESSEL-16,,SYN016,31,0,16,6,,52,A
999000016,2018-04-22T23:08:45,29.08237,-89.28729,4.6,211.3,511.0,SYN-VESSEL-16,,SYN016,31,0,16,6,,52,A
999000016,2018-04-22T23:10:35,29.08179,-89.28757,0.4,4.2,511.0,SYN-VESSEL-16,,SYN016,31,0,16,6,,52,A
999000016,2018-04-22T23:00:06,29.08302,-89.28715,0.3,158.7,511.0,SYN-VESSEL-16,,SYN016,31,0,16,6,,52,A
999000016,2018-04-22T22:56:35,29.08298,-89.28712,0.1,31.4,511.0,SYN-VESSEL-16,,SYN016,31,0,16,6,,52,A
999000016,2018-04-22T22:59:26,29.08302,-89.28721,0.1,128.2,511.0,SYN-VESSEL-16,,SYN016,31,0,16,6,,52,A
999000016,2018-04-22T22:58:25,29.08305,-89.28717,0.1,321.4,511.0,SYN-VESSEL-16,,SYN016,31,0,16,6,,52,A
999000016,2018-04-22T22:50:15,29.08266,-89.28842,1.4,289.0,511.0,SYN-VESSEL-16,,SYN016,31,0,16,6,,52,A
999000016,2018-04-22T22:47:56,29.08269,-89.28846,0.1,167.6,511.0,SYN-VESSEL-16,,SYN016,31,0,16,6,,52,A
999000016,2018-04-22T22:53:35,29.08288,-89.28710,0.8,45.3,511.0,SYN-VESSEL-16,,SYN016,31,0,16,6,,52,A
999000016,2018-04-22T22:55:25,29.08292,-89.28708,0.1,28.1,511.0,SYN-VESSEL-16,,SYN016,31,0,16,6,,52,A
999000016,2018-04-22T23:14:55,29.08252,-89.28571,5.1,19.2,511.0,SYN-VESSEL-16,,SYN016,31,0,16,6,,52,A
999000016,2018-04-22T22:08:37,29.08276,-89.28845,0.1,357.2,511.0,SYN-VESSEL-16,,SYN016,31,0,16,6,,52,A
999000016,2018-04-22T22:09:46,29.08275,-89.28844,0.1,57.7,511.0,SYN-VESSEL-16,,SYN016,31,0,16,6,,52,A
999000016,2018-04-22T21:56:25,29.08277,-89.28847,0.2,2.5,511.0,SYN-VESSEL-16,,SYN016,31,0,16,6,,52,A
999000016,2018-04-22T21:54:25,29.08276,-89.28846,0.1,307.1,511.0,SYN-VESSEL-16,,SYN016,31,0,16,6,,52,A
999000016,2018-04-22T21:52:25,29.08272,-89.28843,0.1,343.8,511.0,SYN-VESSEL-16,,SYN016,31,0,16,6,,52,A
999000016,2018-04-22T21:48:16,29.08277,-89.28844,0.1,81.9,511.0,SYN-VESSEL-16,,SYN016,31,0,16,6,,52,A
999000016,2018-04-22T21:45:06,29.08275,-89.28843,0.1,52.5,511.0,SYN-VESSEL-16,,SYN016,31,0,16,6,,52,A
999000016,2018-04-22T21:46:16,29.08275,-89.28847,0.1,356.3,511.0,SYN-VESSEL-16,,SYN016,31,0,16,6,,52,A
999000016,2018-04-22T21:39:06,29.08273,-89.28843,0.1,328.7,511.0,SYN-VESSEL-16,,SYN016,31,0,16,6,,52,A
999000016,2018-04-22T21:41:06,29.08277,-89.28843,0.1,62.5,511.0,SYN-VESSEL-16,,SYN016,31,0,16,6,,52,A
999000016,2018-04-22T21:42:25,29.08274,-89.28839,0.1,65.5,511.0,SYN-VESSEL-16,,SYN016,31,0,16,6,,52,A
999000016,2018-04-22T21:59:55,29.08276,-89.28846,0.1,49.4,511.0,SYN-VESSEL-16,,SYN016,31,0,16,6,,52,A
999000016,2018-04-22T22:00:07,29.08276,-89.28844,0.1,51.0,511.0,SYN-VESSEL-16,,SYN016,31,0,16,6,,52,A
999000016,2018-04-22T21:58:46,29.08277,-89.28845,0.1,78.1,511.0,SYN-VESSEL-16,,SYN016,31,0,16,6,,52,A
999000016,2018-04-22T22:01:16,29.08278,-89.28844,0.1,69.5,511.0,SYN-VESSEL-16,,SYN016,31,0,16,6,,52,A
999000016,2018-04-22T21:57:36,29.08274,-89.28851,0.1,29.9,511.0,SYN-VESSEL-16,,SYN016,31,0,16,6,,52,A
999000016,2018-04-22T22:02:25,29.08275,-89.28847,0.2,185.5,511.0,SYN-VESSEL-16,,SYN016,31,0,16,6,,52,A
999000016,2018-04-22T22:03:35,29.08274,-89.28843,0.0,57.3,511.0,SYN-VESSEL-16,,SYN016,31,0,16,6,,52,A
999000016,2018-04-22T22:06:06,29.08271,-89.28844,0.1,355.6,511.0,SYN-VESSEL-16,,SYN016,31,0,16,6,,52,A
999000016,2018-04-22T22:04:55,29.08274,-89.28845,0.1,61.6,511.0,SYN-VESSEL-16,,SYN016,31,0,16,6,,52,A
999000016,2018-04-22T22:07:25,29.08279,-89.28846,0.2,331.3,511.0,SYN-VESSEL-16,,SYN016,31,0,16,6,,52,A
999000016,2018-04-22T20:26:46,29.08416,-89.28699,0.1,290.6,511.0,SYN-VESSEL-16,,SYN016,31,0,16,6,,52,A
999000016,2018-04-22T20:25:26,29.08413,-89.28697,0.2,267.5,511.0,SYN-VESSEL-16,,SYN016,31,0,16,6,,52,A
999000016,2018-04-22T20:28:06,29.08414,-89.28698,0.2,66.4,511.0,SYN-VESSEL-16,,SYN016,31,0,16,6,,52,A
999000016,2018-04-22T20:12:36,29.08415,-89.28696,0.0,124.4,511.0,SYN-VESSEL-16,,SYN016,31,0,16,6,,52,A
999000016,2018-04-22T20:10:56,29.08417,-89.28698,0.0,73.8,511.0,SYN-VESSEL-16,,SYN016,31,0,16,6,,52,A
999000016,2018-04-22T20:16:06,29.08420,-89.28700,0.0,285.0,511.0,SYN-VESSEL-16,,SYN016,31,0,16,6,,52,A
999000016,2018-04-22T20:13:47,29.08412,-89.28698,0.2,227.8,511.0,SYN-VESSEL-16,,SYN016,31,0,16,6,,52,A
999000016,2018-04-22T20:19:55,29.08421,-89.28697,0.1,304.6,511.0,SYN-VESSEL-16,,SYN016,31,0,16,6,,52,A
999000016,2018-04-22T20:18:25,29.08416,-89.28700,0.1,236.9,511.0,SYN-VESSEL-16,,SYN016,31,0,16,6,,52,A
999000016,2018-04-22T20:23:55,29.08411,-89.28700,0.1,289.6,511.0,SYN-VESSEL-16,,SYN016,31,0,16,6,,52,A
999000016,2018-04-22T20:21:06,29.08418,-89.28697,0.1,241.5,511.0,SYN-VESSEL-16,,SYN016,31,0,16,6,,52,A
999000016,2018-04-22T20:02:26,29.08421,-89.28704,0.1,271.6,511.0,SYN-VESSEL-16,,SYN016,31,0,16,6,,52,A
999000016,2018-04-22T20:01:15,29.08422,-89.28706,0.1,305.7,511.0,SYN-VESSEL-16,,SYN016,31,0,16,6,,52,A
999000016,2018-04-22T20:00:06,29.08425,-89.28701,0.2,10.0,511.0,SYN-VESSEL-16,,SYN016,31,0,16,6,,52,A
999000016,2018-04-22T20:06:16,29.08417,-89.28704,0.0,277.6,511.0,SYN-VESSEL-16,,SYN016,31,0,16,6,,52,A
999000016,2018-04-22T20:09:47,29.08418,-89.28700,0.1,97.3,511.0,SYN-VESSEL-16,,SYN016,31,0,16,6,,52,A
999000016,2018-04-22T20:08:36,29.08413,-89.28710,0.1,75.5,511.0,SYN-VESSEL-16,,SYN016,31,0,16,6,,52,A
999000016,2018-04-22T20:07:26,29.08417,-89.28701,0.2,353.0,511.0,SYN-VESSEL-16,,SYN016,31,0,16,6,,52,A
999000016,2018-04-22T20:03:55,29.08417,-89.28703,0.1,286.7,511.0,SYN-VESSEL-16,,SYN016,31,0,16,6,,52,A
999000016,2018-04-22T20:05:05,29.08416,-89.28702,0.2,294.9,511.0,SYN-VESSEL-16,,SYN016,31,0,16,6,,52,A
999000016,2018-04-22T18:51:36,29.08218,-89.28809,0.2,289.1,511.0,SYN-VESSEL-16,,SYN016,31,0,16,6,,52,A
999000016,2018-04-22T18:18:26,29.09747,-89.27835,0.7,106.3,511.0,SYN-VESSEL-16,,SYN016,31,0,16,6,,52,A
999000016,2018-04-22T18:20:26,29.09793,-89.27874,0.2,291.5,511.0,SYN-VESSEL-16,,SYN016,31,0,16,6,,52,A
999000016,2018-04-22T18:17:25,29.09785,-89.27823,2.0,223.1,511.0,SYN-VESSEL-16,,SYN016,31,0,16,6,,52,A
999000016,2018-04-22T18:23:56,29.09794,-89.27877,0.1,179.1,511.0,SYN-VESSEL-16,,SYN016,31,0,16,6,,52,A
999000016,2018-04-22T18:26:36,29.09802,-89.27877,0.3,21.9,511.0,SYN-VESSEL-16,,SYN016,31,0,16,6,,52,A
999000016,2018-04-22T18:22:55,29.09795,-89.27880,0.0,203.8,511.0,SYN-VESSEL-16,,SYN016,31,0,16,6,,52,A
999000016,2018-04-22T18:21:46,29.09793,-89.27880,0.4,270.8,511.0,SYN-VESSEL-16,,SYN016,31,0,16,6,,52,A
999000016,2018-04-22T18:29:25,29.09429,-89.28030,7.5,210.8,511.0,SYN-VESSEL-16,,SYN016,31,0,16,6,,52,A
999000016,2018-04-22T18:32:16,29.08873,-89.28295,7.7,203.5,511.0,SYN-VESSEL-16,,SYN016,31,0,16,6,,52,A
999000016,2018-04-22T18:28:15,29.09645,-89.27915,7.0,203.1,511.0,SYN-VESSEL-16,,SYN016,31,0,16,6,,52,A
999000016,2018-04-22T18:34:15,29.08457,-89.28484,8.2,201.3,511.0,SYN-VESSEL-16,,SYN016,31,0,16,6,,52,A
999000016,2018-04-22T18:35:25,29.08220,-89.28614,8.0,211.8,511.0,SYN-VESSEL-16,,SYN016,31,0,16,6,,52,A
999000016,2018-04-22T18:38:15,29.08120,-89.28824,0.7,345.0,511.0,SYN-VESSEL-16,,SYN016,31,0,16,6,,52,A
999000016,2018-04-22T18:36:55,29.08068,-89.28802,2.1,309.8,511.0,SYN-VESSEL-16,,SYN016,31,0,16,6,,52,A
999000016,2018-04-22T18:46:46,29.08218,-89.28808,1.4,242.5,511.0,SYN-VESSEL-16,,SYN016,31,0,16,6,,52,A
999000016,2018-04-22T18:47:55,29.08233,-89.28816,0.5,98.5,511.0,SYN-VESSEL-16,,SYN016,31,0,16,6,,52,A
999000016,2018-04-22T18:50:16,29.08214,-89.28792,1.0,209.6,511.0,SYN-VESSEL-16,,SYN016,31,0,16,6,,52,A
999000016,2018-04-22T18:41:55,29.08103,-89.28776,1.9,107.1,511.0,SYN-VESSEL-16,,SYN016,31,0,16,6,,52,A
999000016,2018-04-22T18:44:55,29.08129,-89.28817,3.7,337.5,511.0,SYN-VESSEL-16,,SYN016,31,0,16,6,,52,A
999000016,2018-04-22T18:43:36,29.08137,-89.28753,0.2,308.3,511.0,SYN-VESSEL-16,,SYN016,31,0,16,6,,52,A
999000016,2018-04-22T22:45:15,29.08268,-89.28845,0.2,126.1,511.0,SYN-VESSEL-16,,SYN016,31,0,16,6,,52,A
999000016,2018-04-22T22:20:36,29.08272,-89.28843,0.1,30.0,511.0,SYN-VESSEL-16,,SYN016,31,0,16,6,,52,A
999000016,2018-04-22T22:22:06,29.08275,-89.28843,0.1,359.3,511.0,SYN-VESSEL-16,,SYN016,31,0,16,6,,52,A
999000016,2018-04-22T22:24:15,29.08274,-89.28845,0.1,297.8,511.0,SYN-VESSEL-16,,SYN016,31,0,16,6,,52,A
999000016,2018-04-22T22:11:26,29.08271,-89.28847,0.2,59.8,511.0,SYN-VESSEL-16,,SYN016,31,0,16,6,,52,A
999000016,2018-04-22T22:16:26,29.08279,-89.28847,0.1,347.6,511.0,SYN-VESSEL-16,,SYN016,31,0,16,6,,52,A
999000016,2018-04-22T22:15:05,29.08277,-89.28846,0.1,344.3,511.0,SYN-VESSEL-16,,SYN016,31,0,16,6,,52,A
999000016,2018-04-22T22:12:37,29.08272,-89.28845,0.1,29.2,511.0,SYN-VESSEL-16,,SYN016,31,0,16,6,,52,A
999000016,2018-04-22T22:13:47,29.08274,-89.28843,0.0,355.3,511.0,SYN-VESSEL-16,,SYN016,31,0,16,6,,52,A
999000016,2018-04-22T22:18:05,29.08274,-89.28843,0.2,35.2,511.0,SYN-VESSEL-16,,SYN016,31,0,16,6,,52,A
999000016,2018-04-22T22:40:45,29.08272,-89.28844,0.1,210.6,511.0,SYN-VESSEL-16,,SYN016,31,0,16,6,,52,A
999000016,2018-04-22T22:39:36,29.08269,-89.28846,0.1,202.0,511.0,SYN-VESSEL-16,,SYN016,31,0,16,6,,52,A
999000016,2018-04-22T22:36:25,29.08276,-89.28844,0.2,265.4,511.0,SYN-VESSEL-16,,SYN016,31,0,16,6,,52,A
999000016,2018-04-22T22:37:46,29.08273,-89.28845,0.1,207.1,511.0,SYN-VESSEL-16,,SYN016,31,0,16,6,,52,A
999000016,2018-04-22T22:25:27,29.08277,-89.28844,0.1,357.8,511.0,SYN-VESSEL-16,,SYN016,31,0,16,6,,52,A
999000016,2018-04-22T22:26:37,29.08275,-89.28844,0.1,189.2,511.0,SYN-VESSEL-16,,SYN016,31,0,16,6,,52,A
999000016,2018-04-22T22:27:45,29.08276,-89.28844,0.1,201.1,511.0,SYN-VESSEL-16,,SYN016,31,0,16,6,,52,A
999000016,2018-04-22T22:30:06,29.08277,-89.28844,0.1,248.2,511.0,SYN-VESSEL-16,,SYN016,31,0,16,6,,52,A
999000016,2018-04-22T22:32:46,29.08276,-89.28842,0.1,190.6,511.0,SYN-VESSEL-16,,SYN016,31,0,16,6,,52,A
999000016,2018-04-22T22:34:16,29.08275,-89.28845,0.1,212.8,511.0,SYN-VESSEL-16,,SYN016,31,0,16,6,,52,A
999000016,2018-04-22T23:58:55,29.08257,-89.28915,0.1,353.0,511.0,SYN-VESSEL-16,,SYN016,31,0,16,6,,52,A
999000016,2018-04-22T21:04:55,29.08330,-89.28765,1.4,273.3,511.0,SYN-VESSEL-16,,SYN016,31,0,16,6,,52,A
999000016,2018-04-22T21:02:26,29.08466,-89.28614,5.6,215.4,511.0,SYN-VESSEL-16,,SYN016,31,0,16,6,,52,A
999000016,2018-04-22T20:42:55,29.08402,-89.28706,2.0,217.4,511.0,SYN-VESSEL-16,,SYN016,31,0,16,6,,52,A
999000016,2018-04-22T20:38:55,29.08416,-89.28695,0.3,59.4,511.0,SYN-VESSEL-16,,SYN016,31,0,16,6,,52,A
999000016,2018-04-22T20:47:25,29.08329,-89.28812,2.5,301.2,511.0,SYN-VESSEL-16,,SYN016,31,0,16,6,,52,A
999000016,2018-04-22T20:45:25,29.08329,-89.28738,0.3,202.8,511.0,SYN-VESSEL-16,,SYN016,31,0,16,6,,52,A
999000016,2018-04-22T20:36:46,29.08416,-89.28696,0.2,77.3,511.0,SYN-VESSEL-16,,SYN016,31,0,16,6,,52,A
999000016,2018-04-22T20:35:36,29.08416,-89.28696,0.1,47.4,511.0,SYN-VESSEL-16,,SYN016,31,0,16,6,,52,A
999000016,2018-04-22T20:29:25,29.08415,-89.28696,0.2,136.2,511.0,SYN-VESSEL-16,,SYN016,31,0,16,6,,52,A
999000016,2018-04-22T20:33:36,29.08417,-89.28696,0.2,40.7,511.0,SYN-VESSEL-16,,SYN016,31,0,16,6,,52,A
999000016,2018-04-22T20:30:55,29.08415,-89.28696,0.0,98.9,511.0,SYN-VESSEL-16,,SYN016,31,0,16,6,,52,A
999000016,2018-04-22T20:32:06,29.08415,-89.28696,0.1,81.4,511.0,SYN-VESSEL-16,,SYN016,31,0,16,6,,52,A
999000016,2018-04-22T20:49:25,29.08361,-89.28812,2.3,39.5,511.0,SYN-VESSEL-16,,SYN016,31,0,16,6,,52,A
999000016,2018-04-22T20:51:06,29.08433,-89.28694,2.9,54.8,511.0,SYN-VESSEL-16,,SYN016,31,0,16,6,,52,A
999000016,2018-04-22T20:54:25,29.08580,-89.28556,2.0,55.7,511.0,SYN-VESSEL-16,,SYN016,31,0,16,6,,52,A
999000016,2018-04-22T20:52:56,29.08523,-89.28600,2.6,53.4,511.0,SYN-VESSEL-16,,SYN016,31,0,16,6,,52,A
999000016,2018-04-22T20:59:35,29.08633,-89.28557,1.1,237.0,511.0,SYN-VESSEL-16,,SYN016,31,0,16,6,,52,A
999000016,2018-04-22T21:00:06,29.08633,-89.28555,0.2,19.2,511.0,SYN-VESSEL-16,,SYN016,31,0,16,6,,52,A
999000016,2018-04-22T21:01:07,29.08617,-89.28555,1.6,175.5,511.0,SYN-VESSEL-16,,SYN016,31,0,16,6,,52,A
999000016,2018-04-22T20:56:56,29.08625,-89.28575,0.3,207.3,511.0,SYN-VESSEL-16,,SYN016,31,0,16,6,,52,A
999000016,2018-04-22T20:58:25,29.08643,-89.28551,0.1,53.2,511.0,SYN-VESSEL-16,,SYN016,31,0,16,6,,52,A
999000016,2018-04-22T18:12:37,29.10535,-89.27373,7.7,206.4,511.0,SYN-VESSEL-16,,SYN016,31,0,16,6,,52,A
999000016,2018-04-22T18:15:05,29.10072,-89.27631,7.3,208.2,511.0,SYN-VESSEL-16,,SYN016,31,0,16,6,,52,A
999000016,2018-04-22T18:13:46,29.10316,-89.27491,7.5,204.6,511.0,SYN-VESSEL-16,,SYN016,31,0,16,6,,52,A
999000016,2018-04-22T18:04:45,29.10884,-89.27832,4.7,27.6,511.0,SYN-VESSEL-16,,SYN016,31,0,16,6,,52,A
999000016,2018-04-22T18:03:37,29.10764,-89.27896,3.6,24.0,511.0,SYN-VESSEL-16,,SYN016,31,0,16,6,,52,A
999000016,2018-04-22T18:00:06,29.10396,-89.28065,4.3,21.0,511.0,SYN-VESSEL-16,,SYN016,31,0,16,6,,52,A
999000016,2018-04-22T18:01:15,29.10523,-89.28008,4.1,22.2,511.0,SYN-VESSEL-16,,SYN016,31,0,16,6,,52,A
999000016,2018-04-22T18:02:25,29.10648,-89.27950,4.2,19.7,511.0,SYN-VESSEL-16,,SYN016,31,0,16,6,,52,A
999000016,2018-04-22T18:09:56,29.11005,-89.27199,4.6,159.4,511.0,SYN-VESSEL-16,,SYN016,31,0,16,6,,52,A
999000016,2018-04-22T18:11:25,29.10759,-89.27247,7.0,205.7,511.0,SYN-VESSEL-16,,SYN016,31,0,16,6,,52,A
999000016,2018-04-22T18:08:16,29.11103,-89.27393,5.1,94.2,511.0,SYN-VESSEL-16,,SYN016,31,0,16,6,,52,A
999000016,2018-04-22T18:05:56,29.11003,-89.27731,4.6,57.8,511.0,SYN-VESSEL-16,,SYN016,31,0,16,6,,52,A
999000016,2018-04-22T18:07:06,29.11068,-89.27575,5.0,68.5,511.0,SYN-VESSEL-16,,SYN016,31,0,16,6,,52,A
999000016,2018-04-22T23:54:57,29.08259,-89.28914,0.0,29.3,511.0,SYN-VESSEL-16,,SYN016,31,0,16,6,,52,A
999000016,2018-04-22T23:49:47,29.08258,-89.28907,0.1,77.7,511.0,SYN-VESSEL-16,,SYN016,31,0,16,6,,52,A
999000016,2018-04-22T23:56:55,29.08256,-89.28911,0.0,6.7,511.0,SYN-VESSEL-16,,SYN016,31,0,16,6,,52,A
999000016,2018-04-22T23:24:06,29.09618,-89.27952,4.9,18.5,511.0,SYN-VESSEL-16,,SYN016,31,0,16,6,,52,A
999000016,2018-04-22T23:22:56,29.09440,-89.28013,6.1,25.2,511.0,SYN-VESSEL-16,,SYN016,31,0,16,6,,52,A
999000016,2018-04-22T23:21:36,29.09234,-89.28127,6.2,27.2,511.0,SYN-VESSEL-16,,SYN016,31,0,16,6,,52,A
999000016,2018-04-22T23:35:25,29.08250,-89.28581,6.1,217.2,511.0,SYN-VESSEL-16,,SYN016,31,0,16,6,,52,A
999000016,2018-04-22T23:33:25,29.08667,-89.28378,8.9,206.2,511.0,SYN-VESSEL-16,,SYN016,31,0,16,6,,52,A
999000016,2018-04-22T23:30:25,29.09254,-89.28092,7.5,200.8,511.0,SYN-VESSEL-16,,SYN016,31,0,16,6,,52,A
999000016,2018-04-22T23:28:15,29.09676,-89.27914,7.3,200.0,511.0,SYN-VESSEL-16,,SYN016,31,0,16,6,,52,A
999000016,2018-04-22T23:44:35,29.08256,-89.28906,0.1,11.2,511.0,SYN-VESSEL-16,,SYN016,31,0,16,6,,52,A
999000016,2018-04-22T23:47:26,29.08259,-89.28911,0.1,37.9,511.0,SYN-VESSEL-16,,SYN016,31,0,16,6,,52,A
999000016,2018-04-22T23:45:46,29.08259,-89.28910,0.2,335.5,511.0,SYN-VESSEL-16,,SYN016,31,0,16,6,,52,A
999000016,2018-04-22T23:48:35,29.08258,-89.28910,0.2,69.5,511.0,SYN-VESSEL-16,,SYN016,31,0,16,6,,52,A
999000016,2018-04-22T23:41:06,29.08105,-89.28832,2.3,264.8,511.0,SYN-VESSEL-16,,SYN016,31,0,16,6,,52,A
999000016,2018-04-22T23:37:16,29.08205,-89.28654,0.3,333.8,511.0,SYN-VESSEL-16,,SYN016,31,0,16,6,,52,A
999000016,2018-04-22T19:50:46,29.08313,-89.28610,1.7,9.7,511.0,SYN-VESSEL-16,,SYN016,31,0,16,6,,52,A
999000016,2018-04-22T19:49:26,29.08282,-89.28585,0.7,144.9,511.0,SYN-VESSEL-16,,SYN016,31,0,16,6,,52,A
999000016,2018-04-22T19:47:46,29.08337,-89.28563,1.4,202.2,511.0,SYN-VESSEL-16,,SYN016,31,0,16,6,,52,A
999000016,2018-04-22T19:53:26,29.08416,-89.28711,0.2,298.5,511.0,SYN-VESSEL-16,,SYN016,31,0,16,6,,52,A
999000016,2018-04-22T19:39:56,29.08374,-89.28541,0.2,273.1,511.0,SYN-VESSEL-16,,SYN016,31,0,16,6,,52,A
999000016,2018-04-22T19:41:35,29.08376,-89.28543,0.3,265.6,511.0,SYN-VESSEL-16,,SYN016,31,0,16,6,,52,A
999000016,2018-04-22T19:42:56,29.08374,-89.28541,0.0,239.8,511.0,SYN-VESSEL-16,,SYN016,31,0,16,6,,52,A
999000016,2018-04-22T19:38:26,29.08370,-89.28537,0.1,196.2,511.0,SYN-VESSEL-16,,SYN016,31,0,16,6,,52,A
999000016,2018-04-22T19:45:56,29.08393,-89.28539,0.5,308.8,511.0,SYN-VESSEL-16,,SYN016,31,0,16,6,,52,A
999000016,2018-04-22T19:44:35,29.08376,-89.28535,0.7,112.4,511.0,SYN-VESSEL-16,,SYN016,31,0,16,6,,52,A
999000016,2018-04-22T19:36:56,29.08370,-89.28538,0.1,256.4,511.0,SYN-VESSEL-16,,SYN016,31,0,16,6,,52,A
999000016,2018-04-22T19:33:56,29.08372,-89.28536,0.2,78.0,511.0,SYN-VESSEL-16,,SYN016,31,0,16,6,,52,A
999000016,2018-04-22T19:31:06,29.08367,-89.28544,0.2,225.6,511.0,SYN-VESSEL-16,,SYN016,31,0,16,6,,52,A
999000016,2018-04-22T19:27:56,29.08368,-89.28542,0.1,118.3,511.0,SYN-VESSEL-16,,SYN016,31,0,16,6,,52,A
999000016,2018-04-22T19:24:06,29.08237,-89.28579,3.7,6.6,511.0,SYN-VESSEL-16,,SYN016,31,0,16,6,,52,A
999000016,2018-04-22T19:25:35,29.08353,-89.28541,1.9,10.3,511.0,SYN-VESSEL-16,,SYN016,31,0,16,6,,52,A
999000016,2018-04-22T19:26:45,29.08369,-89.28546,0.4,254.4,511.0,SYN-VESSEL-16,,SYN016,31,0,16,6,,52,A
999000016,2018-04-22T19:59:26,29.08420,-89.28705,0.1,240.4,511.0,SYN-VESSEL-16,,SYN016,31,0,16,6,,52,A
999000016,2018-04-22T19:57:26,29.08426,-89.28702,0.0,294.0,511.0,SYN-VESSEL-16,,SYN016,31,0,16,6,,52,A
999000016,2018-04-22T19:55:26,29.08419,-89.28708,0.1,250.9,511.0,SYN-VESSEL-16,,SYN016,31,0,16,6,,52,A
999000016,2018-04-22T18:56:05,29.08217,-89.28807,0.1,128.9,511.0,SYN-VESSEL-16,,SYN016,31,0,16,6,,52,A
999000016,2018-04-22T18:53:25,29.08216,-89.28814,0.1,140.4,511.0,SYN-VESSEL-16,,SYN016,31,0,16,6,,52,A
999000016,2018-04-22T18:57:16,29.08217,-89.28806,0.2,79.1,511.0,SYN-VESSEL-16,,SYN016,31,0,16,6,,52,A
999000016,2018-04-22T19:03:56,29.08217,-89.28803,0.2,127.4,511.0,SYN-VESSEL-16,,SYN016,31,0,16,6,,52,A
999000016,2018-04-22T19:02:46,29.08217,-89.28805,0.1,155.8,511.0,SYN-VESSEL-16,,SYN016,31,0,16,6,,52,A
999000016,2018-04-22T19:00:16,29.08217,-89.28805,0.0,148.0,511.0,SYN-VESSEL-16,,SYN016,31,0,16,6,,52,A
999000016,2018-04-22T19:01:26,29.08217,-89.28806,0.1,131.9,511.0,SYN-VESSEL-16,,SYN016,31,0,16,6,,52,A
999000016,2018-04-22T18:59:37,29.08216,-89.28805,0.0,198.7,511.0,SYN-VESSEL-16,,SYN016,31,0,16,6,,52,A
999000016,2018-04-22T18:58:26,29.08217,-89.28806,0.2,94.4,511.0,SYN-VESSEL-16,,SYN016,31,0,16,6,,52,A
999000016,2018-04-22T19:06:16,29.08235,-89.28800,1.4,168.5,511.0,SYN-VESSEL-16,,SYN016,31,0,16,6,,52,A
999000016,2018-04-22T19:05:06,29.08217,-89.28803,0.2,111.1,511.0,SYN-VESSEL-16,,SYN016,31,0,16,6,,52,A
999000016,2018-04-22T19:07:26,29.08195,-89.28786,1.4,37.1,511.0,SYN-VESSEL-16,,SYN016,31,0,16,6,,52,A
999000016,2018-04-22T19:09:06,29.08202,-89.28839,1.2,340.6,511.0,SYN-VESSEL-16,,SYN016,31,0,16,6,,52,A
999000016,2018-04-22T19:11:06,29.08191,-89.28854,1.1,169.5,511.0,SYN-VESSEL-16,,SYN016,31,0,16,6,,52,A
999000016,2018-04-22T19:12:25,29.08156,-89.28837,2.4,149.7,511.0,SYN-VESSEL-16,,SYN016,31,0,16,6,,52,A
999000016,2018-04-22T19:13:37,29.07990,-89.28780,6.1,146.0,511.0,SYN-VESSEL-16,,SYN016,31,0,16,6,,52,A
999000016,2018-04-22T19:15:15,29.07997,-89.28586,4.1,77.9,511.0,SYN-VESSEL-16,,SYN016,31,0,16,6,,52,A
999000016,2018-04-22T19:16:25,29.08062,-89.28489,2.2,50.0,511.0,SYN-VESSEL-16,,SYN016,31,0,16,6,,52,A
999000016,2018-04-22T19:18:15,29.08057,-89.28506,2.1,247.0,511.0,SYN-VESSEL-16,,SYN016,31,0,16,6,,52,A
999000016,2018-04-22T19:20:35,29.08023,-89.28519,0.4,182.8,511.0,SYN-VESSEL-16,,SYN016,31,0,16,6,,52,A
999000016,2018-04-22T19:21:45,29.08022,-89.28547,3.2,300.2,511.0,SYN-VESSEL-16,,SYN016,31,0,16,6,,52,A
999000016,2018-04-22T21:37:55,29.08272,-89.28843,0.1,342.3,511.0,SYN-VESSEL-16,,SYN016,31,0,16,6,,52,A
999000016,2018-04-22T21:36:15,29.08272,-89.28842,0.1,91.7,511.0,SYN-VESSEL-16,,SYN016,31,0,16,6,,52,A
999000016,2018-04-22T21:22:46,29.08074,-89.28760,3.1,128.9,511.0,SYN-VESSEL-16,,SYN016,31,0,16,6,,52,A
999000016,2018-04-22T21:23:57,29.08103,-89.28729,1.5,347.4,511.0,SYN-VESSEL-16,,SYN016,31,0,16,6,,52,A
999000016,2018-04-22T21:21:25,29.08170,-89.28845,1.0,168.2,511.0,SYN-VESSEL-16,,SYN016,31,0,16,6,,52,A
999000016,2018-04-22T21:19:45,29.08181,-89.28844,0.5,338.7,511.0,SYN-VESSEL-16,,SYN016,31,0,16,6,,52,A
999000016,2018-04-22T21:26:55,29.08239,-89.28844,2.8,6.3,511.0,SYN-VESSEL-16,,SYN016,31,0,16,6,,52,A
999000016,2018-04-22T21:28:46,29.08273,-89.28844,0.1,6.6,511.0,SYN-VESSEL-16,,SYN016,31,0,16,6,,52,A
999000016,2018-04-22T21:31:55,29.08274,-89.28846,0.1,318.7,511.0,SYN-VESSEL-16,,SYN016,31,0,16,6,,52,A
999000016,2018-04-22T21:30:46,29.08275,-89.28844,0.1,326.6,511.0,SYN-VESSEL-16,,SYN016,31,0,16,6,,52,A
999000016,2018-04-22T21:34:55,29.08275,-89.28843,0.0,106.3,511.0,SYN-VESSEL-16,,SYN016,31,0,16,6,,52,A
999000016,2018-04-22T21:33:25,29.08279,-89.28844,0.1,84.5,511.0,SYN-VESSEL-16,,SYN016,31,0,16,6,,52,A
999000016,2018-04-22T21:09:45,29.08335,-89.28754,1.7,342.2,511.0,SYN-VESSEL-16,,SYN016,31,0,16,6,,52,A
999000016,2018-04-22T21:11:15,29.08366,-89.28790,0.8,275.0,511.0,SYN-VESSEL-16,,SYN016,31,0,16,6,,52,A
999000016,2018-04-22T21:08:07,29.08327,-89.28784,1.2,259.8,511.0,SYN-VESSEL-16,,SYN016,31,0,16,6,,52,A
999000016,2018-04-22T21:03:36,29.08356,-89.28727,2.2,216.2,511.0,SYN-VESSEL-16,,SYN016,31,0,16,6,,52,A
999000016,2018-04-22T21:07:06,29.08341,-89.28758,1.6,287.4,511.0,SYN-VESSEL-16,,SYN016,31,0,16,6,,52,A
999000016,2018-04-22T21:06:05,29.08336,-89.28754,0.7,99.2,511.0,SYN-VESSEL-16,,SYN016,31,0,16,6,,52,A
999000016,2018-04-22T21:18:25,29.08120,-89.28822,2.6,1.7,511.0,SYN-VESSEL-16,,SYN016,31,0,16,6,,52,A
999000016,2018-04-22T21:16:55,29.08082,-89.28744,5.9,228.9,511.0,SYN-VESSEL-16,,SYN016,31,0,16,6,,52,A
999000016,2018-04-22T21:15:15,29.08320,-89.28548,5.0,169.6,511.0,SYN-VESSEL-16,,SYN016,31,0,16,6,,52,A
999000016,2018-04-22T21:12:36,29.08383,-89.28744,3.8,61.4,511.0,SYN-VESSEL-16,,SYN016,31,0,16,6,,52,A
999000016,2018-04-22T21:13:45,29.08405,-89.28647,2.1,96.8,511.0,SYN-VESSEL-16,,SYN016,31,0,16,6,,52,A
999000009,2018-04-22T23:36:45,29.07117,-89.29650,8.7,45.8,46.0,SYN-VESSEL-09,,,,0,,,,,A
999000009,2018-04-22T23:37:55,29.07314,-89.29412,8.9,46.7,47.0,SYN-VESSEL-09,,,,0,,,,,A
999000009,2018-04-22T23:39:45,29.07625,-89.29031,9.1,44.5,43.0,SYN-VESSEL-09,,,,0,,,,,A
999000009,2018-04-22T23:41:46,29.08010,-89.28642,9.3,37.4,34.0,SYN-VESSEL-09,,,,0,,,,,A
999000009,2018-04-22T23:43:15,29.08338,-89.28414,9.2,26.9,28.0,SYN-VESSEL-09,,,,0,,,,,A
999000009,2018-04-22T23:44:46,29.08701,-89.28208,9.5,26.4,28.0,SYN-VESSEL-09,,,,0,,,,,A
999000009,2018-04-22T23:46:15,29.09047,-89.27995,9.7,29.9,28.0,SYN-VESSEL-09,,,,0,,,,,A
999000009,2018-04-22T23:47:25,29.09325,-89.27823,9.7,26.6,26.0,SYN-VESSEL-09,,,,0,,,,,A
999000009,2018-04-22T23:49:15,29.09775,-89.27571,9.8,26.4,26.0,SYN-VESSEL-09,,,,0,,,,,A
999000009,2018-04-22T23:50:25,29.10067,-89.27403,10.1,26.9,26.0,SYN-VESSEL-09,,,,0,,,,,A
999000009,2018-04-22T23:52:15,29.10531,-89.27133,10.2,25.5,25.0,SYN-VESSEL-09,,,,0,,,,,A
999000009,2018-04-22T23:53:25,29.10831,-89.26973,10.1,25.6,25.0,SYN-VESSEL-09,,,,0,,,,,A
999000009,2018-04-22T23:55:15,29.11302,-89.26716,9.8,25.3,26.0,SYN-VESSEL-09,,,,0,,,,,A
999000009,2018-04-22T23:56:25,29.11581,-89.26553,9.5,26.3,21.0,SYN-VESSEL-09,,,,0,,,,,A
999000054,2018-04-22T23:58:25,29.12817,-89.26031,8.5,20.8,19.0,SYN-VESSEL-54,IMO9990054,SYN054,80,0,183,32,12.2,80,A
999000054,2018-04-22T23:59:46,29.13115,-89.25906,8.4,19.7,19.0,SYN-VESSEL-54,IMO9990054,SYN054,80,0,183,32,12.2,80,A
999000054,2018-04-22T23:28:15,29.06985,-89.29776,6.9,44.7,45.0,SYN-VESSEL-54,IMO9990054,SYN054,80,0,183,32,12.2,80,A
999000054,2018-04-22T23:27:06,29.06835,-89.29955,6.3,46.8,46.0,SYN-VESSEL-54,IMO9990054,SYN054,80,0,183,32,12.2,80,A
999000054,2018-04-22T23:30:55,29.07369,-89.29322,7.6,46.5,45.0,SYN-VESSEL-54,IMO9990054,SYN054,80,0,183,32,12.2,80,A
999000054,2018-04-22T23:32:56,29.07680,-89.28976,7.8,40.8,40.0,SYN-VESSEL-54,IMO9990054,SYN054,80,0,183,32,12.2,80,A
999000054,2018-04-22T23:34:56,29.08024,-89.28666,7.9,33.4,33.0,SYN-VESSEL-54,IMO9990054,SYN054,80,0,183,32,12.2,80,A
999000054,2018-04-22T23:42:06,29.09436,-89.27764,8.1,26.2,25.0,SYN-VESSEL-54,IMO9990054,SYN054,80,0,183,32,12.2,80,A
999000054,2018-04-22T23:40:35,29.09123,-89.27941,8.1,27.3,25.0,SYN-VESSEL-54,IMO9990054,SYN054,80,0,183,32,12.2,80,A
999000054,2018-04-22T23:36:06,29.08241,-89.28509,8.0,30.5,30.0,SYN-VESSEL-54,IMO9990054,SYN054,80,0,183,32,12.2,80,A
999000054,2018-04-22T23:39:06,29.08826,-89.28115,8.0,31.2,27.0,SYN-VESSEL-54,IMO9990054,SYN054,80,0,183,32,12.2,80,A
999000054,2018-04-22T23:51:55,29.11437,-89.26716,8.0,26.5,27.0,SYN-VESSEL-54,IMO9990054,SYN054,80,0,183,32,12.2,80,A
999000054,2018-04-22T23:50:46,29.11206,-89.26844,8.1,24.6,26.0,SYN-VESSEL-54,IMO9990054,SYN054,80,0,183,32,12.2,80,A
999000054,2018-04-22T23:47:25,29.10516,-89.27190,8.0,24.7,24.0,SYN-VESSEL-54,IMO9990054,SYN054,80,0,183,32,12.2,80,A
999000054,2018-04-22T23:48:35,29.10754,-89.27072,8.0,22.7,25.0,SYN-VESSEL-54,IMO9990054,SYN054,80,0,183,32,12.2,80,A
999000054,2018-04-22T23:43:35,29.09737,-89.27605,8.0,24.8,25.0,SYN-VESSEL-54,IMO9990054,SYN054,80,0,183,32,12.2,80,A
999000054,2018-04-22T23:45:25,29.10113,-89.27402,8.0,25.1,25.0,SYN-VESSEL-54,IMO9990054,SYN054,80,0,183,32,12.2,80,A
999000054,2018-04-22T23:56:25,29.12373,-89.26225,8.4,21.0,20.0,SYN-VESSEL-54,IMO9990054,SYN054,80,0,183,32,12.2,80,A
999000054,2018-04-22T23:53:55,29.11840,-89.26476,8.1,28.6,24.0,SYN-VESSEL-54,IMO9990054,SYN054,80,0,183,32,12.2,80,A
999000050,2018-04-22T18:30:55,29.08671,-89.28548,0.1,175.6,511.0,SYN-VESSEL-50,,SYN050,60,,,,,,B
999000050,2018-04-22T18:27:55,29.08674,-89.28549,0.4,7.3,511.0,SYN-VESSEL-50,,SYN050,60,,,,,,B
999000050,2018-04-22T18:24:55,29.08669,-89.28544,0.0,12.6,511.0,SYN-VESSEL-50,,SYN050,60,,,,,,B
999000050,2018-04-22T18:21:55,29.08668,-89.28544,0.0,12.6,511.0,SYN-VESSEL-50,,SYN050,60,,,,,,B
999000050,2018-04-22T18:18:55,29.08668,-89.28544,0.0,12.6,511.0,SYN-VESSEL-50,,SYN050,60,,,,,,B
999000050,2018-04-22T18:33:55,29.08671,-89.28548,0.0,175.6,511.0,SYN-VESSEL-50,,SYN050,60,,,,,,B
999000050,2018-04-22T18:39:55,29.08672,-89.28549,0.0,175.6,511.0,SYN-VESSEL-50,,SYN050,60,,,,,,B
999000050,2018-04-22T18:42:55,29.08671,-89.28550,0.0,175.6,511.0,SYN-VESSEL-50,,SYN050,60,,,,,,B
999000050,2018-04-22T18:45:55,29.08672,-89.28548,0.0,175.6,511.0,SYN-VESSEL-50,,SYN050,60,,,,,,B
999000050,2018-04-22T19:45:55,29.08676,-89.28553,0.0,152.2,511.0,SYN-VESSEL-50,,SYN050,60,,,,,,B
999000050,2018-04-22T19:51:55,29.08676,-89.28554,0.0,152.2,511.0,SYN-VESSEL-50,,SYN050,60,,,,,,B
999000050,2018-04-22T19:39:55,29.08675,-89.28552,0.0,152.2,511.0,SYN-VESSEL-50,,SYN050,60,,,,,,B
999000050,2018-04-22T19:36:55,29.08675,-89.28552,0.0,152.2,511.0,SYN-VESSEL-50,,SYN050,60,,,,,,B
999000050,2018-04-22T19:21:55,29.08676,-89.28554,0.1,295.5,511.0,SYN-VESSEL-50,,SYN050,60,,,,,,B
999000050,2018-04-22T19:24:55,29.08677,-89.28554,0.1,170.3,511.0,SYN-VESSEL-50,,SYN050,60,,,,,,B
999000050,2018-04-22T19:27:55,29.08674,-89.28552,0.0,152.2,511.0,SYN-VESSEL-50,,SYN050,60,,,,,,B
999000050,2018-04-22T19:30:55,29.08674,-89.28552,0.0,152.2,511.0,SYN-VESSEL-50,,SYN050,60,,,,,,B
999000050,2018-04-22T19:33:55,29.08674,-89.28552,0.0,152.2,511.0,SYN-VESSEL-50,,SYN050,60,,,,,,B
999000050,2018-04-22T19:54:55,29.08676,-89.28554,0.0,152.2,511.0,SYN-VESSEL-50,,SYN050,60,,,,,,B
999000050,2018-04-22T19:00:55,29.08670,-89.28548,0.0,175.6,511.0,SYN-VESSEL-50,,SYN050,60,,,,,,B
999000050,2018-04-22T19:03:55,29.08670,-89.28548,0.0,175.6,511.0,SYN-VESSEL-50,,SYN050,60,,,,,,B
999000050,2018-04-22T18:51:55,29.08672,-89.28548,0.0,175.6,511.0,SYN-VESSEL-50,,SYN050,60,,,,,,B
999000050,2018-04-22T18:57:55,29.08671,-89.28548,0.0,175.6,511.0,SYN-VESSEL-50,,SYN050,60,,,,,,B
999000050,2018-04-22T18:54:55,29.08671,-89.28548,0.0,175.6,511.0,SYN-VESSEL-50,,SYN050,60,,,,,,B
999000050,2018-04-22T19:09:55,29.08673,-89.28549,0.1,175.6,511.0,SYN-VESSEL-50,,SYN050,60,,,,,,B
999000050,2018-04-22T19:06:55,29.08670,-89.28548,0.0,175.6,511.0,SYN-VESSEL-50,,SYN050,60,,,,,,B
999000050,2018-04-22T19:12:55,29.08671,-89.28552,0.2,196.9,511.0,SYN-VESSEL-50,,SYN050,60,,,,,,B
999000050,2018-04-22T19:18:55,29.08672,-89.28549,0.1,196.9,511.0,SYN-VESSEL-50,,SYN050,60,,,,,,B
999000050,2018-04-22T18:12:55,29.08668,-89.28544,0.0,12.6,511.0,SYN-VESSEL-50,,SYN050,60,,,,,,B
999000050,2018-04-22T18:09:55,29.08668,-89.28543,0.0,12.6,511.0,SYN-VESSEL-50,,SYN050,60,,,,,,B
999000050,2018-04-22T18:03:55,29.08668,-89.28543,0.0,12.6,511.0,SYN-VESSEL-50,,SYN050,60,,,,,,B
999000050,2018-04-22T18:00:25,29.08666,-89.28544,0.1,139.6,511.0,SYN-VESSEL-50,,SYN050,60,,,,,,B
999000050,2018-04-22T21:03:55,29.08672,-89.28549,0.0,142.1,511.0,SYN-VESSEL-50,,SYN050,60,,,,,,B
999000050,2018-04-22T20:54:55,29.08673,-89.28548,0.0,195.7,511.0,SYN-VESSEL-50,,SYN050,60,,,,,,B
999000050,2018-04-22T20:57:55,29.08679,-89.28559,0.4,34.7,511.0,SYN-VESSEL-50,,SYN050,60,,,,,,B
999000050,2018-04-22T21:00:55,29.08679,-89.28560,0.0,234.5,511.0,SYN-VESSEL-50,,SYN050,60,,,,,,B
999000050,2018-04-22T20:48:55,29.08673,-89.28548,0.0,195.7,511.0,SYN-VESSEL-50,,SYN050,60,,,,,,B
999000050,2018-04-22T20:51:55,29.08673,-89.28548,0.0,195.7,511.0,SYN-VESSEL-50,,SYN050,60,,,,,,B
999000050,2018-04-22T20:42:55,29.08673,-89.28548,0.0,195.7,511.0,SYN-VESSEL-50,,SYN050,60,,,,,,B
999000050,2018-04-22T20:36:55,29.08677,-89.28552,0.1,171.5,511.0,SYN-VESSEL-50,,SYN050,60,,,,,,B
999000050,2018-04-22T20:30:55,29.08676,-89.28552,0.0,171.5,511.0,SYN-VESSEL-50,,SYN050,60,,,,,,B
999000050,2018-04-22T20:27:55,29.08675,-89.28555,0.4,0.8,511.0,SYN-VESSEL-50,,SYN050,60,,,,,,B
999000050,2018-04-22T20:21:55,29.08676,-89.28552,0.0,59.8,511.0,SYN-VESSEL-50,,SYN050,60,,,,,,B
999000050,2018-04-22T20:18:55,29.08676,-89.28552,0.0,59.8,511.0,SYN-VESSEL-50,,SYN050,60,,,,,,B
999000050,2018-04-22T20:15:55,29.08676,-89.28553,0.0,59.8,511.0,SYN-VESSEL-50,,SYN050,60,,,,,,B
999000050,2018-04-22T20:09:55,29.08677,-89.28555,0.0,152.2,511.0,SYN-VESSEL-50,,SYN050,60,,,,,,B
999000050,2018-04-22T20:06:55,29.08677,-89.28555,0.1,152.2,511.0,SYN-VESSEL-50,,SYN050,60,,,,,,B
999000050,2018-04-22T20:00:55,29.08676,-89.28555,0.0,152.2,511.0,SYN-VESSEL-50,,SYN050,60,,,,,,B
999000050,2018-04-22T19:57:55,29.08676,-89.28554,0.0,152.2,511.0,SYN-VESSEL-50,,SYN050,60,,,,,,B
999000050,2018-04-22T20:24:55,29.08676,-89.28552,0.1,59.8,511.0,SYN-VESSEL-50,,SYN050,60,,,,,,B
999000050,2018-04-22T21:15:55,29.08675,-89.28553,0.0,142.8,511.0,SYN-VESSEL-50,,SYN050,60,,,,,,B
999000050,2018-04-22T21:06:55,29.08672,-89.28548,0.0,142.1,511.0,SYN-VESSEL-50,,SYN050,60,,,,,,B
999000050,2018-04-22T21:18:55,29.08675,-89.28553,0.0,142.8,511.0,SYN-VESSEL-50,,SYN050,60,,,,,,B
999000050,2018-04-22T21:21:55,29.08675,-89.28553,0.0,142.8,511.0,SYN-VESSEL-50,,SYN050,60,,,,,,B
999000050,2018-04-22T21:27:55,29.08676,-89.28553,0.0,142.8,511.0,SYN-VESSEL-50,,SYN050,60,,,,,,B
999000050,2018-04-22T21:24:55,29.08676,-89.28553,0.0,142.8,511.0,SYN-VESSEL-50,,SYN050,60,,,,,,B
999000050,2018-04-22T21:30:55,29.08676,-89.28553,0.0,142.8,511.0,SYN-VESSEL-50,,SYN050,60,,,,,,B
999000050,2018-04-22T21:48:26,29.08421,-89.28458,21.5,26.8,511.0,SYN-VESSEL-50,,SYN050,60,,,,,,B
999000050,2018-04-22T21:53:26,29.10997,-89.27876,26.4,265.7,511.0,SYN-VESSEL-50,,SYN050,60,,,,,,B
999000050,2018-04-22T21:38:30,29.08677,-89.28554,2.1,232.9,511.0,SYN-VESSEL-50,,SYN050,60,,,,,,B
999000050,2018-04-22T21:36:55,29.08676,-89.28553,0.0,142.8,511.0,SYN-VESSEL-50,,SYN050,60,,,,,,B
999000050,2018-04-22T21:42:25,29.08117,-89.28803,4.3,13.1,511.0,SYN-VESSEL-50,,SYN050,60,,,,,,B
999000050,2018-04-22T21:43:56,29.08161,-89.28764,0.3,328.6,511.0,SYN-VESSEL-50,,SYN050,60,,,,,,B
999000050,2018-04-22T21:40:56,29.08130,-89.28647,7.1,217.4,511.0,SYN-VESSEL-50,,SYN050,60,,,,,,B
999000050,2018-04-22T21:54:56,29.10981,-89.29078,27.2,290.2,511.0,SYN-VESSEL-50,,SYN050,60,,,,,,B
999000061,2018-04-22T19:58:36,29.12877,-89.26032,13.3,201.0,202.0,SYN-VESSEL-61,IMO9990061,SYN061,80,0,228,32,13.7,80,A
999000061,2018-04-22T19:57:26,29.13278,-89.25858,12.9,199.0,202.0,SYN-VESSEL-61,IMO9990061,SYN061,80,0,228,32,13.7,80,A
999000061,2018-04-22T19:55:57,29.13783,-89.25687,12.8,186.0,194.0,SYN-VESSEL-61,IMO9990061,SYN061,80,0,228,32,13.7,80,A
999000061,2018-04-22T19:49:26,29.16080,-89.25547,12.2,176.0,186.0,SYN-VESSEL-61,IMO9990061,SYN061,80,0,228,32,13.7,80,A
999000061,2018-04-22T19:50:57,29.15550,-89.25560,12.5,181.0,186.0,SYN-VESSEL-61,IMO9990061,SYN061,80,0,228,32,13.7,80,A
999000061,2018-04-22T19:53:06,29.14793,-89.25620,12.6,184.0,183.0,SYN-VESSEL-61,IMO9990061,SYN061,80,0,228,32,13.7,80,A
999000061,2018-04-22T19:54:36,29.14270,-89.25652,12.7,184.0,183.0,SYN-VESSEL-61,IMO9990061,SYN061,80,0,228,32,13.7,80,A
999000061,2018-04-22T19:38:48,29.19213,-89.26900,12.7,150.0,153.0,SYN-VESSEL-61,IMO9990061,SYN061,80,0,228,32,13.7,80,A
999000061,2018-04-22T19:39:57,29.18865,-89.26678,12.0,150.0,152.0,SYN-VESSEL-61,IMO9990061,SYN061,80,0,228,32,13.7,80,A
999000061,2018-04-22T19:42:46,29.18067,-89.26193,11.0,155.0,159.0,SYN-VESSEL-61,IMO9990061,SYN061,80,0,228,32,13.7,80,A
999000061,2018-04-22T19:47:57,29.16557,-89.25635,11.3,164.0,173.0,SYN-VESSEL-61,IMO9990061,SYN061,80,0,228,32,13.7,80,A
999000061,2018-04-22T19:46:47,29.16910,-89.25737,10.9,165.0,170.0,SYN-VESSEL-61,IMO9990061,SYN061,80,0,228,32,13.7,80,A
999000061,2018-04-22T20:10:31,29.08833,-89.28207,11.4,204.0,206.0,SYN-VESSEL-61,IMO9990061,SYN061,80,0,228,32,13.7,80,A
999000061,2018-04-22T20:12:21,29.08322,-89.28485,10.9,204.0,209.0,SYN-VESSEL-61,IMO9990061,SYN061,80,0,228,32,13.7,80,A
999000061,2018-04-22T20:13:34,29.07985,-89.28703,11.4,217.0,228.0,SYN-VESSEL-61,IMO9990061,SYN061,80,0,228,32,13.7,80,A
999000061,2018-04-22T20:14:41,29.07733,-89.28988,11.9,227.0,232.0,SYN-VESSEL-61,IMO9990061,SYN061,80,0,228,32,13.7,80,A
999000061,2018-04-22T20:15:51,29.07467,-89.29337,12.5,228.0,231.0,SYN-VESSEL-61,IMO9990061,SYN061,80,0,228,32,13.7,80,A
999000061,2018-04-22T20:17:01,29.07202,-89.29693,12.9,229.0,231.0,SYN-VESSEL-61,IMO9990061,SYN061,80,0,228,32,13.7,80,A
999000061,2018-04-22T20:04:39,29.10740,-89.27077,14.0,207.0,210.0,SYN-VESSEL-61,IMO9990061,SYN061,80,0,228,32,13.7,80,A
999000061,2018-04-22T20:06:02,29.10257,-89.27370,14.0,207.0,209.0,SYN-VESSEL-61,IMO9990061,SYN061,80,0,228,32,13.7,80,A
999000061,2018-04-22T20:07:39,29.09710,-89.27693,13.1,206.0,209.0,SYN-VESSEL-61,IMO9990061,SYN061,80,0,228,32,13.7,80,A
999000061,2018-04-22T20:09:26,29.09152,-89.28027,12.1,208.0,207.0,SYN-VESSEL-61,IMO9990061,SYN061,80,0,228,32,13.7,80,A
999000061,2018-04-22T20:00:06,29.12348,-89.26262,13.6,199.0,201.0,SYN-VESSEL-61,IMO9990061,SYN061,80,0,228,32,13.7,80,A
999000061,2018-04-22T19:59:57,29.12408,-89.26237,13.6,200.0,201.0,SYN-VESSEL-61,IMO9990061,SYN061,80,0,228,32,13.7,80,A
999000061,2018-04-22T20:01:16,29.11933,-89.26445,13.7,203.0,205.0,SYN-VESSEL-61,IMO9990061,SYN061,80,0,228,32,13.7,80,A
999000061,2018-04-22T20:02:17,29.11578,-89.26622,13.9,203.0,205.0,SYN-VESSEL-61,IMO9990061,SYN061,80,0,228,32,13.7,80,A
999000061,2018-04-22T20:03:27,29.11158,-89.26840,14.0,205.0,207.0,SYN-VESSEL-61,IMO9990061,SYN061,80,0,228,32,13.7,80,A
999000053,2018-04-22T22:56:57,28.70464,-89.11641,3.6,42.5,27.0,SYN-VESSEL-53,IMO9990053,SYN053,90,0,57,14,4.1,39,A
999000053,2018-04-22T23:00:16,28.70709,-89.11374,3.7,46.9,28.0,SYN-VESSEL-53,IMO9990053,SYN053,90,0,57,14,4.1,39,A
999000053,2018-04-22T22:58:27,28.70572,-89.11523,3.7,43.9,28.0,SYN-VESSEL-53,IMO9990053,SYN053,90,0,57,14,4.1,39,A
999000053,2018-04-22T22:59:37,28.70659,-89.11428,3.6,43.2,28.0,SYN-VESSEL-53,IMO9990053,SYN053,90,0,57,14,4.1,39,A
999000053,2018-04-22T22:51:46,28.70088,-89.12058,3.5,44.2,28.0,SYN-VESSEL-53,IMO9990053,SYN053,90,0,57,14,4.1,39,A
999000053,2018-04-22T22:54:06,28.70257,-89.11875,3.6,40.6,28.0,SYN-VESSEL-53,IMO9990053,SYN053,90,0,57,14,4.1,39,A
999000053,2018-04-22T22:55:46,28.70377,-89.11740,3.6,45.0,28.0,SYN-VESSEL-53,IMO9990053,SYN053,90,0,57,14,4.1,39,A
999000053,2018-04-22T23:07:18,28.71222,-89.10810,3.6,43.0,27.0,SYN-VESSEL-53,IMO9990053,SYN053,90,0,57,14,4.1,39,A
999000053,2018-04-22T23:06:07,28.71134,-89.10907,3.7,44.9,28.0,SYN-VESSEL-53,IMO9990053,SYN053,90,0,57,14,4.1,39,A
999000053,2018-04-22T23:04:57,28.71048,-89.11000,3.6,42.4,27.0,SYN-VESSEL-53,IMO9990053,SYN053,90,0,57,14,4.1,39,A
999000053,2018-04-22T23:01:26,28.70793,-89.11278,3.6,43.8,27.0,SYN-VESSEL-53,IMO9990053,SYN053,90,0,57,14,4.1,39,A
999000053,2018-04-22T23:02:27,28.70866,-89.11202,3.6,42.1,28.0,SYN-VESSEL-53,IMO9990053,SYN053,90,0,57,14,4.1,39,A
999000053,2018-04-22T23:03:46,28.70963,-89.11092,3.6,42.4,28.0,SYN-VESSEL-53,IMO9990053,SYN053,90,0,57,14,4.1,39,A
999000053,2018-04-22T23:09:44,28.71411,-89.10631,3.3,17.0,351.0,SYN-VESSEL-53,IMO9990053,SYN053,90,0,57,14,4.1,39,A
999000053,2018-04-22T23:08:27,28.71307,-89.10719,3.7,44.2,28.0,SYN-VESSEL-53,IMO9990053,SYN053,90,0,57,14,4.1,39,A
999000053,2018-04-22T23:16:26,28.70927,-89.10962,3.8,210.2,224.0,SYN-VESSEL-53,IMO9990053,SYN053,90,0,57,14,4.1,39,A
999000053,2018-04-22T21:48:07,28.70724,-89.13079,5.0,62.7,61.0,SYN-VESSEL-53,IMO9990053,SYN053,90,0,57,14,4.1,39,A
999000053,2018-04-22T21:49:34,28.70677,-89.12987,1.7,169.6,218.0,SYN-VESSEL-53,IMO9990053,SYN053,90,0,57,14,4.1,39,A
999000053,2018-04-22T21:55:07,28.70187,-89.13222,4.3,205.0,217.0,SYN-VESSEL-53,IMO9990053,SYN053,90,0,57,14,4.1,39,A
999000053,2018-04-22T21:40:28,28.70038,-89.14051,5.1,50.1,43.0,SYN-VESSEL-53,IMO9990053,SYN053,90,0,57,14,4.1,39,A
999000053,2018-04-22T21:46:37,28.70597,-89.13266,5.1,50.8,43.0,SYN-VESSEL-53,IMO9990053,SYN053,90,0,57,14,4.1,39,A
999000053,2018-04-22T21:45:06,28.70461,-89.13460,5.2,51.0,44.0,SYN-VESSEL-53,IMO9990053,SYN053,90,0,57,14,4.1,39,A
999000033,2018-04-22T23:58:08,29.08133,-89.28783,0.6,139.0,232.0,SYN-VESSEL-33,,SYN033,90,0,56,14,,33,A
999000033,2018-04-22T23:59:18,29.08118,-89.28767,0.8,123.1,216.0,SYN-VESSEL-33,,SYN033,90,0,56,14,,33,A
999000033,2018-04-22T18:19:59,29.08152,-89.28765,0.4,311.5,228.0,SYN-VESSEL-33,,SYN033,90,0,56,14,,33,A
999000033,2018-04-22T18:18:19,29.08138,-89.28745,0.4,295.1,212.0,SYN-VESSEL-33,,SYN033,90,0,56,14,,33,A
999000033,2018-04-22T18:16:59,29.08135,-89.28740,0.0,266.6,207.0,SYN-VESSEL-33,,SYN033,90,0,56,14,,33,A
999000033,2018-04-22T18:24:48,29.08147,-89.28762,0.4,134.6,224.0,SYN-VESSEL-33,,SYN033,90,0,56,14,,33,A
999000033,2018-04-22T18:23:39,29.08148,-89.28762,0.4,144.3,224.0,SYN-VESSEL-33,,SYN033,90,0,56,14,,33,A
999000033,2018-04-22T18:22:19,29.08167,-89.28778,0.6,133.2,241.0,SYN-VESSEL-33,,SYN033,90,0,56,14,,33,A
999000033,2018-04-22T18:21:09,29.08162,-89.28772,0.4,326.5,236.0,SYN-VESSEL-33,,SYN033,90,0,56,14,,33,A
999000033,2018-04-22T18:25:58,29.08147,-89.28762,0.0,157.3,223.0,SYN-VESSEL-33,,SYN033,90,0,56,14,,33,A
999000033,2018-04-22T18:29:28,29.08147,-89.28760,0.0,317.3,223.0,SYN-VESSEL-33,,SYN033,90,0,56,14,,33,A
999000033,2018-04-22T18:28:18,29.08147,-89.28760,0.0,302.6,223.0,SYN-VESSEL-33,,SYN033,90,0,56,14,,33,A
999000033,2018-04-22T18:30:38,29.08147,-89.28760,0.0,289.7,223.0,SYN-VESSEL-33,,SYN033,90,0,56,14,,33,A
999000033,2018-04-22T18:27:09,29.08147,-89.28760,0.0,331.6,223.0,SYN-VESSEL-33,,SYN033,90,0,56,14,,33,A
999000033,2018-04-22T18:40:39,29.08145,-89.28760,0.0,217.4,222.0,SYN-VESSEL-33,,SYN033,90,0,56,14,,33,A
999000033,2018-04-22T18:39:07,29.08145,-89.28760,0.0,226.2,222.0,SYN-VESSEL-33,,SYN033,90,0,56,14,,33,A
999000033,2018-04-22T18:31:48,29.08147,-89.28760,0.0,247.0,223.0,SYN-VESSEL-33,,SYN033,90,0,56,14,,33,A
999000033,2018-04-22T18:35:28,29.08147,-89.28760,0.0,123.5,222.0,SYN-VESSEL-33,,SYN033,90,0,56,14,,33,A
999000033,2018-04-22T18:50:17,29.08143,-89.28755,0.4,134.0,219.0,SYN-VESSEL-33,,SYN033,90,0,56,14,,33,A
999000033,2018-04-22T18:42:07,29.08147,-89.28760,0.0,254.5,222.0,SYN-VESSEL-33,,SYN033,90,0,56,14,,33,A
999000033,2018-04-22T18:45:57,29.08147,-89.28760,0.0,272.2,223.0,SYN-VESSEL-33,,SYN033,90,0,56,14,,33,A
999000033,2018-04-22T18:47:27,29.08145,-89.28760,0.0,287.3,222.0,SYN-VESSEL-33,,SYN033,90,0,56,14,,33,A
999000033,2018-04-22T18:48:57,29.08145,-89.28760,0.0,234.7,221.0,SYN-VESSEL-33,,SYN033,90,0,56,14,,33,A
999000033,2018-04-22T21:39:08,29.08108,-89.28708,0.6,268.8,181.0,SYN-VESSEL-33,,SYN033,90,0,56,14,,33,A
999000033,2018-04-22T21:42:47,29.08123,-89.28758,0.6,298.4,214.0,SYN-VESSEL-33,,SYN033,90,0,56,14,,33,A
999000033,2018-04-22T21:37:59,29.08110,-89.28708,0.4,90.4,180.0,SYN-VESSEL-33,,SYN033,90,0,56,14,,33,A
999000033,2018-04-22T21:34:59,29.08118,-89.28747,0.6,116.4,205.0,SYN-VESSEL-33,,SYN033,90,0,56,14,,33,A
999000033,2018-04-22T21:46:47,29.08147,-89.28783,0.4,327.5,237.0,SYN-VESSEL-33,,SYN033,90,0,56,14,,33,A
999000033,2018-04-22T21:51:08,29.08130,-89.28770,0.6,311.1,223.0,SYN-VESSEL-33,,SYN033,90,0,56,14,,33,A
999000033,2018-04-22T21:48:47,29.08143,-89.28783,0.4,144.5,234.0,SYN-VESSEL-33,,SYN033,90,0,56,14,,33,A
999000033,2018-04-22T22:00:09,29.08153,-89.28790,0.0,58.3,242.0,SYN-VESSEL-33,,SYN033,90,0,56,14,,33,A
999000033,2018-04-22T22:02:27,29.08133,-89.28772,0.4,129.1,225.0,SYN-VESSEL-33,,SYN033,90,0,56,14,,33,A
999000033,2018-04-22T22:01:17,29.08145,-89.28783,0.4,142.0,235.0,SYN-VESSEL-33,,SYN033,90,0,56,14,,33,A
999000033,2018-04-22T21:53:57,29.08152,-89.28788,0.0,8.9,242.0,SYN-VESSEL-33,,SYN033,90,0,56,14,,33,A
999000033,2018-04-22T21:55:07,29.08152,-89.28790,0.0,88.0,242.0,SYN-VESSEL-33,,SYN033,90,0,56,14,,33,A
999000033,2018-04-22T21:58:38,29.08152,-89.28790,0.0,315.6,242.0,SYN-VESSEL-33,,SYN033,90,0,56,14,,33,A
999000033,2018-04-22T21:57:07,29.08152,-89.28790,0.0,137.1,242.0,SYN-VESSEL-33,,SYN033,90,0,56,14,,33,A
999000033,2018-04-22T21:59:48,29.08152,-89.28790,0.0,52.7,242.0,SYN-VESSEL-33,,SYN033,90,0,56,14,,33,A
999000033,2018-04-22T22:08:58,29.08107,-89.28712,0.4,286.3,183.0,SYN-VESSEL-33,,SYN033,90,0,56,14,,33,A
999000033,2018-04-22T22:10:08,29.08108,-89.28727,0.4,279.9,192.0,SYN-VESSEL-33,,SYN033,90,0,56,14,,33,A
999000033,2018-04-22T22:06:17,29.08108,-89.28723,0.8,98.2,189.0,SYN-VESSEL-33,,SYN033,90,0,56,14,,33,A
999000033,2018-04-22T22:07:48,29.08107,-89.28700,0.0,83.6,175.0,SYN-VESSEL-33,,SYN033,90,0,56,14,,33,A
999000033,2018-04-22T22:04:48,29.08115,-89.28745,0.4,111.1,204.0,SYN-VESSEL-33,,SYN033,90,0,56,14,,33,A
999000033,2018-04-22T22:03:38,29.08122,-89.28760,0.6,119.7,214.0,SYN-VESSEL-33,,SYN033,90,0,56,14,,33,A
999000033,2018-04-22T23:04:38,29.08138,-89.28782,0.0,206.0,232.0,SYN-VESSEL-33,,SYN033,90,0,56,14,,33,A
999000033,2018-04-22T23:06:08,29.08138,-89.28782,0.0,112.2,232.0,SYN-VESSEL-33,,SYN033,90,0,56,14,,33,A
999000033,2018-04-22T23:08:38,29.08140,-89.28782,0.0,68.5,232.0,SYN-VESSEL-33,,SYN033,90,0,56,14,,33,A
999000033,2018-04-22T23:07:18,29.08138,-89.28782,0.0,348.8,232.0,SYN-VESSEL-33,,SYN033,90,0,56,14,,33,A
999000033,2018-04-22T23:01:18,29.08138,-89.28782,0.0,316.5,232.0,SYN-VESSEL-33,,SYN033,90,0,56,14,,33,A
999000033,2018-04-22T23:00:08,29.08138,-89.28782,0.0,184.3,230.0,SYN-VESSEL-33,,SYN033,90,0,56,14,,33,A
999000033,2018-04-22T23:03:27,29.08138,-89.28782,0.0,113.9,232.0,SYN-VESSEL-33,,SYN033,90,0,56,14,,33,A
999000033,2018-04-22T23:02:19,29.08140,-89.28782,0.0,99.1,233.0,SYN-VESSEL-33,,SYN033,90,0,56,14,,33,A
999000033,2018-04-22T22:48:19,29.08138,-89.28780,0.0,110.3,231.0,SYN-VESSEL-33,,SYN033,90,0,56,14,,33,A
999000033,2018-04-22T22:49:27,29.08138,-89.28780,0.0,49.0,231.0,SYN-VESSEL-33,,SYN033,90,0,56,14,,33,A
999000033,2018-04-22T22:52:48,29.08138,-89.28780,0.0,69.5,231.0,SYN-VESSEL-33,,SYN033,90,0,56,14,,33,A
999000033,2018-04-22T22:54:48,29.08138,-89.28782,0.0,78.0,232.0,SYN-VESSEL-33,,SYN033,90,0,56,14,,33,A
999000033,2018-04-22T22:57:48,29.08138,-89.28782,0.0,179.4,231.0,SYN-VESSEL-33,,SYN033,90,0,56,14,,33,A
999000033,2018-04-22T22:56:27,29.08138,-89.28780,0.0,218.0,231.0,SYN-VESSEL-33,,SYN033,90,0,56,14,,33,A
999000033,2018-04-22T22:59:08,29.08138,-89.28780,0.0,234.9,231.0,SYN-VESSEL-33,,SYN033,90,0,56,14,,33,A
999000033,2018-04-22T23:10:58,29.08150,-89.28790,0.4,136.7,241.0,SYN-VESSEL-33,,SYN033,90,0,56,14,,33,A
999000033,2018-04-22T23:09:47,29.08143,-89.28783,0.4,325.8,236.0,SYN-VESSEL-33,,SYN033,90,0,56,14,,33,A
999000033,2018-04-22T23:12:19,29.08132,-89.28775,0.6,129.7,225.0,SYN-VESSEL-33,,SYN033,90,0,56,14,,33,A
999000033,2018-04-22T23:15:47,29.08105,-89.28717,0.6,96.7,184.0,SYN-VESSEL-33,,SYN033,90,0,56,14,,33,A
999000033,2018-04-22T23:14:38,29.08110,-89.28738,0.6,105.8,197.0,SYN-VESSEL-33,,SYN033,90,0,56,14,,33,A
999000033,2018-04-22T23:13:27,29.08118,-89.28758,0.8,123.3,211.0,SYN-VESSEL-33,,SYN033,90,0,56,14,,33,A
999000033,2018-04-22T23:17:38,29.08105,-89.28718,0.8,272.8,185.0,SYN-VESSEL-33,,SYN033,90,0,56,14,,33,A
999000033,2018-04-22T18:00:09,29.08128,-89.28715,0.6,282.5,193.0,SYN-VESSEL-33,,SYN033,90,0,56,14,,33,A
999000033,2018-04-22T18:01:18,29.08135,-89.28737,0.6,296.0,205.0,SYN-VESSEL-33,,SYN033,90,0,56,14,,33,A
999000033,2018-04-22T18:04:48,29.08167,-89.28773,0.2,324.2,238.0,SYN-VESSEL-33,,SYN033,90,0,56,14,,33,A
999000033,2018-04-22T18:03:39,29.08155,-89.28765,0.4,317.8,229.0,SYN-VESSEL-33,,SYN033,90,0,56,14,,33,A
999000033,2018-04-22T18:02:28,29.08143,-89.28752,0.6,309.3,217.0,SYN-VESSEL-33,,SYN033,90,0,56,14,,33,A
999000033,2018-04-22T18:09:28,29.08128,-89.28718,0.4,96.4,194.0,SYN-VESSEL-33,,SYN033,90,0,56,14,,33,A
999000033,2018-04-22T18:08:19,29.08135,-89.28738,0.8,118.3,206.0,SYN-VESSEL-33,,SYN033,90,0,56,14,,33,A
999000033,2018-04-22T18:05:58,29.08162,-89.28773,0.8,144.4,234.0,SYN-VESSEL-33,,SYN033,90,0,56,14,,33,A
999000033,2018-04-22T18:07:08,29.08147,-89.28757,0.6,131.9,220.0,SYN-VESSEL-33,,SYN033,90,0,56,14,,33,A
999000033,2018-04-22T18:12:09,29.08125,-89.28687,0.4,108.6,174.0,SYN-VESSEL-33,,SYN033,90,0,56,14,,33,A
999000033,2018-04-22T18:10:39,29.08127,-89.28705,0.2,253.1,187.0,SYN-VESSEL-33,,SYN033,90,0,56,14,,33,A
999000033,2018-04-22T18:13:19,29.08125,-89.28702,0.6,269.9,184.0,SYN-VESSEL-33,,SYN033,90,0,56,14,,33,A
999000033,2018-04-22T18:14:59,29.08132,-89.28735,0.6,306.7,204.0,SYN-VESSEL-33,,SYN033,90,0,56,14,,33,A
999000033,2018-04-22T19:13:18,29.08132,-89.28740,0.6,120.7,206.0,SYN-VESSEL-33,,SYN033,90,0,56,14,,33,A
999000033,2018-04-22T19:11:48,29.08143,-89.28758,0.6,128.6,221.0,SYN-VESSEL-33,,SYN033,90,0,56,14,,33,A
999000033,2018-04-22T19:09:29,29.08167,-89.28778,0.0,250.7,241.0,SYN-VESSEL-33,,SYN033,90,0,56,14,,33,A
999000033,2018-04-22T19:10:37,29.08158,-89.28775,0.4,143.4,235.0,SYN-VESSEL-33,,SYN033,90,0,56,14,,33,A
999000033,2018-04-22T19:08:27,29.08167,-89.28778,0.0,174.9,241.0,SYN-VESSEL-33,,SYN033,90,0,56,14,,33,A
999000033,2018-04-22T19:07:19,29.08167,-89.28778,0.0,40.8,242.0,SYN-VESSEL-33,,SYN033,90,0,56,14,,33,A
999000033,2018-04-22T19:05:58,29.08167,-89.28780,0.0,69.1,241.0,SYN-VESSEL-33,,SYN033,90,0,56,14,,33,A
999000033,2018-04-22T19:04:48,29.08167,-89.28778,0.0,95.5,241.0,SYN-VESSEL-33,,SYN033,90,0,56,14,,33,A
999000033,2018-04-22T19:03:37,29.08157,-89.28772,0.4,334.7,234.0,SYN-VESSEL-33,,SYN033,90,0,56,14,,33,A
999000033,2018-04-22T19:02:27,29.08145,-89.28762,0.6,308.0,224.0,SYN-VESSEL-33,,SYN033,90,0,56,14,,33,A
999000033,2018-04-22T18:54:49,29.08125,-89.28708,0.4,95.6,186.0,SYN-VESSEL-33,,SYN033,90,0,56,14,,33,A
999000033,2018-04-22T18:56:57,29.08122,-89.28693,0.4,274.7,177.0,SYN-VESSEL-33,,SYN033,90,0,56,14,,33,A
999000033,2018-04-22T19:00:07,29.08130,-89.28737,0.4,294.6,204.0,SYN-VESSEL-33,,SYN033,90,0,56,14,,33,A
999000033,2018-04-22T19:01:18,29.08137,-89.28750,0.4,309.5,214.0,SYN-VESSEL-33,,SYN033,90,0,56,14,,33,A
999000033,2018-04-22T18:58:57,29.08125,-89.28723,0.4,283.2,195.0,SYN-VESSEL-33,,SYN033,90,0,56,14,,33,A
999000033,2018-04-22T19:22:07,29.08120,-89.28703,0.4,284.4,185.0,SYN-VESSEL-33,,SYN033,90,0,56,14,,33,A
999000033,2018-04-22T19:20:18,29.08122,-89.28687,0.0,102.3,174.0,SYN-VESSEL-33,,SYN033,90,0,56,14,,33,A
999000033,2018-04-22T19:18:38,29.08122,-89.28688,0.0,303.0,174.0,SYN-VESSEL-33,,SYN033,90,0,56,14,,33,A
999000033,2018-04-22T19:17:18,29.08122,-89.28688,0.0,276.3,174.0,SYN-VESSEL-33,,SYN033,90,0,56,14,,33,A
999000033,2018-04-22T19:15:38,29.08120,-89.28703,0.6,93.9,182.0,SYN-VESSEL-33,,SYN033,90,0,56,14,,33,A
999000033,2018-04-22T19:14:27,29.08123,-89.28722,0.6,108.9,194.0,SYN-VESSEL-33,,SYN033,90,0,56,14,,33,A
999000033,2018-04-22T19:45:38,29.08157,-89.28777,0.4,333.9,238.0,SYN-VESSEL-33,,SYN033,90,0,56,14,,33,A
999000033,2018-04-22T19:43:07,29.08133,-89.28755,0.6,304.7,216.0,SYN-VESSEL-33,,SYN033,90,0,56,14,,33,A
999000033,2018-04-22T19:48:19,29.08143,-89.28767,0.4,138.5,225.0,SYN-VESSEL-33,,SYN033,90,0,56,14,,33,A
999000033,2018-04-22T19:49:38,29.08130,-89.28752,0.6,123.9,213.0,SYN-VESSEL-33,,SYN033,90,0,56,14,,33,A
999000033,2018-04-22T19:37:08,29.08122,-89.28723,0.4,102.1,193.0,SYN-VESSEL-33,,SYN033,90,0,56,14,,33,A
999000033,2018-04-22T19:34:58,29.08130,-89.28743,0.0,223.6,208.0,SYN-VESSEL-33,,SYN033,90,0,56,14,,33,A
999000033,2018-04-22T19:38:39,29.08120,-89.28697,0.4,87.1,178.0,SYN-VESSEL-33,,SYN033,90,0,56,14,,33,A
999000033,2018-04-22T19:40:38,29.08120,-89.28715,0.6,277.2,190.0,SYN-VESSEL-33,,SYN033,90,0,56,14,,33,A
999000033,2018-04-22T19:23:18,29.08123,-89.28723,0.4,289.3,196.0,SYN-VESSEL-33,,SYN033,90,0,56,14,,33,A
999000033,2018-04-22T19:24:58,29.08130,-89.28743,0.4,297.5,208.0,SYN-VESSEL-33,,SYN033,90,0,56,14,,33,A
999000033,2018-04-22T19:27:47,29.08150,-89.28770,0.4,320.8,230.0,SYN-VESSEL-33,,SYN033,90,0,56,14,,33,A
999000033,2018-04-22T19:31:08,29.08152,-89.28772,0.6,138.7,230.0,SYN-VESSEL-33,,SYN033,90,0,56,14,,33,A
999000033,2018-04-22T19:26:18,29.08140,-89.28758,0.6,311.1,220.0,SYN-VESSEL-33,,SYN033,90,0,56,14,,33,A
999000033,2018-04-22T19:29:47,29.08163,-89.28780,0.4,334.0,241.0,SYN-VESSEL-33,,SYN033,90,0,56,14,,33,A
999000033,2018-04-22T19:53:38,29.08117,-89.28695,0.4,268.7,178.0,SYN-VESSEL-33,,SYN033,90,0,56,14,,33,A
999000033,2018-04-22T19:58:18,29.08130,-89.28752,0.2,298.4,212.0,SYN-VESSEL-33,,SYN033,90,0,56,14,,33,A
999000033,2018-04-22T19:55:08,29.08117,-89.28717,0.6,282.2,190.0,SYN-VESSEL-33,,SYN033,90,0,56,14,,33,A
999000033,2018-04-22T19:59:27,29.08135,-89.28758,0.4,306.0,218.0,SYN-VESSEL-33,,SYN033,90,0,56,14,,33,A
999000033,2018-04-22T20:24:28,29.08138,-89.28767,0.2,319.6,223.0,SYN-VESSEL-33,,SYN033,90,0,56,14,,33,A
999000033,2018-04-22T20:21:08,29.08118,-89.28732,0.8,283.1,198.0,SYN-VESSEL-33,,SYN033,90,0,56,14,,33,A
999000033,2018-04-22T20:23:19,29.08133,-89.28760,0.4,315.6,218.0,SYN-VESSEL-33,,SYN033,90,0,56,14,,33,A
999000033,2018-04-22T20:29:58,29.08158,-89.28783,0.0,153.9,241.0,SYN-VESSEL-33,,SYN033,90,0,56,14,,33,A
999000033,2018-04-22T20:27:28,29.08153,-89.28780,0.2,323.4,238.0,SYN-VESSEL-33,,SYN033,90,0,56,14,,33,A
999000033,2018-04-22T20:28:39,29.08160,-89.28785,0.2,154.7,242.0,SYN-VESSEL-33,,SYN033,90,0,56,14,,33,A
999000033,2018-04-22T20:17:58,29.08117,-89.28698,0.4,87.6,177.0,SYN-VESSEL-33,,SYN033,90,0,56,14,,33,A
999000033,2018-04-22T20:19:08,29.08115,-89.28703,0.6,270.5,179.0,SYN-VESSEL-33,,SYN033,90,0,56,14,,33,A
999000033,2018-04-22T20:16:19,29.08117,-89.28718,0.2,102.8,189.0,SYN-VESSEL-33,,SYN033,90,0,56,14,,33,A
999000033,2018-04-22T20:14:58,29.08122,-89.28737,0.6,115.0,200.0,SYN-VESSEL-33,,SYN033,90,0,56,14,,33,A
999000033,2018-04-22T20:09:19,29.08118,-89.28725,0.0,95.1,195.0,SYN-VESSEL-33,,SYN033,90,0,56,14,,33,A
999000033,2018-04-22T20:10:28,29.08122,-89.28735,0.4,288.7,202.0,SYN-VESSEL-33,,SYN033,90,0,56,14,,33,A
999000033,2018-04-22T20:12:19,29.08127,-89.28747,0.0,217.2,208.0,SYN-VESSEL-33,,SYN033,90,0,56,14,,33,A
999000033,2018-04-22T20:13:39,29.08127,-89.28747,0.0,278.0,208.0,SYN-VESSEL-33,,SYN033,90,0,56,14,,33,A
999000033,2018-04-22T20:01:18,29.08147,-89.28772,0.2,348.7,229.0,SYN-VESSEL-33,,SYN033,90,0,56,14,,33,A
999000033,2018-04-22T20:02:27,29.08153,-89.28778,0.4,322.7,236.0,SYN-VESSEL-33,,SYN033,90,0,56,14,,33,A
999000033,2018-04-22T20:00:08,29.08138,-89.28763,0.2,312.8,222.0,SYN-VESSEL-33,,SYN033,90,0,56,14,,33,A
999000033,2018-04-22T20:03:39,29.08158,-89.28783,0.4,139.0,239.0,SYN-VESSEL-33,,SYN033,90,0,56,14,,33,A
999000033,2018-04-22T20:05:08,29.08140,-89.28768,0.6,131.1,224.0,SYN-VESSEL-33,,SYN033,90,0,56,14,,33,A
999000033,2018-04-22T20:06:18,29.08130,-89.28752,0.8,123.9,212.0,SYN-VESSEL-33,,SYN033,90,0,56,14,,33,A
999000033,2018-04-22T20:07:58,29.08122,-89.28735,0.4,110.3,200.0,SYN-VESSEL-33,,SYN033,90,0,56,14,,33,A
999000033,2018-04-22T23:50:39,29.08105,-89.28735,0.6,283.1,196.0,SYN-VESSEL-33,,SYN033,90,0,56,14,,33,A
999000033,2018-04-22T23:49:27,29.08102,-89.28715,0.6,272.7,183.0,SYN-VESSEL-33,,SYN033,90,0,56,14,,33,A
999000033,2018-04-22T23:48:09,29.08103,-89.28712,0.6,89.3,180.0,SYN-VESSEL-33,,SYN033,90,0,56,14,,33,A
999000033,2018-04-22T23:53:09,29.08107,-89.28743,0.2,298.0,200.0,SYN-VESSEL-33,,SYN033,90,0,56,14,,33,A
999000033,2018-04-22T23:54:48,29.08120,-89.28767,0.6,305.7,217.0,SYN-VESSEL-33,,SYN033,90,0,56,14,,33,A
999000033,2018-04-22T23:26:57,29.08143,-89.28790,0.2,291.5,239.0,SYN-VESSEL-33,,SYN033,90,0,56,14,,33,A
999000033,2018-04-22T23:25:47,29.08143,-89.28790,0.0,148.7,239.0,SYN-VESSEL-33,,SYN033,90,0,56,14,,33,A
999000033,2018-04-22T23:28:18,29.08143,-89.28788,0.0,298.5,239.0,SYN-VESSEL-33,,SYN033,90,0,56,14,,33,A
999000033,2018-04-22T23:29:28,29.08143,-89.28788,0.0,177.8,238.0,SYN-VESSEL-33,,SYN033,90,0,56,14,,33,A
999000033,2018-04-22T23:31:38,29.08145,-89.28787,0.0,181.4,239.0,SYN-VESSEL-33,,SYN033,90,0,56,14,,33,A
999000033,2018-04-22T23:20:59,29.08123,-89.28770,0.4,316.0,220.0,SYN-VESSEL-33,,SYN033,90,0,56,14,,33,A
999000033,2018-04-22T23:19:09,29.08112,-89.28745,0.4,296.6,203.0,SYN-VESSEL-33,,SYN033,90,0,56,14,,33,A
999000033,2018-04-22T23:24:38,29.08145,-89.28790,0.0,80.0,239.0,SYN-VESSEL-33,,SYN033,90,0,56,14,,33,A
999000033,2018-04-22T23:22:07,29.08135,-89.28782,0.6,317.6,231.0,SYN-VESSEL-33,,SYN033,90,0,56,14,,33,A
999000033,2018-04-22T23:39:57,29.08145,-89.28790,0.0,200.1,239.0,SYN-VESSEL-33,,SYN033,90,0,56,14,,33,A
999000033,2018-04-22T23:44:07,29.08128,-89.28777,0.4,131.8,224.0,SYN-VESSEL-33,,SYN033,90,0,56,14,,33,A
999000033,2018-04-22T23:36:07,29.08145,-89.28790,0.0,139.6,239.0,SYN-VESSEL-33,,SYN033,90,0,56,14,,33,A
999000033,2018-04-22T23:37:37,29.08143,-89.28790,0.0,309.1,238.0,SYN-VESSEL-33,,SYN033,90,0,56,14,,33,A
999000033,2018-04-22T23:34:37,29.08143,-89.28788,0.0,8.1,239.0,SYN-VESSEL-33,,SYN033,90,0,56,14,,33,A
999000033,2018-04-22T23:33:07,29.08143,-89.28788,0.0,118.8,239.0,SYN-VESSEL-33,,SYN033,90,0,56,14,,33,A
999000033,2018-04-22T22:14:48,29.08143,-89.28785,0.6,332.8,236.0,SYN-VESSEL-33,,SYN033,90,0,56,14,,33,A
999000033,2018-04-22T22:12:28,29.08120,-89.28758,0.4,310.6,212.0,SYN-VESSEL-33,,SYN033,90,0,56,14,,33,A
999000033,2018-04-22T22:13:37,29.08130,-89.28773,0.6,312.6,224.0,SYN-VESSEL-33,,SYN033,90,0,56,14,,33,A
999000033,2018-04-22T22:11:19,29.08113,-89.28743,0.4,296.8,203.0,SYN-VESSEL-33,,SYN033,90,0,56,14,,33,A
999000033,2018-04-22T22:21:38,29.08135,-89.28777,0.0,3.6,228.0,SYN-VESSEL-33,,SYN033,90,0,56,14,,33,A
999000033,2018-04-22T22:19:27,29.08135,-89.28777,0.0,36.3,228.0,SYN-VESSEL-33,,SYN033,90,0,56,14,,33,A
999000033,2018-04-22T22:18:19,29.08135,-89.28777,0.0,62.1,228.0,SYN-VESSEL-33,,SYN033,90,0,56,14,,33,A
999000033,2018-04-22T22:15:59,29.08147,-89.28788,0.6,149.2,239.0,SYN-VESSEL-33,,SYN033,90,0,56,14,,33,A
999000033,2018-04-22T22:17:08,29.08138,-89.28782,0.4,135.9,231.0,SYN-VESSEL-33,,SYN033,90,0,56,14,,33,A
999000033,2018-04-22T22:34:37,29.08115,-89.28752,0.0,42.1,207.0,SYN-VESSEL-33,,SYN033,90,0,56,14,,33,A
999000033,2018-04-22T22:30:49,29.08105,-89.28707,0.6,275.3,180.0,SYN-VESSEL-33,,SYN033,90,0,56,14,,33,A
999000033,2018-04-22T22:27:29,29.08113,-89.28745,0.6,111.7,203.0,SYN-VESSEL-33,,SYN033,90,0,56,14,,33,A
999000033,2018-04-22T22:23:58,29.08135,-89.28775,0.0,48.4,228.0,SYN-VESSEL-33,,SYN033,90,0,56,14,,33,A
999000033,2018-04-22T22:22:48,29.08135,-89.28778,0.0,102.9,228.0,SYN-VESSEL-33,,SYN033,90,0,56,14,,33,A
999000033,2018-04-22T22:26:18,29.08123,-89.28762,0.6,120.7,214.0,SYN-VESSEL-33,,SYN033,90,0,56,14,,33,A
999000033,2018-04-22T22:25:07,29.08132,-89.28773,0.4,106.8,225.0,SYN-VESSEL-33,,SYN033,90,0,56,14,,33,A
999000033,2018-04-22T22:38:07,29.08137,-89.28778,0.4,321.9,230.0,SYN-VESSEL-33,,SYN033,90,0,56,14,,33,A
999000033,2018-04-22T22:41:38,29.08138,-89.28778,0.0,83.7,231.0,SYN-VESSEL-33,,SYN033,90,0,56,14,,33,A
999000033,2018-04-22T22:35:48,29.08115,-89.28752,0.0,158.0,207.0,SYN-VESSEL-33,,SYN033,90,0,56,14,,33,A
999000033,2018-04-22T22:36:58,29.08122,-89.28760,0.8,305.2,215.0,SYN-VESSEL-33,,SYN033,90,0,56,14,,33,A
999000033,2018-04-22T22:45:27,29.08138,-89.28780,0.0,125.5,231.0,SYN-VESSEL-33,,SYN033,90,0,56,14,,33,A
999000033,2018-04-22T20:48:58,29.08158,-89.28783,0.0,247.7,241.0,SYN-VESSEL-33,,SYN033,90,0,56,14,,33,A
999000033,2018-04-22T20:50:27,29.08158,-89.28785,0.0,71.9,241.0,SYN-VESSEL-33,,SYN033,90,0,56,14,,33,A
999000033,2018-04-22T20:47:48,29.08158,-89.28783,0.0,269.0,241.0,SYN-VESSEL-33,,SYN033,90,0,56,14,,33,A
999000033,2018-04-22T20:44:28,29.08160,-89.28783,0.0,197.6,241.0,SYN-VESSEL-33,,SYN033,90,0,56,14,,33,A
999000033,2018-04-22T20:52:27,29.08158,-89.28783,0.0,220.7,241.0,SYN-VESSEL-33,,SYN033,90,0,56,14,,33,A
999000033,2018-04-22T20:55:48,29.08152,-89.28780,0.6,155.2,236.0,SYN-VESSEL-33,,SYN033,90,0,56,14,,33,A
999000033,2018-04-22T20:58:39,29.08132,-89.28758,0.2,125.6,216.0,SYN-VESSEL-33,,SYN033,90,0,56,14,,33,A
999000033,2018-04-22T20:57:28,29.08137,-89.28767,0.4,128.7,223.0,SYN-VESSEL-33,,SYN033,90,0,56,14,,33,A
999000033,2018-04-22T20:40:27,29.08157,-89.28783,0.0,213.4,241.0,SYN-VESSEL-33,,SYN033,90,0,56,14,,33,A
999000033,2018-04-22T20:38:27,29.08158,-89.28783,0.0,356.1,242.0,SYN-VESSEL-33,,SYN033,90,0,56,14,,33,A
999000033,2018-04-22T20:36:58,29.08160,-89.28783,0.0,298.4,242.0,SYN-VESSEL-33,,SYN033,90,0,56,14,,33,A
999000033,2018-04-22T20:41:28,29.08158,-89.28783,0.0,299.6,241.0,SYN-VESSEL-33,,SYN033,90,0,56,14,,33,A
999000033,2018-04-22T20:31:18,29.08157,-89.28783,0.0,121.0,241.0,SYN-VESSEL-33,,SYN033,90,0,56,14,,33,A
999000033,2018-04-22T20:33:07,29.08158,-89.28783,0.0,266.1,241.0,SYN-VESSEL-33,,SYN033,90,0,56,14,,33,A
999000033,2018-04-22T21:00:08,29.08127,-89.28750,0.2,118.8,210.0,SYN-VESSEL-33,,SYN033,90,0,56,14,,33,A
999000033,2018-04-22T20:59:58,29.08127,-89.28752,0.2,116.3,210.0,SYN-VESSEL-33,,SYN033,90,0,56,14,,33,A
999000033,2018-04-22T21:02:28,29.08117,-89.28722,0.4,101.1,191.0,SYN-VESSEL-33,,SYN033,90,0,56,14,,33,A
999000033,2018-04-22T21:01:18,29.08122,-89.28738,0.4,106.8,202.0,SYN-VESSEL-33,,SYN033,90,0,56,14,,33,A
999000033,2018-04-22T21:03:29,29.08115,-89.28707,0.4,87.5,181.0,SYN-VESSEL-33,,SYN033,90,0,56,14,,33,A
999000033,2018-04-22T21:28:48,29.08135,-89.28770,0.4,316.2,225.0,SYN-VESSEL-33,,SYN033,90,0,56,14,,33,A
999000033,2018-04-22T21:30:48,29.08155,-89.28787,0.4,333.0,242.0,SYN-VESSEL-33,,SYN033,90,0,56,14,,33,A
999000033,2018-04-22T21:33:48,29.08127,-89.28763,0.6,123.8,217.0,SYN-VESSEL-33,,SYN033,90,0,56,14,,33,A
999000033,2018-04-22T21:21:58,29.08112,-89.28708,0.6,276.2,182.0,SYN-VESSEL-33,,SYN033,90,0,56,14,,33,A
999000033,2018-04-22T21:25:48,29.08122,-89.28750,0.0,54.0,209.0,SYN-VESSEL-33,,SYN033,90,0,56,14,,33,A
999000033,2018-04-22T21:23:08,29.08113,-89.28728,0.6,282.9,195.0,SYN-VESSEL-33,,SYN033,90,0,56,14,,33,A
999000033,2018-04-22T21:26:58,29.08122,-89.28750,0.0,93.8,209.0,SYN-VESSEL-33,,SYN033,90,0,56,14,,33,A
999000033,2018-04-22T21:14:58,29.08150,-89.28782,0.4,142.0,234.0,SYN-VESSEL-33,,SYN033,90,0,56,14,,33,A
999000033,2018-04-22T21:16:17,29.08133,-89.28765,0.6,134.1,220.0,SYN-VESSEL-33,,SYN033,90,0,56,14,,33,A
999000033,2018-04-22T21:20:19,29.08112,-89.28707,0.6,88.5,181.0,SYN-VESSEL-33,,SYN033,90,0,56,14,,33,A
999000033,2018-04-22T21:18:37,29.08117,-89.28735,0.6,107.1,198.0,SYN-VESSEL-33,,SYN033,90,0,56,14,,33,A
999000033,2018-04-22T21:17:29,29.08125,-89.28752,0.4,114.6,210.0,SYN-VESSEL-33,,SYN033,90,0,56,14,,33,A
999000033,2018-04-22T21:11:58,29.08142,-89.28775,0.4,320.7,228.0,SYN-VESSEL-33,,SYN033,90,0,56,14,,33,A
999000033,2018-04-22T21:10:39,29.08133,-89.28763,0.4,313.8,219.0,SYN-VESSEL-33,,SYN033,90,0,56,14,,33,A
999000033,2018-04-22T21:13:17,29.08152,-89.28783,0.4,329.3,238.0,SYN-VESSEL-33,,SYN033,90,0,56,14,,33,A
999000033,2018-04-22T21:04:38,29.08115,-89.28693,0.4,177.7,173.0,SYN-VESSEL-33,,SYN033,90,0,56,14,,33,A
999000033,2018-04-22T21:06:09,29.08113,-89.28712,0.6,274.0,185.0,SYN-VESSEL-33,,SYN033,90,0,56,14,,33,A
999000033,2018-04-22T21:07:18,29.08117,-89.28728,0.4,283.3,195.0,SYN-VESSEL-33,,SYN033,90,0,56,14,,33,A
999000033,2018-04-22T21:08:58,29.08123,-89.28748,0.4,296.1,208.0,SYN-VESSEL-33,,SYN033,90,0,56,14,,33,A
999000027,2018-04-22T21:03:37,28.74259,-88.82557,0.0,268.5,511.0,SYN-VESSEL-27,,SYN027,90,3,,,,90,A
999000027,2018-04-22T21:02:18,28.74238,-88.82547,0.0,264.1,511.0,SYN-VESSEL-27,,SYN027,90,3,,,,90,A
999000027,2018-04-22T20:58:27,28.74244,-88.82548,0.0,270.6,511.0,SYN-VESSEL-27,,SYN027,90,3,,,,90,A
999000027,2018-04-22T20:54:39,28.74244,-88.82544,0.0,270.2,511.0,SYN-VESSEL-27,,SYN027,90,3,,,,90,A
999000027,2018-04-22T21:00:27,28.74239,-88.82547,0.0,272.1,511.0,SYN-VESSEL-27,,SYN027,90,3,,,,90,A
999000027,2018-04-22T20:56:59,28.74244,-88.82551,0.0,275.7,511.0,SYN-VESSEL-27,,SYN027,90,3,,,,90,A
999000027,2018-04-22T20:59:37,28.74238,-88.82545,0.0,270.4,511.0,SYN-VESSEL-27,,SYN027,90,3,,,,90,A
999000027,2018-04-22T20:53:27,28.74244,-88.82544,0.1,276.7,511.0,SYN-VESSEL-27,,SYN027,90,3,,,,90,A
999000027,2018-04-22T20:48:27,28.74251,-88.82551,0.0,309.4,511.0,SYN-VESSEL-27,,SYN027,90,3,,,,90,A
999000027,2018-04-22T20:46:57,28.74249,-88.82547,0.0,308.0,511.0,SYN-VESSEL-27,,SYN027,90,3,,,,90,A
999000027,2018-04-22T20:45:28,28.74252,-88.82548,0.0,311.5,511.0,SYN-VESSEL-27,,SYN027,90,3,,,,90,A
999000027,2018-04-22T20:39:17,28.74249,-88.82548,0.1,307.6,511.0,SYN-VESSEL-27,,SYN027,90,3,,,,90,A
999000027,2018-04-22T20:35:37,28.74250,-88.82551,0.0,313.2,511.0,SYN-VESSEL-27,,SYN027,90,3,,,,90,A
999000027,2018-04-22T20:41:07,28.74255,-88.82546,0.1,306.0,511.0,SYN-VESSEL-27,,SYN027,90,3,,,,90,A
999000027,2018-04-22T20:42:17,28.74255,-88.82542,0.0,301.8,511.0,SYN-VESSEL-27,,SYN027,90,3,,,,90,A
999000027,2018-04-22T20:34:27,28.74256,-88.82554,0.0,306.9,511.0,SYN-VESSEL-27,,SYN027,90,3,,,,90,A
999000027,2018-04-22T20:27:17,28.74247,-88.82549,0.0,293.4,511.0,SYN-VESSEL-27,,SYN027,90,3,,,,90,A
999000027,2018-04-22T20:29:17,28.74250,-88.82551,0.0,290.5,511.0,SYN-VESSEL-27,,SYN027,90,3,,,,90,A
999000027,2018-04-22T20:32:08,28.74248,-88.82552,0.0,304.1,511.0,SYN-VESSEL-27,,SYN027,90,3,,,,90,A
999000027,2018-04-22T20:33:18,28.74251,-88.82549,0.1,306.5,511.0,SYN-VESSEL-27,,SYN027,90,3,,,,90,A
999000027,2018-04-22T18:47:47,28.74251,-88.82561,0.0,238.0,511.0,SYN-VESSEL-27,,SYN027,90,3,,,,90,A
999000027,2018-04-22T18:43:47,28.74254,-88.82566,0.0,239.9,511.0,SYN-VESSEL-27,,SYN027,90,3,,,,90,A
999000027,2018-04-22T18:49:28,28.74244,-88.82552,0.0,250.2,511.0,SYN-VESSEL-27,,SYN027,90,3,,,,90,A
999000027,2018-04-22T18:42:38,28.74252,-88.82553,0.0,246.2,511.0,SYN-VESSEL-27,,SYN027,90,3,,,,90,A
999000027,2018-04-22T18:35:58,28.74257,-88.82565,0.1,237.5,511.0,SYN-VESSEL-27,,SYN027,90,3,,,,90,A
999000027,2018-04-22T18:39:38,28.74249,-88.82562,0.1,251.5,511.0,SYN-VESSEL-27,,SYN027,90,3,,,,90,A
999000027,2018-04-22T18:41:17,28.74250,-88.82551,0.1,253.2,511.0,SYN-VESSEL-27,,SYN027,90,3,,,,90,A
999000027,2018-04-22T18:34:57,28.74251,-88.82563,0.0,233.9,511.0,SYN-VESSEL-27,,SYN027,90,3,,,,90,A
999000027,2018-04-22T18:33:38,28.74249,-88.82552,0.0,235.1,511.0,SYN-VESSEL-27,,SYN027,90,3,,,,90,A
999000027,2018-04-22T18:25:58,28.74250,-88.82554,0.1,241.4,511.0,SYN-VESSEL-27,,SYN027,90,3,,,,90,A
999000027,2018-04-22T18:23:28,28.74253,-88.82556,0.0,227.0,511.0,SYN-VESSEL-27,,SYN027,90,3,,,,90,A
999000027,2018-04-22T18:29:57,28.74253,-88.82557,0.1,249.6,511.0,SYN-VESSEL-27,,SYN027,90,3,,,,90,A
999000027,2018-04-22T18:28:47,28.74251,-88.82555,0.0,246.8,511.0,SYN-VESSEL-27,,SYN027,90,3,,,,90,A
999000027,2018-04-22T18:24:47,28.74248,-88.82550,0.0,233.3,511.0,SYN-VESSEL-27,,SYN027,90,3,,,,90,A
999000027,2018-04-22T18:16:37,28.74255,-88.82554,0.1,227.0,511.0,SYN-VESSEL-27,,SYN027,90,3,,,,90,A
999000027,2018-04-22T18:15:18,28.74251,-88.82557,0.0,231.6,511.0,SYN-VESSEL-27,,SYN027,90,3,,,,90,A
999000027,2018-04-22T18:18:18,28.74259,-88.82548,0.1,210.8,511.0,SYN-VESSEL-27,,SYN027,90,3,,,,90,A
999000027,2018-04-22T18:20:17,28.74253,-88.82551,0.0,223.9,511.0,SYN-VESSEL-27,,SYN027,90,3,,,,90,A
999000027,2018-04-22T18:22:17,28.74251,-88.82556,0.0,237.1,511.0,SYN-VESSEL-27,,SYN027,90,3,,,,90,A
999000027,2018-04-22T18:52:47,28.74250,-88.82559,0.0,227.8,511.0,SYN-VESSEL-27,,SYN027,90,3,,,,90,A
999000027,2018-04-22T18:51:28,28.74254,-88.82557,0.0,241.5,511.0,SYN-VESSEL-27,,SYN027,90,3,,,,90,A
999000027,2018-04-22T23:59:18,28.74239,-88.82552,0.1,303.9,511.0,SYN-VESSEL-27,,SYN027,90,3,,,,90,A
999000027,2018-04-22T23:57:47,28.74244,-88.82554,0.0,299.8,511.0,SYN-VESSEL-27,,SYN027,90,3,,,,90,A
999000027,2018-04-22T19:20:57,28.74255,-88.82561,0.0,232.8,511.0,SYN-VESSEL-27,,SYN027,90,3,,,,90,A
999000027,2018-04-22T19:11:17,28.74255,-88.82560,0.0,222.1,511.0,SYN-VESSEL-27,,SYN027,90,3,,,,90,A
999000027,2018-04-22T19:10:08,28.74259,-88.82559,0.0,211.0,511.0,SYN-VESSEL-27,,SYN027,90,3,,,,90,A
999000027,2018-04-22T19:05:57,28.74251,-88.82555,0.0,238.9,511.0,SYN-VESSEL-27,,SYN027,90,3,,,,90,A
999000027,2018-04-22T19:08:27,28.74257,-88.82563,0.0,227.3,511.0,SYN-VESSEL-27,,SYN027,90,3,,,,90,A
999000027,2018-04-22T19:07:08,28.74252,-88.82560,0.0,222.2,511.0,SYN-VESSEL-27,,SYN027,90,3,,,,90,A
999000027,2018-04-22T19:12:58,28.74258,-88.82561,0.1,230.1,511.0,SYN-VESSEL-27,,SYN027,90,3,,,,90,A
999000027,2018-04-22T19:14:38,28.74253,-88.82559,0.0,222.3,511.0,SYN-VESSEL-27,,SYN027,90,3,,,,90,A
999000027,2018-04-22T19:18:37,28.74253,-88.82555,0.0,226.8,511.0,SYN-VESSEL-27,,SYN027,90,3,,,,90,A
999000027,2018-04-22T19:15:48,28.74248,-88.82557,0.1,225.9,511.0,SYN-VESSEL-27,,SYN027,90,3,,,,90,A
999000027,2018-04-22T19:17:27,28.74252,-88.82561,0.0,228.9,511.0,SYN-VESSEL-27,,SYN027,90,3,,,,90,A
999000027,2018-04-22T18:54:47,28.74249,-88.82560,0.0,234.9,511.0,SYN-VESSEL-27,,SYN027,90,3,,,,90,A
999000027,2018-04-22T18:57:18,28.74258,-88.82559,0.0,243.2,511.0,SYN-VESSEL-27,,SYN027,90,3,,,,90,A
999000027,2018-04-22T18:55:57,28.74248,-88.82556,0.0,246.7,511.0,SYN-VESSEL-27,,SYN027,90,3,,,,90,A
999000027,2018-04-22T19:00:18,28.74254,-88.82557,0.0,237.9,511.0,SYN-VESSEL-27,,SYN027,90,3,,,,90,A
999000027,2018-04-22T19:01:37,28.74258,-88.82560,0.0,230.0,511.0,SYN-VESSEL-27,,SYN027,90,3,,,,90,A
999000027,2018-04-22T18:59:38,28.74254,-88.82563,0.0,237.1,511.0,SYN-VESSEL-27,,SYN027,90,3,,,,90,A
999000027,2018-04-22T18:58:27,28.74252,-88.82560,0.1,241.2,511.0,SYN-VESSEL-27,,SYN027,90,3,,,,90,A
999000027,2018-04-22T19:04:47,28.74258,-88.82555,0.0,227.3,511.0,SYN-VESSEL-27,,SYN027,90,3,,,,90,A
999000027,2018-04-22T19:02:57,28.74254,-88.82564,0.0,233.3,511.0,SYN-VESSEL-27,,SYN027,90,3,,,,90,A
999000027,2018-04-22T23:23:17,28.74244,-88.82551,0.1,312.5,511.0,SYN-VESSEL-27,,SYN027,90,3,,,,90,A
999000027,2018-04-22T23:20:27,28.74244,-88.82556,0.1,302.9,511.0,SYN-VESSEL-27,,SYN027,90,3,,,,90,A
999000027,2018-04-22T23:18:39,28.74243,-88.82555,0.1,284.9,511.0,SYN-VESSEL-27,,SYN027,90,3,,,,90,A
999000027,2018-04-22T23:17:18,28.74237,-88.82546,0.0,271.0,511.0,SYN-VESSEL-27,,SYN027,90,3,,,,90,A
999000027,2018-04-22T23:28:59,28.74249,-88.82549,0.1,324.5,511.0,SYN-VESSEL-27,,SYN027,90,3,,,,90,A
999000027,2018-04-22T23:25:38,28.74246,-88.82550,0.0,321.1,511.0,SYN-VESSEL-27,,SYN027,90,3,,,,90,A
999000027,2018-04-22T23:34:48,28.74242,-88.82544,0.0,329.2,511.0,SYN-VESSEL-27,,SYN027,90,3,,,,90,A
999000027,2018-04-22T23:32:48,28.74245,-88.82539,0.0,323.2,511.0,SYN-VESSEL-27,,SYN027,90,3,,,,90,A
999000027,2018-04-22T23:36:18,28.74241,-88.82541,0.0,333.3,511.0,SYN-VESSEL-27,,SYN027,90,3,,,,90,A
999000027,2018-04-22T23:37:28,28.74248,-88.82549,0.1,324.3,511.0,SYN-VESSEL-27,,SYN027,90,3,,,,90,A
999000027,2018-04-22T23:38:57,28.74248,-88.82547,0.0,307.9,511.0,SYN-VESSEL-27,,SYN027,90,3,,,,90,A
999000027,2018-04-22T23:42:17,28.74245,-88.82554,0.1,328.3,511.0,SYN-VESSEL-27,,SYN027,90,3,,,,90,A
999000027,2018-04-22T23:51:37,28.74242,-88.82549,0.0,311.4,511.0,SYN-VESSEL-27,,SYN027,90,3,,,,90,A
999000027,2018-04-22T23:43:37,28.74242,-88.82546,0.1,320.2,511.0,SYN-VESSEL-27,,SYN027,90,3,,,,90,A
999000027,2018-04-22T23:56:37,28.74253,-88.82552,0.1,309.5,511.0,SYN-VESSEL-27,,SYN027,90,3,,,,90,A
999000027,2018-04-22T18:12:47,28.74257,-88.82558,0.0,225.5,511.0,SYN-VESSEL-27,,SYN027,90,3,,,,90,A
999000027,2018-04-22T18:13:57,28.74257,-88.82558,0.0,229.7,511.0,SYN-VESSEL-27,,SYN027,90,3,,,,90,A
999000027,2018-04-22T18:11:27,28.74256,-88.82558,0.0,203.0,511.0,SYN-VESSEL-27,,SYN027,90,3,,,,90,A
999000027,2018-04-22T18:09:57,28.74255,-88.82557,0.1,212.5,511.0,SYN-VESSEL-27,,SYN027,90,3,,,,90,A
999000027,2018-04-22T18:08:48,28.74255,-88.82555,0.1,231.2,511.0,SYN-VESSEL-27,,SYN027,90,3,,,,90,A
999000027,2018-04-22T18:07:38,28.74251,-88.82554,0.0,206.0,511.0,SYN-VESSEL-27,,SYN027,90,3,,,,90,A
999000027,2018-04-22T18:01:17,28.74254,-88.82553,0.1,197.6,511.0,SYN-VESSEL-27,,SYN027,90,3,,,,90,A
999000027,2018-04-22T18:02:28,28.74254,-88.82552,0.1,202.6,511.0,SYN-VESSEL-27,,SYN027,90,3,,,,90,A
999000027,2018-04-22T18:00:07,28.74250,-88.82549,0.1,113.5,511.0,SYN-VESSEL-27,,SYN027,90,3,,,,90,A
999000027,2018-04-22T18:04:57,28.74254,-88.82553,0.1,221.1,511.0,SYN-VESSEL-27,,SYN027,90,3,,,,90,A
999000027,2018-04-22T18:06:08,28.74247,-88.82551,0.0,240.4,511.0,SYN-VESSEL-27,,SYN027,90,3,,,,90,A
999000027,2018-04-22T18:03:48,28.74254,-88.82552,0.0,198.7,511.0,SYN-VESSEL-27,,SYN027,90,3,,,,90,A
999000027,2018-04-22T20:25:58,28.74248,-88.82547,0.0,293.9,511.0,SYN-VESSEL-27,,SYN027,90,3,,,,90,A
999000027,2018-04-22T20:20:19,28.74250,-88.82546,0.0,290.7,511.0,SYN-VESSEL-27,,SYN027,90,3,,,,90,A
999000027,2018-04-22T20:19:08,28.74252,-88.82546,0.0,301.4,511.0,SYN-VESSEL-27,,SYN027,90,3,,,,90,A
999000027,2018-04-22T20:22:49,28.74247,-88.82552,0.0,283.3,511.0,SYN-VESSEL-27,,SYN027,90,3,,,,90,A
999000027,2018-04-22T20:21:48,28.74253,-88.82547,0.0,284.7,511.0,SYN-VESSEL-27,,SYN027,90,3,,,,90,A
999000027,2018-04-22T20:10:18,28.74252,-88.82548,0.0,277.1,511.0,SYN-VESSEL-27,,SYN027,90,3,,,,90,A
999000027,2018-04-22T20:11:28,28.74248,-88.82547,0.0,282.6,511.0,SYN-VESSEL-27,,SYN027,90,3,,,,90,A
999000027,2018-04-22T20:14:38,28.74248,-88.82559,0.1,303.4,511.0,SYN-VESSEL-27,,SYN027,90,3,,,,90,A
999000027,2018-04-22T20:08:18,28.74248,-88.82549,0.1,281.7,511.0,SYN-VESSEL-27,,SYN027,90,3,,,,90,A
999000027,2018-04-22T20:06:58,28.74251,-88.82544,0.0,280.9,511.0,SYN-VESSEL-27,,SYN027,90,3,,,,90,A
999000027,2018-04-22T20:05:57,28.74247,-88.82539,0.1,271.3,511.0,SYN-VESSEL-27,,SYN027,90,3,,,,90,A
999000027,2018-04-22T20:00:37,28.74244,-88.82551,0.0,252.0,511.0,SYN-VESSEL-27,,SYN027,90,3,,,,90,A
999000027,2018-04-22T20:03:28,28.74234,-88.82565,0.0,263.6,511.0,SYN-VESSEL-27,,SYN027,90,3,,,,90,A
999000027,2018-04-22T20:02:08,28.74245,-88.82551,0.0,264.7,511.0,SYN-VESSEL-27,,SYN027,90,3,,,,90,A
999000027,2018-04-22T19:59:48,28.74246,-88.82554,0.0,258.5,511.0,SYN-VESSEL-27,,SYN027,90,3,,,,90,A
999000027,2018-04-22T22:23:08,28.74261,-88.82559,0.1,247.9,511.0,SYN-VESSEL-27,,SYN027,90,3,,,,90,A
999000027,2018-04-22T22:21:37,28.74255,-88.82562,0.1,246.7,511.0,SYN-VESSEL-27,,SYN027,90,3,,,,90,A
999000027,2018-04-22T22:17:58,28.74253,-88.82561,0.0,221.1,511.0,SYN-VESSEL-27,,SYN027,90,3,,,,90,A
999000027,2018-04-22T22:20:28,28.74253,-88.82562,0.0,240.6,511.0,SYN-VESSEL-27,,SYN027,90,3,,,,90,A
999000027,2018-04-22T22:14:28,28.74247,-88.82562,0.0,214.3,511.0,SYN-VESSEL-27,,SYN027,90,3,,,,90,A
999000027,2018-04-22T22:16:28,28.74250,-88.82561,0.0,221.3,511.0,SYN-VESSEL-27,,SYN027,90,3,,,,90,A
999000027,2018-04-22T22:11:17,28.74251,-88.82554,0.0,233.7,511.0,SYN-VESSEL-27,,SYN027,90,3,,,,90,A
999000027,2018-04-22T22:13:17,28.74252,-88.82567,0.1,231.2,511.0,SYN-VESSEL-27,,SYN027,90,3,,,,90,A
999000027,2018-04-22T22:39:38,28.74249,-88.82547,0.1,209.3,511.0,SYN-VESSEL-27,,SYN027,90,3,,,,90,A
999000027,2018-04-22T22:41:27,28.74252,-88.82548,0.1,200.1,511.0,SYN-VESSEL-27,,SYN027,90,3,,,,90,A
999000027,2018-04-22T22:43:38,28.74254,-88.82548,0.0,208.9,511.0,SYN-VESSEL-27,,SYN027,90,3,,,,90,A
999000027,2018-04-22T22:36:18,28.74243,-88.82547,0.0,233.4,511.0,SYN-VESSEL-27,,SYN027,90,3,,,,90,A
999000027,2018-04-22T22:33:18,28.74247,-88.82548,0.0,201.1,511.0,SYN-VESSEL-27,,SYN027,90,3,,,,90,A
999000027,2018-04-22T22:29:38,28.74250,-88.82552,0.0,225.6,511.0,SYN-VESSEL-27,,SYN027,90,3,,,,90,A
999000027,2018-04-22T22:30:58,28.74256,-88.82554,0.1,218.4,511.0,SYN-VESSEL-27,,SYN027,90,3,,,,90,A
999000027,2018-04-22T22:27:58,28.74254,-88.82555,0.1,251.1,511.0,SYN-VESSEL-27,,SYN027,90,3,,,,90,A
999000027,2018-04-22T22:26:38,28.74254,-88.82554,0.0,234.8,511.0,SYN-VESSEL-27,,SYN027,90,3,,,,90,A
999000027,2018-04-22T21:35:18,28.74249,-88.82557,0.0,228.6,511.0,SYN-VESSEL-27,,SYN027,90,3,,,,90,A
999000027,2018-04-22T21:38:27,28.74244,-88.82552,0.0,241.3,511.0,SYN-VESSEL-27,,SYN027,90,3,,,,90,A
999000027,2018-04-22T21:09:49,28.74249,-88.82558,0.0,220.9,511.0,SYN-VESSEL-27,,SYN027,90,3,,,,90,A
999000027,2018-04-22T21:10:57,28.74252,-88.82560,0.0,221.4,511.0,SYN-VESSEL-27,,SYN027,90,3,,,,90,A
999000027,2018-04-22T21:07:49,28.74247,-88.82554,0.1,229.5,511.0,SYN-VESSEL-27,,SYN027,90,3,,,,90,A
999000027,2018-04-22T21:04:48,28.74259,-88.82562,0.0,262.6,511.0,SYN-VESSEL-27,,SYN027,90,3,,,,90,A
999000027,2018-04-22T21:06:27,28.74248,-88.82552,0.1,244.0,511.0,SYN-VESSEL-27,,SYN027,90,3,,,,90,A
999000027,2018-04-22T21:13:38,28.74250,-88.82558,0.1,223.6,511.0,SYN-VESSEL-27,,SYN027,90,3,,,,90,A
999000027,2018-04-22T21:17:18,28.74249,-88.82560,0.0,206.7,511.0,SYN-VESSEL-27,,SYN027,90,3,,,,90,A
999000027,2018-04-22T21:16:07,28.74246,-88.82555,0.0,210.5,511.0,SYN-VESSEL-27,,SYN027,90,3,,,,90,A
999000027,2018-04-22T21:27:07,28.74252,-88.82557,0.0,218.7,511.0,SYN-VESSEL-27,,SYN027,90,3,,,,90,A
999000027,2018-04-22T21:28:37,28.74244,-88.82560,0.0,218.1,511.0,SYN-VESSEL-27,,SYN027,90,3,,,,90,A
999000027,2018-04-22T21:32:07,28.74247,-88.82555,0.1,243.5,511.0,SYN-VESSEL-27,,SYN027,90,3,,,,90,A
999000027,2018-04-22T21:33:48,28.74244,-88.82556,0.0,231.1,511.0,SYN-VESSEL-27,,SYN027,90,3,,,,90,A
999000027,2018-04-22T21:24:48,28.74249,-88.82554,0.1,219.3,511.0,SYN-VESSEL-27,,SYN027,90,3,,,,90,A
999000027,2018-04-22T21:20:07,28.74245,-88.82561,0.0,208.4,511.0,SYN-VESSEL-27,,SYN027,90,3,,,,90,A
999000027,2018-04-22T21:22:28,28.74249,-88.82561,0.1,222.5,511.0,SYN-VESSEL-27,,SYN027,90,3,,,,90,A
999000027,2018-04-22T22:00:08,28.74249,-88.82559,0.0,250.3,511.0,SYN-VESSEL-27,,SYN027,90,3,,,,90,A
999000027,2018-04-22T22:01:27,28.74253,-88.82559,0.0,257.4,511.0,SYN-VESSEL-27,,SYN027,90,3,,,,90,A
999000027,2018-04-22T21:54:17,28.74257,-88.82562,0.0,241.8,511.0,SYN-VESSEL-27,,SYN027,90,3,,,,90,A
999000027,2018-04-22T21:59:08,28.74254,-88.82558,0.0,257.5,511.0,SYN-VESSEL-27,,SYN027,90,3,,,,90,A
999000027,2018-04-22T22:02:58,28.74254,-88.82556,0.1,240.8,511.0,SYN-VESSEL-27,,SYN027,90,3,,,,90,A
999000027,2018-04-22T22:05:48,28.74249,-88.82558,0.0,226.5,511.0,SYN-VESSEL-27,,SYN027,90,3,,,,90,A
999000027,2018-04-22T22:07:48,28.74247,-88.82555,0.0,211.8,511.0,SYN-VESSEL-27,,SYN027,90,3,,,,90,A
999000027,2018-04-22T21:47:58,28.74252,-88.82559,0.0,253.3,511.0,SYN-VESSEL-27,,SYN027,90,3,,,,90,A
999000027,2018-04-22T21:44:09,28.74250,-88.82552,0.0,262.4,511.0,SYN-VESSEL-27,,SYN027,90,3,,,,90,A
999000027,2018-04-22T21:49:48,28.74251,-88.82558,0.0,251.0,511.0,SYN-VESSEL-27,,SYN027,90,3,,,,90,A
999000027,2018-04-22T21:50:58,28.74252,-88.82555,0.0,249.8,511.0,SYN-VESSEL-27,,SYN027,90,3,,,,90,A
999000027,2018-04-22T21:52:27,28.74256,-88.82559,0.1,240.5,511.0,SYN-VESSEL-27,,SYN027,90,3,,,,90,A
999000027,2018-04-22T21:40:07,28.74250,-88.82556,0.0,243.6,511.0,SYN-VESSEL-27,,SYN027,90,3,,,,90,A
999000027,2018-04-22T21:41:17,28.74252,-88.82565,0.0,252.0,511.0,SYN-VESSEL-27,,SYN027,90,3,,,,90,A
999000027,2018-04-22T21:43:08,28.74251,-88.82559,0.0,255.6,511.0,SYN-VESSEL-27,,SYN027,90,3,,,,90,A
999000027,2018-04-22T22:09:48,28.74252,-88.82558,0.0,217.9,511.0,SYN-VESSEL-27,,SYN027,90,3,,,,90,A
999000027,2018-04-22T19:58:37,28.74247,-88.82553,0.0,252.8,511.0,SYN-VESSEL-27,,SYN027,90,3,,,,90,A
999000027,2018-04-22T19:57:07,28.74250,-88.82550,0.0,237.5,511.0,SYN-VESSEL-27,,SYN027,90,3,,,,90,A
999000027,2018-04-22T19:52:07,28.74247,-88.82554,0.0,221.3,511.0,SYN-VESSEL-27,,SYN027,90,3,,,,90,A
999000027,2018-04-22T19:47:48,28.74240,-88.82576,0.1,192.3,511.0,SYN-VESSEL-27,,SYN027,90,3,,,,90,A
999000027,2018-04-22T19:50:58,28.74245,-88.82550,0.0,212.7,511.0,SYN-VESSEL-27,,SYN027,90,3,,,,90,A
999000027,2018-04-22T19:40:47,28.74248,-88.82547,0.0,205.0,511.0,SYN-VESSEL-27,,SYN027,90,3,,,,90,A
999000027,2018-04-22T19:42:08,28.74245,-88.82549,0.0,187.3,511.0,SYN-VESSEL-27,,SYN027,90,3,,,,90,A
999000027,2018-04-22T19:43:18,28.74246,-88.82550,0.0,200.2,511.0,SYN-VESSEL-27,,SYN027,90,3,,,,90,A
999000027,2018-04-22T19:39:37,28.74247,-88.82547,0.1,211.1,511.0,SYN-VESSEL-27,,SYN027,90,3,,,,90,A
999000027,2018-04-22T19:31:37,28.74247,-88.82556,0.1,222.3,511.0,SYN-VESSEL-27,,SYN027,90,3,,,,90,A
999000027,2018-04-22T19:35:07,28.74247,-88.82555,0.0,232.7,511.0,SYN-VESSEL-27,,SYN027,90,3,,,,90,A
999000027,2018-04-22T19:33:27,28.74246,-88.82554,0.1,232.4,511.0,SYN-VESSEL-27,,SYN027,90,3,,,,90,A
999000027,2018-04-22T19:36:08,28.74246,-88.82557,0.0,227.0,511.0,SYN-VESSEL-27,,SYN027,90,3,,,,90,A
999000027,2018-04-22T19:38:27,28.74253,-88.82549,0.1,227.0,511.0,SYN-VESSEL-27,,SYN027,90,3,,,,90,A
999000027,2018-04-22T19:26:08,28.74255,-88.82563,0.1,233.3,511.0,SYN-VESSEL-27,,SYN027,90,3,,,,90,A
999000027,2018-04-22T19:23:57,28.74255,-88.82560,0.0,228.0,511.0,SYN-VESSEL-27,,SYN027,90,3,,,,90,A
999000027,2018-04-22T19:22:18,28.74252,-88.82554,0.0,226.8,511.0,SYN-VESSEL-27,,SYN027,90,3,,,,90,A
999000027,2018-04-22T19:29:28,28.74249,-88.82551,0.0,229.4,511.0,SYN-VESSEL-27,,SYN027,90,3,,,,90,A
999000027,2018-04-22T23:00:38,28.74250,-88.82564,0.0,261.9,511.0,SYN-VESSEL-27,,SYN027,90,3,,,,90,A
999000027,2018-04-22T22:59:18,28.74249,-88.82556,0.0,258.3,511.0,SYN-VESSEL-27,,SYN027,90,3,,,,90,A
999000027,2018-04-22T22:53:59,28.74254,-88.82552,0.1,274.5,511.0,SYN-VESSEL-27,,SYN027,90,3,,,,90,A
999000027,2018-04-22T22:52:58,28.74253,-88.82554,0.1,277.0,511.0,SYN-VESSEL-27,,SYN027,90,3,,,,90,A
999000027,2018-04-22T22:57:18,28.74250,-88.82551,0.1,257.7,511.0,SYN-VESSEL-27,,SYN027,90,3,,,,90,A
999000027,2018-04-22T22:44:48,28.74251,-88.82546,0.0,223.3,511.0,SYN-VESSEL-27,,SYN027,90,3,,,,90,A
999000027,2018-04-22T22:49:28,28.74245,-88.82545,0.1,266.2,511.0,SYN-VESSEL-27,,SYN027,90,3,,,,90,A
999000027,2018-04-22T22:50:58,28.74243,-88.82545,0.1,256.4,511.0,SYN-VESSEL-27,,SYN027,90,3,,,,90,A
999000027,2018-04-22T23:13:07,28.74249,-88.82552,0.1,285.7,511.0,SYN-VESSEL-27,,SYN027,90,3,,,,90,A
999000027,2018-04-22T23:14:27,28.74249,-88.82553,0.0,289.8,511.0,SYN-VESSEL-27,,SYN027,90,3,,,,90,A
999000027,2018-04-22T23:11:57,28.74253,-88.82554,0.0,278.3,511.0,SYN-VESSEL-27,,SYN027,90,3,,,,90,A
999000027,2018-04-22T23:10:48,28.74243,-88.82550,0.1,283.2,511.0,SYN-VESSEL-27,,SYN027,90,3,,,,90,A
999000027,2018-04-22T23:09:38,28.74245,-88.82551,0.1,291.7,511.0,SYN-VESSEL-27,,SYN027,90,3,,,,90,A
999000027,2018-04-22T23:04:58,28.74244,-88.82550,0.0,289.0,511.0,SYN-VESSEL-27,,SYN027,90,3,,,,90,A
999000027,2018-04-22T23:07:38,28.74250,-88.82549,0.0,295.9,511.0,SYN-VESSEL-27,,SYN027,90,3,,,,90,A
999000027,2018-04-22T23:01:48,28.74250,-88.82559,0.0,287.0,511.0,SYN-VESSEL-27,,SYN027,90,3,,,,90,A
999000027,2018-04-22T23:03:27,28.74244,-88.82552,0.0,288.4,511.0,SYN-VESSEL-27,,SYN027,90,3,,,,90,A
999000027,2018-04-22T23:16:07,28.74240,-88.82545,0.1,282.9,511.0,SYN-VESSEL-27,,SYN027,90,3,,,,90,A
999000056,2018-04-22T21:37:25,29.10612,-89.27266,5.5,24.9,25.0,SYN-VESSEL-56,IMO9990056,SYN056,31,11,36,10,4.3,32,A
999000056,2018-04-22T21:19:24,29.08110,-89.28535,5.6,36.3,35.0,SYN-VESSEL-56,IMO9990056,SYN056,31,11,36,10,4.3,32,A
999000056,2018-04-22T21:22:25,29.08506,-89.28251,5.5,26.6,28.0,SYN-VESSEL-56,IMO9990056,SYN056,31,11,36,10,4.3,32,A
999000056,2018-04-22T21:21:04,29.08325,-89.28361,5.5,32.8,31.0,SYN-VESSEL-56,IMO9990056,SYN056,31,11,36,10,4.3,32,A
999000056,2018-04-22T21:24:04,29.08730,-89.28118,5.5,28.2,29.0,SYN-VESSEL-56,IMO9990056,SYN056,31,11,36,10,4.3,32,A
999000056,2018-04-22T21:26:04,29.08998,-89.27941,5.6,31.0,28.0,SYN-VESSEL-56,IMO9990056,SYN056,31,11,36,10,4.3,32,A
999000056,2018-04-22T21:35:25,29.10333,-89.27409,5.5,17.6,24.0,SYN-VESSEL-56,IMO9990056,SYN056,31,11,36,10,4.3,32,A
999000056,2018-04-22T21:33:15,29.10008,-89.27500,5.5,7.6,15.0,SYN-VESSEL-56,IMO9990056,SYN056,31,11,36,10,4.3,32,A
999000056,2018-04-22T21:31:15,29.09708,-89.27556,5.4,15.7,14.0,SYN-VESSEL-56,IMO9990056,SYN056,31,11,36,10,4.3,32,A
999000056,2018-04-22T21:27:45,29.09223,-89.27796,5.5,26.8,24.0,SYN-VESSEL-56,IMO9990056,SYN056,31,11,36,10,4.3,32,A
999000056,2018-04-22T21:10:06,29.07063,-89.29698,5.7,46.1,47.0,SYN-VESSEL-56,IMO9990056,SYN056,31,11,36,10,4.3,32,A
999000056,2018-04-22T21:08:15,29.06863,-89.29938,5.6,46.9,47.0,SYN-VESSEL-56,IMO9990056,SYN056,31,11,36,10,4.3,32,A
999000056,2018-04-22T21:17:45,29.07908,-89.28708,5.6,39.8,35.0,SYN-VESSEL-56,IMO9990056,SYN056,31,11,36,10,4.3,32,A
999000056,2018-04-22T21:15:45,29.07675,-89.28942,5.6,44.7,40.0,SYN-VESSEL-56,IMO9990056,SYN056,31,11,36,10,4.3,32,A
999000056,2018-04-22T21:13:45,29.07457,-89.29210,5.8,48.1,47.0,SYN-VESSEL-56,IMO9990056,SYN056,31,11,36,10,4.3,32,A
999000056,2018-04-22T21:11:45,29.07238,-89.29479,5.7,47.2,46.0,SYN-VESSEL-56,IMO9990056,SYN056,31,11,36,10,4.3,32,A
999000056,2018-04-22T22:01:25,29.13878,-89.25589,5.4,13.4,11.0,SYN-VESSEL-56,IMO9990056,SYN056,31,11,36,10,4.3,32,A
999000056,2018-04-22T21:59:15,29.13570,-89.25689,5.3,20.1,19.0,SYN-VESSEL-56,IMO9990056,SYN056,31,11,36,10,4.3,32,A
999000056,2018-04-22T21:58:06,29.13409,-89.25739,5.2,17.5,19.0,SYN-VESSEL-56,IMO9990056,SYN056,31,11,36,10,4.3,32,A
999000056,2018-04-22T22:03:46,29.14242,-89.25527,5.7,6.1,5.0,SYN-VESSEL-56,IMO9990056,SYN056,31,11,36,10,4.3,32,A
999000056,2018-04-22T22:04:55,29.14426,-89.25511,5.8,3.1,3.0,SYN-VESSEL-56,IMO9990056,SYN056,31,11,36,10,4.3,32,A
999000056,2018-04-22T22:02:35,29.14056,-89.25551,5.5,10.0,7.0,SYN-VESSEL-56,IMO9990056,SYN056,31,11,36,10,4.3,32,A
999000056,2018-04-22T22:00:15,29.13710,-89.25635,5.3,17.0,15.0,SYN-VESSEL-56,IMO9990056,SYN056,31,11,36,10,4.3,32,A
999000056,2018-04-22T22:07:16,29.14816,-89.25486,6.1,2.0,0.0,SYN-VESSEL-56,IMO9990056,SYN056,31,11,36,10,4.3,32,A
999000056,2018-04-22T22:08:35,29.15040,-89.25485,6.2,0.8,1.0,SYN-VESSEL-56,IMO9990056,SYN056,31,11,36,10,4.3,32,A
999000056,2018-04-22T22:06:05,29.14617,-89.25504,5.9,2.5,2.0,SYN-VESSEL-56,IMO9990056,SYN056,31,11,36,10,4.3,32,A
999000056,2018-04-22T21:38:56,29.10826,-89.27152,5.6,25.6,25.0,SYN-VESSEL-56,IMO9990056,SYN056,31,11,36,10,4.3,32,A
999000056,2018-04-22T21:40:05,29.10993,-89.27072,5.7,25.2,31.0,SYN-VESSEL-56,IMO9990056,SYN056,31,11,36,10,4.3,32,A
999000056,2018-04-22T21:41:54,29.11229,-89.26896,5.5,36.1,34.0,SYN-VESSEL-56,IMO9990056,SYN056,31,11,36,10,4.3,32,A
999000056,2018-04-22T21:44:24,29.11532,-89.26633,5.4,34.1,29.0,SYN-VESSEL-56,IMO9990056,SYN056,31,11,36,10,4.3,32,A
999000056,2018-04-22T21:45:34,29.11679,-89.26528,5.3,30.3,26.0,SYN-VESSEL-56,IMO9990056,SYN056,31,11,36,10,4.3,32,A
999000056,2018-04-22T21:47:05,29.11877,-89.26408,5.3,26.1,23.0,SYN-VESSEL-56,IMO9990056,SYN056,31,11,36,10,4.3,32,A
999000056,2018-04-22T21:49:15,29.12172,-89.26257,5.4,22.6,20.0,SYN-VESSEL-56,IMO9990056,SYN056,31,11,36,10,4.3,32,A
999000056,2018-04-22T21:50:54,29.12402,-89.26151,5.4,21.4,19.0,SYN-VESSEL-56,IMO9990056,SYN056,31,11,36,10,4.3,32,A
999000056,2018-04-22T21:52:15,29.12591,-89.26062,5.5,20.4,17.0,SYN-VESSEL-56,IMO9990056,SYN056,31,11,36,10,4.3,32,A
999000056,2018-04-22T21:54:15,29.12877,-89.25946,5.3,20.3,19.0,SYN-VESSEL-56,IMO9990056,SYN056,31,11,36,10,4.3,32,A
999000056,2018-04-22T21:56:25,29.13178,-89.25835,5.2,19.0,20.0,SYN-VESSEL-56,IMO9990056,SYN056,31,11,36,10,4.3,32,A
999000056,2018-04-22T22:09:44,29.15242,-89.25476,6.3,4.2,357.0,SYN-VESSEL-56,IMO9990056,SYN056,31,11,36,10,4.3,32,A
999000056,2018-04-22T22:36:26,29.19022,-89.26619,5.5,338.4,334.0,SYN-VESSEL-56,IMO9990056,SYN056,31,11,36,10,4.3,32,A
999000056,2018-04-22T22:38:04,29.19260,-89.26736,5.6,337.0,332.0,SYN-VESSEL-56,IMO9990056,SYN056,31,11,36,10,4.3,32,A
999000056,2018-04-22T22:39:25,29.19455,-89.26828,5.6,337.5,330.0,SYN-VESSEL-56,IMO9990056,SYN056,31,11,36,10,4.3,32,A
999000056,2018-04-22T22:43:15,29.19998,-89.27144,5.7,329.4,325.0,SYN-VESSEL-56,IMO9990056,SYN056,31,11,36,10,4.3,32,A
999000056,2018-04-22T22:26:24,29.17705,-89.25979,4.9,338.0,338.0,SYN-VESSEL-56,IMO9990056,SYN056,31,11,36,10,4.3,32,A
999000056,2018-04-22T22:29:36,29.18108,-89.26179,5.0,334.6,336.0,SYN-VESSEL-56,IMO9990056,SYN056,31,11,36,10,4.3,32,A
999000056,2018-04-22T22:27:45,29.17872,-89.26060,5.0,335.8,337.0,SYN-VESSEL-56,IMO9990056,SYN056,31,11,36,10,4.3,32,A
999000056,2018-04-22T22:32:26,29.18475,-89.26359,5.2,337.2,336.0,SYN-VESSEL-56,IMO9990056,SYN056,31,11,36,10,4.3,32,A
999000056,2018-04-22T22:35:04,29.18832,-89.26535,5.4,337.8,336.0,SYN-VESSEL-56,IMO9990056,SYN056,31,11,36,10,4.3,32,A
999000056,2018-04-22T22:19:06,29.16714,-89.25693,5.2,353.1,347.0,SYN-VESSEL-56,IMO9990056,SYN056,31,11,36,10,4.3,32,A
999000056,2018-04-22T22:23:24,29.17308,-89.25827,5.0,344.5,341.0,SYN-VESSEL-56,IMO9990056,SYN056,31,11,36,10,4.3,32,A
999000056,2018-04-22T22:24:45,29.17490,-89.25884,4.9,341.3,338.0,SYN-VESSEL-56,IMO9990056,SYN056,31,11,36,10,4.3,32,A
999000056,2018-04-22T22:13:54,29.15932,-89.25569,5.8,351.5,348.0,SYN-VESSEL-56,IMO9990056,SYN056,31,11,36,10,4.3,32,A
999000056,2018-04-22T22:20:55,29.16973,-89.25739,5.0,353.7,346.0,SYN-VESSEL-56,IMO9990056,SYN056,31,11,36,10,4.3,32,A
999000056,2018-04-22T22:11:35,29.15557,-89.25495,6.0,350.4,348.0,SYN-VESSEL-56,IMO9990056,SYN056,31,11,36,10,4.3,32,A
999000056,2018-04-22T22:15:05,29.16127,-89.25596,5.7,351.1,348.0,SYN-VESSEL-56,IMO9990056,SYN056,31,11,36,10,4.3,32,A
999000056,2018-04-22T22:12:45,29.15744,-89.25535,5.9,350.5,348.0,SYN-VESSEL-56,IMO9990056,SYN056,31,11,36,10,4.3,32,A
999000056,2018-04-22T22:16:16,29.16302,-89.25622,5.5,352.5,345.0,SYN-VESSEL-56,IMO9990056,SYN056,31,11,36,10,4.3,32,A
999000056,2018-04-22T22:18:05,29.16567,-89.25672,5.3,353.2,348.0,SYN-VESSEL-56,IMO9990056,SYN056,31,11,36,10,4.3,32,A
999000043,2018-04-22T23:07:16,28.95668,-89.23190,2.8,99.6,511.0,SYN-VESSEL-43,IMO9990043,SYN043,30,,24,7,,,B
999000043,2018-04-22T23:05:44,28.95670,-89.23327,2.9,93.9,511.0,SYN-VESSEL-43,IMO9990043,SYN043,30,,24,7,,,B
999000043,2018-04-22T23:04:15,28.95669,-89.23459,2.8,92.2,511.0,SYN-VESSEL-43,IMO9990043,SYN043,30,,24,7,,,B
999000043,2018-04-22T23:02:45,28.95672,-89.23595,2.9,96.8,511.0,SYN-VESSEL-43,IMO9990043,SYN043,30,,24,7,,,B
999000043,2018-04-22T23:13:45,28.95651,-89.22607,3.0,96.3,511.0,SYN-VESSEL-43,IMO9990043,SYN043,30,,24,7,,,B
999000043,2018-04-22T23:15:14,28.95649,-89.22473,2.7,99.4,511.0,SYN-VESSEL-43,IMO9990043,SYN043,30,,24,7,,,B
999000043,2018-04-22T23:12:44,28.95652,-89.22698,2.8,98.0,511.0,SYN-VESSEL-43,IMO9990043,SYN043,30,,24,7,,,B
999000043,2018-04-22T23:10:45,28.95659,-89.22879,2.7,92.2,511.0,SYN-VESSEL-43,IMO9990043,SYN043,30,,24,7,,,B
999000043,2018-04-22T23:08:44,28.95666,-89.23060,2.8,98.9,511.0,SYN-VESSEL-43,IMO9990043,SYN043,30,,24,7,,,B
999000043,2018-04-22T22:45:45,28.95689,-89.25108,2.8,89.2,511.0,SYN-VESSEL-43,IMO9990043,SYN043,30,,24,7,,,B
999000043,2018-04-22T22:51:15,28.95692,-89.24617,3.0,78.2,511.0,SYN-VESSEL-43,IMO9990043,SYN043,30,,24,7,,,B
999000043,2018-04-22T22:48:14,28.95692,-89.24885,3.0,85.5,511.0,SYN-VESSEL-43,IMO9990043,SYN043,30,,24,7,,,B
999000043,2018-04-22T22:49:15,28.95692,-89.24795,2.8,88.8,511.0,SYN-VESSEL-43,IMO9990043,SYN043,30,,24,7,,,B
999000043,2018-04-22T22:53:45,28.95691,-89.24396,2.9,87.0,511.0,SYN-VESSEL-43,IMO9990043,SYN043,30,,24,7,,,B
999000043,2018-04-22T22:56:18,28.95688,-89.24170,2.7,90.3,511.0,SYN-VESSEL-43,IMO9990043,SYN043,30,,24,7,,,B
999000043,2018-04-22T22:55:15,28.95689,-89.24261,3.0,92.7,511.0,SYN-VESSEL-43,IMO9990043,SYN043,30,,24,7,,,B
999000043,2018-04-22T22:57:46,28.95685,-89.24039,2.8,95.6,511.0,SYN-VESSEL-43,IMO9990043,SYN043,30,,24,7,,,B
999000043,2018-04-22T23:00:15,28.95681,-89.23817,2.5,87.4,511.0,SYN-VESSEL-43,IMO9990043,SYN043,30,,24,7,,,B
999000043,2018-04-22T22:59:19,28.95683,-89.23899,3.0,91.4,511.0,SYN-VESSEL-43,IMO9990043,SYN043,30,,24,7,,,B
999000043,2018-04-22T23:01:44,28.95676,-89.23686,2.9,96.6,511.0,SYN-VESSEL-43,IMO9990043,SYN043,30,,24,7,,,B
999000043,2018-04-22T23:16:15,28.95644,-89.22380,2.9,94.7,511.0,SYN-VESSEL-43,IMO9990043,SYN043,30,,24,7,,,B
999000043,2018-04-22T23:17:16,28.95641,-89.22289,2.9,90.3,511.0,SYN-VESSEL-43,IMO9990043,SYN043,30,,24,7,,,B
999000043,2018-04-22T19:01:44,28.95539,-89.26332,2.9,277.9,511.0,SYN-VESSEL-43,IMO9990043,SYN043,30,,24,7,,,B
999000043,2018-04-22T19:00:15,28.95516,-89.26195,3.1,284.9,511.0,SYN-VESSEL-43,IMO9990043,SYN043,30,,24,7,,,B
999000043,2018-04-22T18:59:15,28.95490,-89.26086,4.6,295.4,511.0,SYN-VESSEL-43,IMO9990043,SYN043,30,,24,7,,,B
999000043,2018-04-22T19:05:14,28.95576,-89.26639,2.9,273.4,511.0,SYN-VESSEL-43,IMO9990043,SYN043,30,,24,7,,,B
999000043,2018-04-22T19:03:44,28.95559,-89.26509,2.8,279.6,511.0,SYN-VESSEL-43,IMO9990043,SYN043,30,,24,7,,,B
999000043,2018-04-22T18:57:45,28.95422,-89.25879,5.2,279.4,511.0,SYN-VESSEL-43,IMO9990043,SYN043,30,,24,7,,,B
999000043,2018-04-22T18:56:44,28.95383,-89.25674,6.0,285.5,511.0,SYN-VESSEL-43,IMO9990043,SYN043,30,,24,7,,,B
999000043,2018-04-22T18:51:44,28.95483,-89.26084,3.0,116.9,511.0,SYN-VESSEL-43,IMO9990043,SYN043,30,,24,7,,,B
999000043,2018-04-22T18:50:15,28.95569,-89.26198,3.0,143.7,511.0,SYN-VESSEL-43,IMO9990043,SYN043,30,,24,7,,,B
999000043,2018-04-22T19:19:15,28.95593,-89.27860,3.0,265.0,511.0,SYN-VESSEL-43,IMO9990043,SYN043,30,,24,7,,,B
999000043,2018-04-22T19:15:45,28.95602,-89.27553,2.9,266.9,511.0,SYN-VESSEL-43,IMO9990043,SYN043,30,,24,7,,,B
999000043,2018-04-22T19:14:14,28.95609,-89.27421,2.7,269.1,511.0,SYN-VESSEL-43,IMO9990043,SYN043,30,,24,7,,,B
999000043,2018-04-22T19:09:15,28.95598,-89.26987,2.9,271.2,511.0,SYN-VESSEL-43,IMO9990043,SYN043,30,,24,7,,,B
999000043,2018-04-22T19:11:44,28.95609,-89.27204,2.7,270.3,511.0,SYN-VESSEL-43,IMO9990043,SYN043,30,,24,7,,,B
999000043,2018-04-22T19:12:45,28.95610,-89.27292,2.9,270.8,511.0,SYN-VESSEL-43,IMO9990043,SYN043,30,,24,7,,,B
999000043,2018-04-22T19:06:15,28.95585,-89.26727,2.8,280.3,511.0,SYN-VESSEL-43,IMO9990043,SYN043,30,,24,7,,,B
999000043,2018-04-22T19:07:44,28.95591,-89.26856,2.9,267.4,511.0,SYN-VESSEL-43,IMO9990043,SYN043,30,,24,7,,,B
999000043,2018-04-22T18:22:44,28.96986,-89.27853,2.8,138.4,511.0,SYN-VESSEL-43,IMO9990043,SYN043,30,,24,7,,,B
999000043,2018-04-22T18:20:45,28.97105,-89.27964,3.0,150.7,511.0,SYN-VESSEL-43,IMO9990043,SYN043,30,,24,7,,,B
999000043,2018-04-22T18:19:14,28.97210,-89.28021,2.5,163.2,511.0,SYN-VESSEL-43,IMO9990043,SYN043,30,,24,7,,,B
999000043,2018-04-22T18:24:14,28.96901,-89.27765,2.8,135.2,511.0,SYN-VESSEL-43,IMO9990043,SYN043,30,,24,7,,,B
999000043,2018-04-22T18:14:44,28.97539,-89.28144,2.8,159.8,511.0,SYN-VESSEL-43,IMO9990043,SYN043,30,,24,7,,,B
999000043,2018-04-22T18:16:14,28.97430,-89.28107,2.6,163.9,511.0,SYN-VESSEL-43,IMO9990043,SYN043,30,,24,7,,,B
999000043,2018-04-22T18:17:15,28.97354,-89.28080,2.9,163.5,511.0,SYN-VESSEL-43,IMO9990043,SYN043,30,,24,7,,,B
999000043,2018-04-22T18:25:44,28.96819,-89.27674,2.8,134.0,511.0,SYN-VESSEL-43,IMO9990043,SYN043,30,,24,7,,,B
999000043,2018-04-22T18:29:15,28.96657,-89.27435,0.5,97.6,511.0,SYN-VESSEL-43,IMO9990043,SYN043,30,,24,7,,,B
999000043,2018-04-22T18:46:45,28.95779,-89.26402,2.0,142.4,511.0,SYN-VESSEL-43,IMO9990043,SYN043,30,,24,7,,,B
999000043,2018-04-22T18:43:44,28.95957,-89.26574,2.9,135.0,511.0,SYN-VESSEL-43,IMO9990043,SYN043,30,,24,7,,,B
999000043,2018-04-22T18:35:46,28.96395,-89.27097,2.8,128.7,511.0,SYN-VESSEL-43,IMO9990043,SYN043,30,,24,7,,,B
999000043,2018-04-22T18:33:14,28.96582,-89.27266,4.0,148.4,511.0,SYN-VESSEL-43,IMO9990043,SYN043,30,,24,7,,,B
999000043,2018-04-22T18:34:44,28.96444,-89.27163,3.0,132.6,511.0,SYN-VESSEL-43,IMO9990043,SYN043,30,,24,7,,,B
999000043,2018-04-22T18:31:45,28.96639,-89.27355,2.8,114.8,511.0,SYN-VESSEL-43,IMO9990043,SYN043,30,,24,7,,,B
999000043,2018-04-22T18:38:17,28.96256,-89.26932,3.3,132.6,511.0,SYN-VESSEL-43,IMO9990043,SYN043,30,,24,7,,,B
999000043,2018-04-22T18:41:44,28.96070,-89.26700,2.5,135.2,511.0,SYN-VESSEL-43,IMO9990043,SYN043,30,,24,7,,,B
999000043,2018-04-22T18:37:15,28.96314,-89.27008,3.5,137.8,511.0,SYN-VESSEL-43,IMO9990043,SYN043,30,,24,7,,,B
999000043,2018-04-22T18:48:14,28.95689,-89.26321,2.7,138.5,511.0,SYN-VESSEL-43,IMO9990043,SYN043,30,,24,7,,,B
999000043,2018-04-22T23:51:46,28.95417,-89.23333,3.0,290.4,511.0,SYN-VESSEL-43,IMO9990043,SYN043,30,,24,7,,,B
999000043,2018-04-22T23:53:15,28.95457,-89.23454,2.6,290.7,511.0,SYN-VESSEL-43,IMO9990043,SYN043,30,,24,7,,,B
999000043,2018-04-22T23:20:45,28.95630,-89.21969,2.8,95.4,511.0,SYN-VESSEL-43,IMO9990043,SYN043,30,,24,7,,,B
999000043,2018-04-22T23:18:45,28.95636,-89.22154,3.0,91.6,511.0,SYN-VESSEL-43,IMO9990043,SYN043,30,,24,7,,,B
999000043,2018-04-22T23:25:14,28.95604,-89.21564,3.2,128.9,511.0,SYN-VESSEL-43,IMO9990043,SYN043,30,,24,7,,,B
999000043,2018-04-22T23:23:45,28.95627,-89.21694,2.8,95.9,511.0,SYN-VESSEL-43,IMO9990043,SYN043,30,,24,7,,,B
999000043,2018-04-22T23:34:45,28.95183,-89.21928,2.6,269.6,511.0,SYN-VESSEL-43,IMO9990043,SYN043,30,,24,7,,,B
999000043,2018-04-22T23:29:44,28.95269,-89.21503,2.9,207.7,511.0,SYN-VESSEL-43,IMO9990043,SYN043,30,,24,7,,,B
999000043,2018-04-22T23:30:45,28.95213,-89.21569,3.0,246.2,511.0,SYN-VESSEL-43,IMO9990043,SYN043,30,,24,7,,,B
999000043,2018-04-22T23:27:44,28.95434,-89.21431,3.6,166.8,511.0,SYN-VESSEL-43,IMO9990043,SYN043,30,,24,7,,,B
999000043,2018-04-22T23:47:14,28.95286,-89.22981,2.8,294.9,511.0,SYN-VESSEL-43,IMO9990043,SYN043,30,,24,7,,,B
999000043,2018-04-22T23:45:45,28.95242,-89.22864,2.8,292.7,511.0,SYN-VESSEL-43,IMO9990043,SYN043,30,,24,7,,,B
999000043,2018-04-22T23:50:44,28.95388,-89.23252,3.0,294.4,511.0,SYN-VESSEL-43,IMO9990043,SYN043,30,,24,7,,,B
999000043,2018-04-22T23:36:16,28.95179,-89.22056,2.7,268.4,511.0,SYN-VESSEL-43,IMO9990043,SYN043,30,,24,7,,,B
999000043,2018-04-22T23:37:44,28.95176,-89.22184,2.7,265.8,511.0,SYN-VESSEL-43,IMO9990043,SYN043,30,,24,7,,,B
999000043,2018-04-22T23:39:15,28.95172,-89.22314,2.6,269.4,511.0,SYN-VESSEL-43,IMO9990043,SYN043,30,,24,7,,,B
999000043,2018-04-22T23:41:14,28.95166,-89.22484,2.6,266.8,511.0,SYN-VESSEL-43,IMO9990043,SYN043,30,,24,7,,,B
999000043,2018-04-22T19:45:44,28.95040,-89.29989,2.6,232.8,511.0,SYN-VESSEL-43,IMO9990043,SYN043,30,,24,7,,,B
999000043,2018-04-22T19:39:44,28.95218,-89.29524,2.7,253.7,511.0,SYN-VESSEL-43,IMO9990043,SYN043,30,,24,7,,,B
999000043,2018-04-22T19:43:45,28.95112,-89.29842,2.7,249.7,511.0,SYN-VESSEL-43,IMO9990043,SYN043,30,,24,7,,,B
999000043,2018-04-22T19:37:14,28.95271,-89.29323,2.4,255.0,511.0,SYN-VESSEL-43,IMO9990043,SYN043,30,,24,7,,,B
999000043,2018-04-22T19:26:14,28.95464,-89.28434,2.8,249.5,511.0,SYN-VESSEL-43,IMO9990043,SYN043,30,,24,7,,,B
999000043,2018-04-22T19:23:14,28.95536,-89.28196,2.5,253.4,511.0,SYN-VESSEL-43,IMO9990043,SYN043,30,,24,7,,,B
999000043,2018-04-22T19:24:15,28.95516,-89.28278,2.7,256.0,511.0,SYN-VESSEL-43,IMO9990043,SYN043,30,,24,7,,,B
999000043,2018-04-22T19:20:16,28.95584,-89.27947,2.7,254.3,511.0,SYN-VESSEL-43,IMO9990043,SYN043,30,,24,7,,,B
999000043,2018-04-22T19:21:45,28.95563,-89.28072,2.9,261.5,511.0,SYN-VESSEL-43,IMO9990043,SYN043,30,,24,7,,,B
999000043,2018-04-22T19:29:47,28.95358,-89.28705,2.8,258.4,511.0,SYN-VESSEL-43,IMO9990043,SYN043,30,,24,7,,,B
999000043,2018-04-22T19:28:15,28.95399,-89.28588,3.0,247.0,511.0,SYN-VESSEL-43,IMO9990043,SYN043,30,,24,7,,,B
999000043,2018-04-22T19:31:14,28.95347,-89.28828,2.5,265.3,511.0,SYN-VESSEL-43,IMO9990043,SYN043,30,,24,7,,,B
999000043,2018-04-22T19:32:48,28.95343,-89.28960,2.7,264.3,511.0,SYN-VESSEL-43,IMO9990043,SYN043,30,,24,7,,,B
999000043,2018-04-22T19:35:45,28.95299,-89.29202,3.1,248.7,511.0,SYN-VESSEL-43,IMO9990043,SYN043,30,,24,7,,,B
999000043,2018-04-22T19:34:44,28.95319,-89.29119,2.8,261.8,511.0,SYN-VESSEL-43,IMO9990043,SYN043,30,,24,7,,,B
999000043,2018-04-22T23:55:44,28.95514,-89.23653,2.5,287.9,511.0,SYN-VESSEL-43,IMO9990043,SYN043,30,,24,7,,,B
999000043,2018-04-22T23:59:44,28.95577,-89.23987,2.9,275.0,511.0,SYN-VESSEL-43,IMO9990043,SYN043,30,,24,7,,,B
999000043,2018-04-22T23:57:14,28.95542,-89.23777,2.6,286.5,511.0,SYN-VESSEL-43,IMO9990043,SYN043,30,,24,7,,,B
999000043,2018-04-22T23:58:15,28.95558,-89.23863,2.8,274.7,511.0,SYN-VESSEL-43,IMO9990043,SYN043,30,,24,7,,,B
999000043,2018-04-22T22:37:44,28.95695,-89.25824,2.7,84.4,511.0,SYN-VESSEL-43,IMO9990043,SYN043,30,,24,7,,,B
999000043,2018-04-22T22:32:47,28.95669,-89.26272,3.0,85.4,511.0,SYN-VESSEL-43,IMO9990043,SYN043,30,,24,7,,,B
999000043,2018-04-22T22:36:15,28.95692,-89.25957,2.7,85.1,511.0,SYN-VESSEL-43,IMO9990043,SYN043,30,,24,7,,,B
999000043,2018-04-22T22:34:44,28.95684,-89.26094,2.8,84.1,511.0,SYN-VESSEL-43,IMO9990043,SYN043,30,,24,7,,,B
999000043,2018-04-22T22:42:14,28.95689,-89.25421,2.6,91.8,511.0,SYN-VESSEL-43,IMO9990043,SYN043,30,,24,7,,,B
999000043,2018-04-22T22:31:14,28.95658,-89.26413,3.2,86.5,511.0,SYN-VESSEL-43,IMO9990043,SYN043,30,,24,7,,,B
999000043,2018-04-22T22:26:15,28.95624,-89.26869,2.9,86.7,511.0,SYN-VESSEL-43,IMO9990043,SYN043,30,,24,7,,,B
999000043,2018-04-22T22:29:44,28.95649,-89.26550,2.7,84.9,511.0,SYN-VESSEL-43,IMO9990043,SYN043,30,,24,7,,,B
999000043,2018-04-22T22:11:45,28.95671,-89.28181,3.0,95.0,511.0,SYN-VESSEL-43,IMO9990043,SYN043,30,,24,7,,,B
999000043,2018-04-22T22:14:44,28.95653,-89.27916,2.7,90.9,511.0,SYN-VESSEL-43,IMO9990043,SYN043,30,,24,7,,,B
999000043,2018-04-22T22:13:16,28.95665,-89.28046,3.0,99.5,511.0,SYN-VESSEL-43,IMO9990043,SYN043,30,,24,7,,,B
999000043,2018-04-22T22:16:14,28.95646,-89.27783,3.2,90.3,511.0,SYN-VESSEL-43,IMO9990043,SYN043,30,,24,7,,,B
999000043,2018-04-22T22:23:15,28.95642,-89.27142,3.3,94.0,511.0,SYN-VESSEL-43,IMO9990043,SYN043,30,,24,7,,,B
999000043,2018-04-22T22:20:44,28.95644,-89.27373,2.7,95.7,511.0,SYN-VESSEL-43,IMO9990043,SYN043,30,,24,7,,,B
999000043,2018-04-22T22:24:45,28.95633,-89.27004,3.1,87.2,511.0,SYN-VESSEL-43,IMO9990043,SYN043,30,,24,7,,,B
999000043,2018-04-22T22:17:44,28.95642,-89.27645,2.9,87.6,511.0,SYN-VESSEL-43,IMO9990043,SYN043,30,,24,7,,,B
999000043,2018-04-22T22:19:14,28.95641,-89.27509,2.8,90.8,511.0,SYN-VESSEL-43,IMO9990043,SYN043,30,,24,7,,,B
999000043,2018-04-22T22:43:46,28.95687,-89.25284,2.7,84.0,511.0,SYN-VESSEL-43,IMO9990043,SYN043,30,,24,7,,,B
999000043,2018-04-22T18:11:14,28.97802,-89.28209,2.8,170.4,511.0,SYN-VESSEL-43,IMO9990043,SYN043,30,,24,7,,,B
999000043,2018-04-22T18:12:15,28.97726,-89.28195,2.9,173.6,511.0,SYN-VESSEL-43,IMO9990043,SYN043,30,,24,7,,,B
999000043,2018-04-22T18:13:17,28.97646,-89.28175,3.0,163.3,511.0,SYN-VESSEL-43,IMO9990043,SYN043,30,,24,7,,,B
999000043,2018-04-22T18:09:47,28.97913,-89.28234,2.9,170.6,511.0,SYN-VESSEL-43,IMO9990043,SYN043,30,,24,7,,,B
999000043,2018-04-22T18:07:48,28.98066,-89.28266,2.9,171.4,511.0,SYN-VESSEL-43,IMO9990043,SYN043,30,,24,7,,,B
999000043,2018-04-22T18:03:45,28.98393,-89.28302,3.1,172.9,511.0,SYN-VESSEL-43,IMO9990043,SYN043,30,,24,7,,,B
999000043,2018-04-22T18:01:44,28.98539,-89.28395,2.8,132.1,511.0,SYN-VESSEL-43,IMO9990043,SYN043,30,,24,7,,,B
999000043,2018-04-22T18:00:15,28.98591,-89.28522,2.4,98.1,511.0,SYN-VESSEL-43,IMO9990043,SYN043,30,,24,7,,,B
999000043,2018-04-22T18:05:14,28.98271,-89.28300,2.9,173.9,511.0,SYN-VESSEL-43,IMO9990043,SYN043,30,,24,7,,,B
999000043,2018-04-22T18:06:15,28.98191,-89.28288,3.2,168.1,511.0,SYN-VESSEL-43,IMO9990043,SYN043,30,,24,7,,,B
999000043,2018-04-22T21:54:46,28.95565,-89.29668,2.9,70.2,511.0,SYN-VESSEL-43,IMO9990043,SYN043,30,,24,7,,,B
999000043,2018-04-22T21:57:14,28.95610,-89.29457,3.0,74.6,511.0,SYN-VESSEL-43,IMO9990043,SYN043,30,,24,7,,,B
999000043,2018-04-22T21:51:14,28.95499,-89.29970,2.8,73.1,511.0,SYN-VESSEL-43,IMO9990043,SYN043,30,,24,7,,,B
999000043,2018-04-22T22:05:15,28.95680,-89.28757,2.6,94.7,511.0,SYN-VESSEL-43,IMO9990043,SYN043,30,,24,7,,,B
999000043,2018-04-22T22:08:45,28.95682,-89.28448,3.1,92.3,511.0,SYN-VESSEL-43,IMO9990043,SYN043,30,,24,7,,,B
999000043,2018-04-22T22:07:15,28.95682,-89.28579,3.0,93.3,511.0,SYN-VESSEL-43,IMO9990043,SYN043,30,,24,7,,,B
999000043,2018-04-22T21:59:45,28.95646,-89.29241,2.7,79.0,511.0,SYN-VESSEL-43,IMO9990043,SYN043,30,,24,7,,,B
999000043,2018-04-22T21:58:44,28.95634,-89.29329,2.9,82.6,511.0,SYN-VESSEL-43,IMO9990043,SYN043,30,,24,7,,,B
999000043,2018-04-22T22:00:46,28.95654,-89.29149,2.7,77.3,511.0,SYN-VESSEL-43,IMO9990043,SYN043,30,,24,7,,,B
999000043,2018-04-22T22:02:44,28.95668,-89.28979,2.6,87.3,511.0,SYN-VESSEL-43,IMO9990043,SYN043,30,,24,7,,,B
999000043,2018-04-22T22:09:46,28.95679,-89.28357,2.7,96.0,511.0,SYN-VESSEL-43,IMO9990043,SYN043,30,,24,7,,,B
999000040,2018-04-22T23:06:14,28.97289,-88.62661,0.5,269.3,511.0,SYN-VESSEL-40,IMO9990040,SYN040,90,0,50,10,,90,A
999000040,2018-04-22T23:00:16,28.97287,-88.62663,1.1,273.7,511.0,SYN-VESSEL-40,IMO9990040,SYN040,90,0,50,10,,90,A
999000040,2018-04-22T23:01:25,28.97287,-88.62661,0.3,225.1,511.0,SYN-VESSEL-40,IMO9990040,SYN040,90,0,50,10,,90,A
999000040,2018-04-22T23:02:55,28.97287,-88.62660,1.0,260.7,511.0,SYN-VESSEL-40,IMO9990040,SYN040,90,0,50,10,,90,A
999000040,2018-04-22T23:04:05,28.97291,-88.62661,1.0,250.6,511.0,SYN-VESSEL-40,IMO9990040,SYN040,90,0,50,10,,90,A
999000040,2018-04-22T23:11:05,28.97287,-88.62667,0.9,267.2,511.0,SYN-VESSEL-40,IMO9990040,SYN040,90,0,50,10,,90,A
999000040,2018-04-22T23:12:44,28.97289,-88.62659,0.5,23.6,511.0,SYN-VESSEL-40,IMO9990040,SYN040,90,0,50,10,,90,A
999000040,2018-04-22T23:14:15,28.97288,-88.62666,0.4,83.6,511.0,SYN-VESSEL-40,IMO9990040,SYN040,90,0,50,10,,90,A
999000040,2018-04-22T23:09:45,28.97287,-88.62663,0.6,269.6,511.0,SYN-VESSEL-40,IMO9990040,SYN040,90,0,50,10,,90,A
999000040,2018-04-22T22:46:05,28.97279,-88.62658,0.2,50.6,511.0,SYN-VESSEL-40,IMO9990040,SYN040,90,0,50,10,,90,A
999000040,2018-04-22T22:55:25,28.97283,-88.62660,0.2,264.6,511.0,SYN-VESSEL-40,IMO9990040,SYN040,90,0,50,10,,90,A
999000040,2018-04-22T22:49:55,28.97279,-88.62659,0.2,90.8,511.0,SYN-VESSEL-40,IMO9990040,SYN040,90,0,50,10,,90,A
999000040,2018-04-22T22:48:44,28.97279,-88.62658,0.3,64.4,511.0,SYN-VESSEL-40,IMO9990040,SYN040,90,0,50,10,,90,A
999000040,2018-04-22T22:59:45,28.97287,-88.62662,0.4,272.0,511.0,SYN-VESSEL-40,IMO9990040,SYN040,90,0,50,10,,90,A
999000040,2018-04-22T22:57:45,28.97286,-88.62659,1.1,270.2,511.0,SYN-VESSEL-40,IMO9990040,SYN040,90,0,50,10,,90,A
999000040,2018-04-22T23:16:15,28.97291,-88.62666,0.3,42.2,511.0,SYN-VESSEL-40,IMO9990040,SYN040,90,0,50,10,,90,A
999000040,2018-04-22T22:02:55,28.97278,-88.62656,0.6,74.1,511.0,SYN-VESSEL-40,IMO9990040,SYN040,90,0,50,10,,90,A
999000040,2018-04-22T22:01:45,28.97277,-88.62656,0.3,61.5,511.0,SYN-VESSEL-40,IMO9990040,SYN040,90,0,50,10,,90,A
999000040,2018-04-22T22:00:04,28.97278,-88.62656,0.1,52.3,511.0,SYN-VESSEL-40,IMO9990040,SYN040,90,0,50,10,,90,A
999000040,2018-04-22T21:59:04,28.97278,-88.62655,1.1,79.8,511.0,SYN-VESSEL-40,IMO9990040,SYN040,90,0,50,10,,90,A
999000040,2018-04-22T21:49:25,28.97276,-88.62659,0.6,96.8,511.0,SYN-VESSEL-40,IMO9990040,SYN040,90,0,50,10,,90,A
999000040,2018-04-22T21:51:54,28.97277,-88.62655,1.4,56.0,511.0,SYN-VESSEL-40,IMO9990040,SYN040,90,0,50,10,,90,A
999000040,2018-04-22T21:44:24,28.97278,-88.62656,0.4,75.9,511.0,SYN-VESSEL-40,IMO9990040,SYN040,90,0,50,10,,90,A
999000040,2018-04-22T21:53:15,28.97280,-88.62656,0.1,48.4,511.0,SYN-VESSEL-40,IMO9990040,SYN040,90,0,50,10,,90,A
999000040,2018-04-22T21:40:05,28.97281,-88.62656,0.4,75.3,511.0,SYN-VESSEL-40,IMO9990040,SYN040,90,0,50,10,,90,A
999000040,2018-04-22T21:36:44,28.97277,-88.62656,0.3,49.5,511.0,SYN-VESSEL-40,IMO9990040,SYN040,90,0,50,10,,90,A
999000040,2018-04-22T21:41:34,28.97278,-88.62657,0.5,41.7,511.0,SYN-VESSEL-40,IMO9990040,SYN040,90,0,50,10,,90,A
999000040,2018-04-22T21:42:55,28.97278,-88.62657,0.3,75.6,511.0,SYN-VESSEL-40,IMO9990040,SYN040,90,0,50,10,,90,A
999000040,2018-04-22T20:03:15,28.97275,-88.62653,0.9,13.5,511.0,SYN-VESSEL-40,IMO9990040,SYN040,90,0,50,10,,90,A
999000040,2018-04-22T20:01:35,28.97276,-88.62654,0.4,20.2,511.0,SYN-VESSEL-40,IMO9990040,SYN040,90,0,50,10,,90,A
999000040,2018-04-22T20:00:15,28.97275,-88.62655,1.0,24.8,511.0,SYN-VESSEL-40,IMO9990040,SYN040,90,0,50,10,,90,A
999000040,2018-04-22T19:58:24,28.97275,-88.62654,0.2,54.2,511.0,SYN-VESSEL-40,IMO9990040,SYN040,90,0,50,10,,90,A
999000040,2018-04-22T19:56:44,28.97275,-88.62655,0.3,8.7,511.0,SYN-VESSEL-40,IMO9990040,SYN040,90,0,50,10,,90,A
999000040,2018-04-22T19:55:06,28.97277,-88.62654,1.0,358.8,511.0,SYN-VESSEL-40,IMO9990040,SYN040,90,0,50,10,,90,A
999000040,2018-04-22T20:08:36,28.97279,-88.62653,0.5,240.8,511.0,SYN-VESSEL-40,IMO9990040,SYN040,90,0,50,10,,90,A
999000040,2018-04-22T20:06:36,28.97275,-88.62654,0.5,220.6,511.0,SYN-VESSEL-40,IMO9990040,SYN040,90,0,50,10,,90,A
999000040,2018-04-22T20:05:24,28.97272,-88.62654,0.3,206.3,511.0,SYN-VESSEL-40,IMO9990040,SYN040,90,0,50,10,,90,A
999000040,2018-04-22T20:15:04,28.97279,-88.62655,1.0,32.9,511.0,SYN-VESSEL-40,IMO9990040,SYN040,90,0,50,10,,90,A
999000040,2018-04-22T20:09:45,28.97278,-88.62654,0.7,204.0,511.0,SYN-VESSEL-40,IMO9990040,SYN040,90,0,50,10,,90,A
999000040,2018-04-22T20:10:55,28.97275,-88.62653,0.3,190.9,511.0,SYN-VESSEL-40,IMO9990040,SYN040,90,0,50,10,,90,A
999000040,2018-04-22T20:12:45,28.97279,-88.62656,0.2,189.3,511.0,SYN-VESSEL-40,IMO9990040,SYN040,90,0,50,10,,90,A
999000040,2018-04-22T20:17:04,28.97281,-88.62653,0.9,237.6,511.0,SYN-VESSEL-40,IMO9990040,SYN040,90,0,50,10,,90,A
999000040,2018-04-22T20:20:55,28.97276,-88.62654,0.1,82.5,511.0,SYN-VESSEL-40,IMO9990040,SYN040,90,0,50,10,,90,A
999000040,2018-04-22T20:22:14,28.97278,-88.62656,0.0,101.8,511.0,SYN-VESSEL-40,IMO9990040,SYN040,90,0,50,10,,90,A
999000040,2018-04-22T18:19:14,28.97185,-88.62680,0.8,57.9,511.0,SYN-VESSEL-40,IMO9990040,SYN040,90,0,50,10,,90,A
999000040,2018-04-22T18:21:14,28.97186,-88.62681,0.1,26.6,511.0,SYN-VESSEL-40,IMO9990040,SYN040,90,0,50,10,,90,A
999000040,2018-04-22T18:23:35,28.97183,-88.62682,0.4,58.6,511.0,SYN-VESSEL-40,IMO9990040,SYN040,90,0,50,10,,90,A
999000040,2018-04-22T18:15:04,28.97182,-88.62680,0.3,48.9,511.0,SYN-VESSEL-40,IMO9990040,SYN040,90,0,50,10,,90,A
999000040,2018-04-22T18:17:04,28.97185,-88.62681,0.4,46.1,511.0,SYN-VESSEL-40,IMO9990040,SYN040,90,0,50,10,,90,A
999000040,2018-04-22T18:24:44,28.97187,-88.62684,0.7,27.9,511.0,SYN-VESSEL-40,IMO9990040,SYN040,90,0,50,10,,90,A
999000040,2018-04-22T18:27:44,28.97185,-88.62684,0.4,65.7,511.0,SYN-VESSEL-40,IMO9990040,SYN040,90,0,50,10,,90,A
999000040,2018-04-22T18:29:44,28.97186,-88.62681,0.5,228.1,511.0,SYN-VESSEL-40,IMO9990040,SYN040,90,0,50,10,,90,A
999000040,2018-04-22T18:33:04,28.97187,-88.62684,0.1,192.0,511.0,SYN-VESSEL-40,IMO9990040,SYN040,90,0,50,10,,90,A
999000040,2018-04-22T18:35:35,28.97186,-88.62686,0.4,244.0,511.0,SYN-VESSEL-40,IMO9990040,SYN040,90,0,50,10,,90,A
999000040,2018-04-22T18:36:45,28.97187,-88.62684,0.5,257.2,511.0,SYN-VESSEL-40,IMO9990040,SYN040,90,0,50,10,,90,A
999000040,2018-04-22T18:30:45,28.97188,-88.62684,0.7,268.5,511.0,SYN-VESSEL-40,IMO9990040,SYN040,90,0,50,10,,90,A
999000040,2018-04-22T18:34:15,28.97187,-88.62683,0.4,271.8,511.0,SYN-VESSEL-40,IMO9990040,SYN040,90,0,50,10,,90,A
999000040,2018-04-22T18:31:54,28.97188,-88.62686,0.6,234.3,511.0,SYN-VESSEL-40,IMO9990040,SYN040,90,0,50,10,,90,A
999000040,2018-04-22T18:39:04,28.97201,-88.62695,0.7,333.9,511.0,SYN-VESSEL-40,IMO9990040,SYN040,90,0,50,10,,90,A
999000040,2018-04-22T18:41:24,28.97227,-88.62692,0.6,33.9,511.0,SYN-VESSEL-40,IMO9990040,SYN040,90,0,50,10,,90,A
999000040,2018-04-22T18:47:55,28.97262,-88.62674,1.0,23.3,511.0,SYN-VESSEL-40,IMO9990040,SYN040,90,0,50,10,,90,A
999000040,2018-04-22T18:42:45,28.97229,-88.62694,0.8,44.3,511.0,SYN-VESSEL-40,IMO9990040,SYN040,90,0,50,10,,90,A
999000040,2018-04-22T22:14:55,28.97278,-88.62658,0.2,84.6,511.0,SYN-VESSEL-40,IMO9990040,SYN040,90,0,50,10,,90,A
999000040,2018-04-22T22:12:55,28.97277,-88.62658,1.3,69.6,511.0,SYN-VESSEL-40,IMO9990040,SYN040,90,0,50,10,,90,A
999000040,2018-04-22T22:20:24,28.97280,-88.62658,0.9,91.3,511.0,SYN-VESSEL-40,IMO9990040,SYN040,90,0,50,10,,90,A
999000040,2018-04-22T22:17:55,28.97277,-88.62658,1.1,57.8,511.0,SYN-VESSEL-40,IMO9990040,SYN040,90,0,50,10,,90,A
999000040,2018-04-22T22:21:44,28.97276,-88.62656,1.3,105.2,511.0,SYN-VESSEL-40,IMO9990040,SYN040,90,0,50,10,,90,A
999000040,2018-04-22T22:28:04,28.97275,-88.62659,1.6,215.3,511.0,SYN-VESSEL-40,IMO9990040,SYN040,90,0,50,10,,90,A
999000040,2018-04-22T22:26:34,28.97276,-88.62658,0.4,265.5,511.0,SYN-VESSEL-40,IMO9990040,SYN040,90,0,50,10,,90,A
999000040,2018-04-22T22:34:54,28.97275,-88.62657,0.2,229.1,511.0,SYN-VESSEL-40,IMO9990040,SYN040,90,0,50,10,,90,A
999000040,2018-04-22T22:29:45,28.97277,-88.62655,0.3,268.2,511.0,SYN-VESSEL-40,IMO9990040,SYN040,90,0,50,10,,90,A
999000040,2018-04-22T22:31:45,28.97279,-88.62654,1.0,245.4,511.0,SYN-VESSEL-40,IMO9990040,SYN040,90,0,50,10,,90,A
999000040,2018-04-22T22:36:05,28.97277,-88.62659,0.2,239.3,511.0,SYN-VESSEL-40,IMO9990040,SYN040,90,0,50,10,,90,A
999000040,2018-04-22T22:38:05,28.97275,-88.62660,0.4,270.7,511.0,SYN-VESSEL-40,IMO9990040,SYN040,90,0,50,10,,90,A
999000040,2018-04-22T22:40:15,28.97277,-88.62660,0.9,88.1,511.0,SYN-VESSEL-40,IMO9990040,SYN040,90,0,50,10,,90,A
999000040,2018-04-22T22:41:25,28.97277,-88.62662,1.0,70.2,511.0,SYN-VESSEL-40,IMO9990040,SYN040,90,0,50,10,,90,A
999000040,2018-04-22T22:44:55,28.97277,-88.62659,0.7,78.2,511.0,SYN-VESSEL-40,IMO9990040,SYN040,90,0,50,10,,90,A
999000040,2018-04-22T23:57:04,28.96690,-88.65328,9.2,263.0,511.0,SYN-VESSEL-40,IMO9990040,SYN040,90,0,50,10,,90,A
999000040,2018-04-22T21:01:55,28.97274,-88.62654,1.0,207.9,511.0,SYN-VESSEL-40,IMO9990040,SYN040,90,0,50,10,,90,A
999000040,2018-04-22T21:00:44,28.97275,-88.62655,0.6,261.8,511.0,SYN-VESSEL-40,IMO9990040,SYN040,90,0,50,10,,90,A
999000040,2018-04-22T20:59:34,28.97274,-88.62656,0.8,186.4,511.0,SYN-VESSEL-40,IMO9990040,SYN040,90,0,50,10,,90,A
999000040,2018-04-22T20:53:04,28.97272,-88.62653,0.1,252.4,511.0,SYN-VESSEL-40,IMO9990040,SYN040,90,0,50,10,,90,A
999000040,2018-04-22T20:58:14,28.97273,-88.62655,0.2,255.2,511.0,SYN-VESSEL-40,IMO9990040,SYN040,90,0,50,10,,90,A
999000040,2018-04-22T20:44:15,28.97276,-88.62655,0.6,221.9,511.0,SYN-VESSEL-40,IMO9990040,SYN040,90,0,50,10,,90,A
999000040,2018-04-22T20:48:55,28.97275,-88.62656,0.3,210.5,511.0,SYN-VESSEL-40,IMO9990040,SYN040,90,0,50,10,,90,A
999000040,2018-04-22T20:50:04,28.97275,-88.62655,0.6,209.0,511.0,SYN-VESSEL-40,IMO9990040,SYN040,90,0,50,10,,90,A
999000040,2018-04-22T20:51:24,28.97274,-88.62656,0.4,234.8,511.0,SYN-VESSEL-40,IMO9990040,SYN040,90,0,50,10,,90,A
999000040,2018-04-22T20:37:45,28.97275,-88.62654,0.6,196.0,511.0,SYN-VESSEL-40,IMO9990040,SYN040,90,0,50,10,,90,A
999000040,2018-04-22T20:36:35,28.97278,-88.62653,0.4,218.6,511.0,SYN-VESSEL-40,IMO9990040,SYN040,90,0,50,10,,90,A
999000040,2018-04-22T20:39:54,28.97273,-88.62655,0.9,189.5,511.0,SYN-VESSEL-40,IMO9990040,SYN040,90,0,50,10,,90,A
999000040,2018-04-22T20:43:06,28.97277,-88.62656,0.4,216.9,511.0,SYN-VESSEL-40,IMO9990040,SYN040,90,0,50,10,,90,A
999000040,2018-04-22T20:41:15,28.97276,-88.62658,0.6,249.7,511.0,SYN-VESSEL-40,IMO9990040,SYN040,90,0,50,10,,90,A
999000040,2018-04-22T20:32:55,28.97278,-88.62656,0.6,32.3,511.0,SYN-VESSEL-40,IMO9990040,SYN040,90,0,50,10,,90,A
999000040,2018-04-22T20:35:04,28.97281,-88.62655,0.5,343.1,511.0,SYN-VESSEL-40,IMO9990040,SYN040,90,0,50,10,,90,A
999000040,2018-04-22T20:30:55,28.97278,-88.62655,0.5,50.5,511.0,SYN-VESSEL-40,IMO9990040,SYN040,90,0,50,10,,90,A
999000040,2018-04-22T18:13:55,28.97185,-88.62681,0.2,18.0,511.0,SYN-VESSEL-40,IMO9990040,SYN040,90,0,50,10,,90,A
999000040,2018-04-22T18:00:25,28.97197,-88.62658,0.4,249.5,511.0,SYN-VESSEL-40,IMO9990040,SYN040,90,0,50,10,,90,A
999000040,2018-04-22T18:05:14,28.97183,-88.62681,0.1,222.3,511.0,SYN-VESSEL-40,IMO9990040,SYN040,90,0,50,10,,90,A
999000040,2018-04-22T18:02:54,28.97190,-88.62670,0.7,230.0,511.0,SYN-VESSEL-40,IMO9990040,SYN040,90,0,50,10,,90,A
999000040,2018-04-22T23:49:45,28.97007,-88.63265,9.1,260.5,511.0,SYN-VESSEL-40,IMO9990040,SYN040,90,0,50,10,,90,A
999000040,2018-04-22T23:55:05,28.96768,-88.64761,9.0,266.2,511.0,SYN-VESSEL-40,IMO9990040,SYN040,90,0,50,10,,90,A
999000040,2018-04-22T23:33:26,28.97287,-88.62667,0.5,214.8,511.0,SYN-VESSEL-40,IMO9990040,SYN040,90,0,50,10,,90,A
999000040,2018-04-22T23:40:34,28.97285,-88.62665,0.3,245.9,511.0,SYN-VESSEL-40,IMO9990040,SYN040,90,0,50,10,,90,A
999000040,2018-04-22T23:37:55,28.97286,-88.62664,0.9,218.8,511.0,SYN-VESSEL-40,IMO9990040,SYN040,90,0,50,10,,90,A
999000040,2018-04-22T23:35:46,28.97286,-88.62666,0.5,228.9,511.0,SYN-VESSEL-40,IMO9990040,SYN040,90,0,50,10,,90,A
999000040,2018-04-22T23:44:45,28.97285,-88.62664,0.7,249.7,511.0,SYN-VESSEL-40,IMO9990040,SYN040,90,0,50,10,,90,A
999000040,2018-04-22T23:18:55,28.97287,-88.62667,0.3,96.0,511.0,SYN-VESSEL-40,IMO9990040,SYN040,90,0,50,10,,90,A
999000040,2018-04-22T23:17:25,28.97288,-88.62666,1.0,68.9,511.0,SYN-VESSEL-40,IMO9990040,SYN040,90,0,50,10,,90,A
999000040,2018-04-22T23:23:55,28.97289,-88.62662,0.5,85.7,511.0,SYN-VESSEL-40,IMO9990040,SYN040,90,0,50,10,,90,A
999000040,2018-04-22T23:22:24,28.97289,-88.62666,0.5,104.6,511.0,SYN-VESSEL-40,IMO9990040,SYN040,90,0,50,10,,90,A
999000040,2018-04-22T23:28:15,28.97291,-88.62666,0.4,35.2,511.0,SYN-VESSEL-40,IMO9990040,SYN040,90,0,50,10,,90,A
999000040,2018-04-22T23:29:35,28.97289,-88.62668,0.4,49.6,511.0,SYN-VESSEL-40,IMO9990040,SYN040,90,0,50,10,,90,A
999000040,2018-04-22T23:31:15,28.97288,-88.62666,0.2,70.2,511.0,SYN-VESSEL-40,IMO9990040,SYN040,90,0,50,10,,90,A
999000040,2018-04-22T19:26:45,28.97278,-88.62655,1.1,223.2,511.0,SYN-VESSEL-40,IMO9990040,SYN040,90,0,50,10,,90,A
999000040,2018-04-22T19:25:15,28.97275,-88.62653,0.1,197.9,511.0,SYN-VESSEL-40,IMO9990040,SYN040,90,0,50,10,,90,A
999000040,2018-04-22T19:22:15,28.97279,-88.62656,0.9,265.2,511.0,SYN-VESSEL-40,IMO9990040,SYN040,90,0,50,10,,90,A
999000040,2018-04-22T19:33:34,28.97276,-88.62656,0.7,49.7,511.0,SYN-VESSEL-40,IMO9990040,SYN040,90,0,50,10,,90,A
999000040,2018-04-22T19:36:54,28.97277,-88.62653,0.4,41.5,511.0,SYN-VESSEL-40,IMO9990040,SYN040,90,0,50,10,,90,A
999000040,2018-04-22T19:29:34,28.97278,-88.62655,0.4,356.6,511.0,SYN-VESSEL-40,IMO9990040,SYN040,90,0,50,10,,90,A
999000040,2018-04-22T19:32:25,28.97276,-88.62656,0.6,50.3,511.0,SYN-VESSEL-40,IMO9990040,SYN040,90,0,50,10,,90,A
999000040,2018-04-22T19:43:34,28.97274,-88.62654,0.4,223.5,511.0,SYN-VESSEL-40,IMO9990040,SYN040,90,0,50,10,,90,A
999000040,2018-04-22T19:53:54,28.97277,-88.62651,0.3,44.4,511.0,SYN-VESSEL-40,IMO9990040,SYN040,90,0,50,10,,90,A
999000040,2018-04-22T19:49:34,28.97275,-88.62651,0.9,257.6,511.0,SYN-VESSEL-40,IMO9990040,SYN040,90,0,50,10,,90,A
999000040,2018-04-22T19:42:15,28.97274,-88.62656,0.3,179.2,511.0,SYN-VESSEL-40,IMO9990040,SYN040,90,0,50,10,,90,A
999000040,2018-04-22T19:05:35,28.97275,-88.62661,0.7,219.7,511.0,SYN-VESSEL-40,IMO9990040,SYN040,90,0,50,10,,90,A
999000040,2018-04-22T19:06:56,28.97278,-88.62663,0.6,359.8,511.0,SYN-VESSEL-40,IMO9990040,SYN040,90,0,50,10,,90,A
999000040,2018-04-22T19:10:24,28.97279,-88.62660,0.5,54.8,511.0,SYN-VESSEL-40,IMO9990040,SYN040,90,0,50,10,,90,A
999000040,2018-04-22T19:08:45,28.97279,-88.62660,0.6,54.8,511.0,SYN-VESSEL-40,IMO9990040,SYN040,90,0,50,10,,90,A
999000040,2018-04-22T19:16:55,28.97278,-88.62655,0.9,166.2,511.0,SYN-VESSEL-40,IMO9990040,SYN040,90,0,50,10,,90,A
999000040,2018-04-22T19:15:45,28.97278,-88.62657,1.7,271.3,511.0,SYN-VESSEL-40,IMO9990040,SYN040,90,0,50,10,,90,A
999000040,2018-04-22T19:13:44,28.97280,-88.62659,0.7,230.5,511.0,SYN-VESSEL-40,IMO9990040,SYN040,90,0,50,10,,90,A
999000040,2018-04-22T19:12:05,28.97279,-88.62656,0.9,71.0,511.0,SYN-VESSEL-40,IMO9990040,SYN040,90,0,50,10,,90,A
999000040,2018-04-22T18:50:55,28.97268,-88.62672,0.7,303.3,511.0,SYN-VESSEL-40,IMO9990040,SYN040,90,0,50,10,,90,A
999000040,2018-04-22T18:52:14,28.97270,-88.62669,1.1,69.9,511.0,SYN-VESSEL-40,IMO9990040,SYN040,90,0,50,10,,90,A
999000040,2018-04-22T18:49:45,28.97264,-88.62667,1.2,40.9,511.0,SYN-VESSEL-40,IMO9990040,SYN040,90,0,50,10,,90,A
999000040,2018-04-22T18:56:35,28.97275,-88.62669,0.9,221.7,511.0,SYN-VESSEL-40,IMO9990040,SYN040,90,0,50,10,,90,A
999000040,2018-04-22T18:55:14,28.97271,-88.62666,0.9,204.3,511.0,SYN-VESSEL-40,IMO9990040,SYN040,90,0,50,10,,90,A
999000040,2018-04-22T18:53:55,28.97272,-88.62668,0.3,83.6,511.0,SYN-VESSEL-40,IMO9990040,SYN040,90,0,50,10,,90,A
999000040,2018-04-22T18:58:06,28.97274,-88.62667,0.9,276.3,511.0,SYN-VESSEL-40,IMO9990040,SYN040,90,0,50,10,,90,A
999000040,2018-04-22T19:04:25,28.97275,-88.62664,0.3,249.7,511.0,SYN-VESSEL-40,IMO9990040,SYN040,90,0,50,10,,90,A
999000040,2018-04-22T19:02:45,28.97274,-88.62667,0.2,287.6,511.0,SYN-VESSEL-40,IMO9990040,SYN040,90,0,50,10,,90,A
999000040,2018-04-22T19:01:35,28.97273,-88.62668,0.5,249.6,511.0,SYN-VESSEL-40,IMO9990040,SYN040,90,0,50,10,,90,A
999000040,2018-04-22T19:00:15,28.97274,-88.62667,1.2,283.3,511.0,SYN-VESSEL-40,IMO9990040,SYN040,90,0,50,10,,90,A
999000040,2018-04-22T18:59:25,28.97274,-88.62667,0.2,242.6,511.0,SYN-VESSEL-40,IMO9990040,SYN040,90,0,50,10,,90,A
999000040,2018-04-22T19:18:55,28.97281,-88.62653,1.1,38.9,511.0,SYN-VESSEL-40,IMO9990040,SYN040,90,0,50,10,,90,A
999000040,2018-04-22T21:33:56,28.97279,-88.62656,0.6,32.1,511.0,SYN-VESSEL-40,IMO9990040,SYN040,90,0,50,10,,90,A
999000040,2018-04-22T21:35:05,28.97278,-88.62655,1.3,69.9,511.0,SYN-VESSEL-40,IMO9990040,SYN040,90,0,50,10,,90,A
999000040,2018-04-22T21:28:25,28.97276,-88.62655,0.2,27.0,511.0,SYN-VESSEL-40,IMO9990040,SYN040,90,0,50,10,,90,A
999000040,2018-04-22T21:29:56,28.97277,-88.62656,0.5,64.6,511.0,SYN-VESSEL-40,IMO9990040,SYN040,90,0,50,10,,90,A
999000040,2018-04-22T21:32:45,28.97277,-88.62655,0.5,85.0,511.0,SYN-VESSEL-40,IMO9990040,SYN040,90,0,50,10,,90,A
999000040,2018-04-22T21:18:34,28.97276,-88.62659,0.7,235.6,511.0,SYN-VESSEL-40,IMO9990040,SYN040,90,0,50,10,,90,A
999000040,2018-04-22T21:20:45,28.97277,-88.62656,0.9,16.2,511.0,SYN-VESSEL-40,IMO9990040,SYN040,90,0,50,10,,90,A
999000040,2018-04-22T21:23:55,28.97275,-88.62654,0.9,64.9,511.0,SYN-VESSEL-40,IMO9990040,SYN040,90,0,50,10,,90,A
999000040,2018-04-22T21:10:35,28.97274,-88.62655,1.0,242.4,511.0,SYN-VESSEL-40,IMO9990040,SYN040,90,0,50,10,,90,A
999000040,2018-04-22T21:11:55,28.97275,-88.62655,0.3,236.1,511.0,SYN-VESSEL-40,IMO9990040,SYN040,90,0,50,10,,90,A
999000040,2018-04-22T21:05:35,28.97274,-88.62655,1.1,210.4,511.0,SYN-VESSEL-40,IMO9990040,SYN040,90,0,50,10,,90,A
999000040,2018-04-22T21:04:34,28.97276,-88.62655,0.2,218.3,511.0,SYN-VESSEL-40,IMO9990040,SYN040,90,0,50,10,,90,A
999000040,2018-04-22T21:06:44,28.97273,-88.62656,1.6,235.8,511.0,SYN-VESSEL-40,IMO9990040,SYN040,90,0,50,10,,90,A
999000040,2018-04-22T21:07:45,28.97274,-88.62656,0.4,211.2,511.0,SYN-VESSEL-40,IMO9990040,SYN040,90,0,50,10,,90,A
999000031,2018-04-22T23:10:33,29.17909,-89.25789,0.0,313.2,65.0,SYN-VESSEL-31,,SYN031,90,0,15,4,,50,A
999000031,2018-04-22T23:09:32,29.17910,-89.25789,0.0,308.7,65.0,SYN-VESSEL-31,,SYN031,90,0,15,4,,50,A
999000031,2018-04-22T23:08:12,29.17909,-89.25790,0.0,302.8,65.0,SYN-VESSEL-31,,SYN031,90,0,15,4,,50,A
999000031,2018-04-22T23:13:42,29.17910,-89.25789,0.0,320.8,65.0,SYN-VESSEL-31,,SYN031,90,0,15,4,,50,A
999000031,2018-04-22T23:12:32,29.17909,-89.25789,0.0,318.1,65.0,SYN-VESSEL-31,,SYN031,90,0,15,4,,50,A
999000031,2018-04-22T23:02:22,29.17909,-89.25788,0.0,282.4,65.0,SYN-VESSEL-31,,SYN031,90,0,15,4,,50,A
999000031,2018-04-22T23:03:32,29.17909,-89.25788,0.0,296.4,65.0,SYN-VESSEL-31,,SYN031,90,0,15,4,,50,A
999000031,2018-04-22T23:01:13,29.17908,-89.25789,0.0,279.4,65.0,SYN-VESSEL-31,,SYN031,90,0,15,4,,50,A
999000031,2018-04-22T23:07:02,29.17909,-89.25790,0.0,305.1,65.0,SYN-VESSEL-31,,SYN031,90,0,15,4,,50,A
999000031,2018-04-22T23:05:52,29.17910,-89.25788,0.0,303.6,65.0,SYN-VESSEL-31,,SYN031,90,0,15,4,,50,A
999000031,2018-04-22T23:04:43,29.17909,-89.25788,0.0,298.1,65.0,SYN-VESSEL-31,,SYN031,90,0,15,4,,50,A
999000031,2018-04-22T22:55:22,29.17910,-89.25790,0.1,265.4,64.0,SYN-VESSEL-31,,SYN031,90,0,15,4,,50,A
999000031,2018-04-22T22:53:52,29.17909,-89.25789,0.0,262.1,65.0,SYN-VESSEL-31,,SYN031,90,0,15,4,,50,A
999000031,2018-04-22T22:50:33,29.17910,-89.25788,0.0,274.5,65.0,SYN-VESSEL-31,,SYN031,90,0,15,4,,50,A
999000031,2018-04-22T22:49:22,29.17909,-89.25788,0.0,310.6,65.0,SYN-VESSEL-31,,SYN031,90,0,15,4,,50,A
999000031,2018-04-22T22:51:52,29.17909,-89.25788,0.0,266.7,65.0,SYN-VESSEL-31,,SYN031,90,0,15,4,,50,A
999000031,2018-04-22T22:46:12,29.17910,-89.25786,0.0,310.7,65.0,SYN-VESSEL-31,,SYN031,90,0,15,4,,50,A
999000031,2018-04-22T22:47:33,29.17909,-89.25786,0.0,289.1,65.0,SYN-VESSEL-31,,SYN031,90,0,15,4,,50,A
999000031,2018-04-22T23:00:03,29.17908,-89.25789,0.0,268.0,65.0,SYN-VESSEL-31,,SYN031,90,0,15,4,,50,A
999000031,2018-04-22T22:57:32,29.17909,-89.25790,0.0,267.6,65.0,SYN-VESSEL-31,,SYN031,90,0,15,4,,50,A
999000031,2018-04-22T22:59:32,29.17908,-89.25789,0.1,268.6,65.0,SYN-VESSEL-31,,SYN031,90,0,15,4,,50,A
999000031,2018-04-22T23:15:32,29.17909,-89.25788,0.0,321.1,65.0,SYN-VESSEL-31,,SYN031,90,0,15,4,,50,A
999000031,2018-04-22T23:17:32,29.17910,-89.25789,0.0,322.3,65.0,SYN-VESSEL-31,,SYN031,90,0,15,4,,50,A
999000031,2018-04-22T22:08:43,29.17909,-89.25787,0.0,269.5,65.0,SYN-VESSEL-31,,SYN031,90,0,15,4,,50,A
999000031,2018-04-22T21:58:32,29.17909,-89.25790,0.0,247.3,65.0,SYN-VESSEL-31,,SYN031,90,0,15,4,,50,A
999000031,2018-04-22T21:59:53,29.17909,-89.25789,0.0,253.6,64.0,SYN-VESSEL-31,,SYN031,90,0,15,4,,50,A
999000031,2018-04-22T22:00:02,29.17909,-89.25788,0.1,263.8,65.0,SYN-VESSEL-31,,SYN031,90,0,15,4,,50,A
999000031,2018-04-22T22:06:02,29.17909,-89.25788,0.0,267.8,65.0,SYN-VESSEL-31,,SYN031,90,0,15,4,,50,A
999000031,2018-04-22T22:07:32,29.17909,-89.25787,0.0,269.7,65.0,SYN-VESSEL-31,,SYN031,90,0,15,4,,50,A
999000031,2018-04-22T22:01:12,29.17909,-89.25789,0.0,262.4,65.0,SYN-VESSEL-31,,SYN031,90,0,15,4,,50,A
999000031,2018-04-22T22:02:22,29.17909,-89.25788,0.0,259.8,65.0,SYN-VESSEL-31,,SYN031,90,0,15,4,,50,A
999000031,2018-04-22T22:03:43,29.17909,-89.25789,0.0,263.3,65.0,SYN-VESSEL-31,,SYN031,90,0,15,4,,50,A
999000031,2018-04-22T22:04:53,29.17908,-89.25788,0.0,262.4,65.0,SYN-VESSEL-31,,SYN031,90,0,15,4,,50,A
999000031,2018-04-22T21:55:32,29.17908,-89.25789,0.0,245.2,65.0,SYN-VESSEL-31,,SYN031,90,0,15,4,,50,A
999000031,2018-04-22T21:54:22,29.17908,-89.25788,0.0,252.3,65.0,SYN-VESSEL-31,,SYN031,90,0,15,4,,50,A
999000031,2018-04-22T21:52:32,29.17909,-89.25789,0.0,259.2,65.0,SYN-VESSEL-31,,SYN031,90,0,15,4,,50,A
999000031,2018-04-22T21:49:22,29.17910,-89.25790,0.0,258.3,65.0,SYN-VESSEL-31,,SYN031,90,0,15,4,,50,A
999000031,2018-04-22T21:50:32,29.17909,-89.25788,0.0,254.3,65.0,SYN-VESSEL-31,,SYN031,90,0,15,4,,50,A
999000031,2018-04-22T21:43:23,29.17909,-89.25788,0.0,249.4,65.0,SYN-VESSEL-31,,SYN031,90,0,15,4,,50,A
999000031,2018-04-22T21:47:23,29.17909,-89.25789,0.0,254.8,65.0,SYN-VESSEL-31,,SYN031,90,0,15,4,,50,A
999000031,2018-04-22T21:42:22,29.17910,-89.25789,0.0,252.7,65.0,SYN-VESSEL-31,,SYN031,90,0,15,4,,50,A
999000031,2018-04-22T21:40:32,29.17910,-89.25788,0.0,249.7,65.0,SYN-VESSEL-31,,SYN031,90,0,15,4,,50,A
999000031,2018-04-22T20:28:33,29.17910,-89.25789,0.0,276.1,64.0,SYN-VESSEL-31,,SYN031,90,0,15,4,,50,A
999000031,2018-04-22T20:27:13,29.17911,-89.25790,0.0,277.1,65.0,SYN-VESSEL-31,,SYN031,90,0,15,4,,50,A
999000031,2018-04-22T19:59:43,29.17909,-89.25789,0.1,270.9,63.0,SYN-VESSEL-31,,SYN031,90,0,15,4,,50,A
999000031,2018-04-22T20:01:13,29.17911,-89.25790,0.0,262.3,65.0,SYN-VESSEL-31,,SYN031,90,0,15,4,,50,A
999000031,2018-04-22T20:00:02,29.17909,-89.25789,0.1,266.6,64.0,SYN-VESSEL-31,,SYN031,90,0,15,4,,50,A
999000031,2018-04-22T20:02:22,29.17910,-89.25790,0.0,263.6,65.0,SYN-VESSEL-31,,SYN031,90,0,15,4,,50,A
999000031,2018-04-22T20:07:22,29.17910,-89.25788,0.0,251.1,64.0,SYN-VESSEL-31,,SYN031,90,0,15,4,,50,A
999000031,2018-04-22T20:08:53,29.17910,-89.25789,0.1,249.4,63.0,SYN-VESSEL-31,,SYN031,90,0,15,4,,50,A
999000031,2018-04-22T20:06:13,29.17911,-89.25788,0.0,252.9,63.0,SYN-VESSEL-31,,SYN031,90,0,15,4,,50,A
999000031,2018-04-22T20:03:33,29.17909,-89.25789,0.0,268.5,64.0,SYN-VESSEL-31,,SYN031,90,0,15,4,,50,A
999000031,2018-04-22T20:04:43,29.17910,-89.25789,0.1,258.1,64.0,SYN-VESSEL-31,,SYN031,90,0,15,4,,50,A
999000031,2018-04-22T20:12:02,29.17910,-89.25788,0.0,266.1,64.0,SYN-VESSEL-31,,SYN031,90,0,15,4,,50,A
999000031,2018-04-22T20:13:32,29.17911,-89.25791,0.0,264.4,65.0,SYN-VESSEL-31,,SYN031,90,0,15,4,,50,A
999000031,2018-04-22T20:10:02,29.17910,-89.25788,0.0,253.2,65.0,SYN-VESSEL-31,,SYN031,90,0,15,4,,50,A
999000031,2018-04-22T20:17:32,29.17910,-89.25789,0.0,268.2,65.0,SYN-VESSEL-31,,SYN031,90,0,15,4,,50,A
999000031,2018-04-22T20:15:02,29.17910,-89.25789,0.0,265.6,65.0,SYN-VESSEL-31,,SYN031,90,0,15,4,,50,A
999000031,2018-04-22T20:19:32,29.17909,-89.25788,0.0,272.2,64.0,SYN-VESSEL-31,,SYN031,90,0,15,4,,50,A
999000031,2018-04-22T20:24:13,29.17910,-89.25789,0.0,271.0,65.0,SYN-VESSEL-31,,SYN031,90,0,15,4,,50,A
999000031,2018-04-22T20:25:33,29.17911,-89.25790,0.0,272.2,65.0,SYN-VESSEL-31,,SYN031,90,0,15,4,,50,A
999000031,2018-04-22T20:22:13,29.17911,-89.25789,0.0,274.7,65.0,SYN-VESSEL-31,,SYN031,90,0,15,4,,50,A
999000031,2018-04-22T18:28:22,29.17910,-89.25789,0.0,226.6,64.0,SYN-VESSEL-31,,SYN031,90,0,15,4,,50,A
999000031,2018-04-22T18:29:33,29.17909,-89.25789,0.0,227.4,65.0,SYN-VESSEL-31,,SYN031,90,0,15,4,,50,A
999000031,2018-04-22T18:27:13,29.17910,-89.25789,0.0,222.5,65.0,SYN-VESSEL-31,,SYN031,90,0,15,4,,50,A
999000031,2018-04-22T18:25:52,29.17910,-89.25789,0.0,221.5,65.0,SYN-VESSEL-31,,SYN031,90,0,15,4,,50,A
999000031,2018-04-22T18:18:43,29.17909,-89.25789,0.0,222.2,65.0,SYN-VESSEL-31,,SYN031,90,0,15,4,,50,A
999000031,2018-04-22T18:17:02,29.17909,-89.25789,0.0,226.4,65.0,SYN-VESSEL-31,,SYN031,90,0,15,4,,50,A
999000031,2018-04-22T18:20:53,29.17909,-89.25788,0.0,216.9,65.0,SYN-VESSEL-31,,SYN031,90,0,15,4,,50,A
999000031,2018-04-22T18:24:43,29.17909,-89.25789,0.0,220.7,65.0,SYN-VESSEL-31,,SYN031,90,0,15,4,,50,A
999000031,2018-04-22T18:22:43,29.17909,-89.25789,0.0,223.4,65.0,SYN-VESSEL-31,,SYN031,90,0,15,4,,50,A
999000031,2018-04-22T18:40:52,29.17908,-89.25788,0.0,234.1,65.0,SYN-VESSEL-31,,SYN031,90,0,15,4,,50,A
999000031,2018-04-22T18:42:03,29.17909,-89.25790,0.0,232.7,65.0,SYN-VESSEL-31,,SYN031,90,0,15,4,,50,A
999000031,2018-04-22T18:44:43,29.17909,-89.25789,0.1,226.9,62.0,SYN-VESSEL-31,,SYN031,90,0,15,4,,50,A
999000031,2018-04-22T18:43:13,29.17909,-89.25789,0.0,231.0,65.0,SYN-VESSEL-31,,SYN031,90,0,15,4,,50,A
999000031,2018-04-22T18:47:53,29.17909,-89.25789,0.0,229.4,64.0,SYN-VESSEL-31,,SYN031,90,0,15,4,,50,A
999000031,2018-04-22T18:46:33,29.17909,-89.25789,0.1,229.6,64.0,SYN-VESSEL-31,,SYN031,90,0,15,4,,50,A
999000031,2018-04-22T18:38:32,29.17908,-89.25791,0.0,231.2,65.0,SYN-VESSEL-31,,SYN031,90,0,15,4,,50,A
999000031,2018-04-22T18:39:43,29.17908,-89.25790,0.0,228.8,65.0,SYN-VESSEL-31,,SYN031,90,0,15,4,,50,A
999000031,2018-04-22T18:36:32,29.17908,-89.25789,0.0,230.5,64.0,SYN-VESSEL-31,,SYN031,90,0,15,4,,50,A
999000031,2018-04-22T18:32:43,29.17908,-89.25788,0.0,227.6,65.0,SYN-VESSEL-31,,SYN031,90,0,15,4,,50,A
999000031,2018-04-22T18:34:23,29.17908,-89.25789,0.0,231.8,65.0,SYN-VESSEL-31,,SYN031,90,0,15,4,,50,A
999000031,2018-04-22T18:52:43,29.17909,-89.25789,0.0,230.2,63.0,SYN-VESSEL-31,,SYN031,90,0,15,4,,50,A
999000031,2018-04-22T18:51:32,29.17909,-89.25788,0.0,231.1,65.0,SYN-VESSEL-31,,SYN031,90,0,15,4,,50,A
999000031,2018-04-22T18:49:32,29.17909,-89.25789,0.0,230.8,65.0,SYN-VESSEL-31,,SYN031,90,0,15,4,,50,A
999000031,2018-04-22T22:23:32,29.17909,-89.25786,0.0,278.3,65.0,SYN-VESSEL-31,,SYN031,90,0,15,4,,50,A
999000031,2018-04-22T22:26:23,29.17909,-89.25786,0.0,278.2,65.0,SYN-VESSEL-31,,SYN031,90,0,15,4,,50,A
999000031,2018-04-22T22:25:03,29.17909,-89.25787,0.0,287.5,65.0,SYN-VESSEL-31,,SYN031,90,0,15,4,,50,A
999000031,2018-04-22T22:21:32,29.17910,-89.25790,0.0,320.2,65.0,SYN-VESSEL-31,,SYN031,90,0,15,4,,50,A
999000031,2018-04-22T22:15:32,29.17909,-89.25790,0.0,320.2,65.0,SYN-VESSEL-31,,SYN031,90,0,15,4,,50,A
999000031,2018-04-22T22:20:23,29.17909,-89.25790,0.0,280.5,65.0,SYN-VESSEL-31,,SYN031,90,0,15,4,,50,A
999000031,2018-04-22T22:16:52,29.17909,-89.25789,0.0,281.7,65.0,SYN-VESSEL-31,,SYN031,90,0,15,4,,50,A
999000031,2018-04-22T22:13:32,29.17910,-89.25791,0.0,275.8,65.0,SYN-VESSEL-31,,SYN031,90,0,15,4,,50,A
999000031,2018-04-22T22:19:03,29.17909,-89.25789,0.0,320.2,65.0,SYN-VESSEL-31,,SYN031,90,0,15,4,,50,A
999000031,2018-04-22T22:10:32,29.17909,-89.25789,0.0,271.0,65.0,SYN-VESSEL-31,,SYN031,90,0,15,4,,50,A
999000031,2018-04-22T22:11:43,29.17910,-89.25790,0.0,275.0,65.0,SYN-VESSEL-31,,SYN031,90,0,15,4,,50,A
999000031,2018-04-22T22:36:12,29.17910,-89.25788,0.0,320.2,65.0,SYN-VESSEL-31,,SYN031,90,0,15,4,,50,A
999000031,2018-04-22T22:35:02,29.17910,-89.25788,0.0,320.2,65.0,SYN-VESSEL-31,,SYN031,90,0,15,4,,50,A
999000031,2018-04-22T22:40:22,29.17910,-89.25788,0.0,281.0,65.0,SYN-VESSEL-31,,SYN031,90,0,15,4,,50,A
999000031,2018-04-22T22:41:42,29.17910,-89.25788,0.0,285.3,65.0,SYN-VESSEL-31,,SYN031,90,0,15,4,,50,A
999000031,2018-04-22T22:43:03,29.17910,-89.25789,0.0,294.8,65.0,SYN-VESSEL-31,,SYN031,90,0,15,4,,50,A
999000031,2018-04-22T22:32:02,29.17910,-89.25788,0.0,270.0,65.0,SYN-VESSEL-31,,SYN031,90,0,15,4,,50,A
999000031,2018-04-22T22:30:43,29.17909,-89.25788,0.0,248.2,65.0,SYN-VESSEL-31,,SYN031,90,0,15,4,,50,A
999000031,2018-04-22T22:29:02,29.17910,-89.25787,0.0,320.2,65.0,SYN-VESSEL-31,,SYN031,90,0,15,4,,50,A
999000031,2018-04-22T22:27:32,29.17909,-89.25786,0.0,320.2,65.0,SYN-VESSEL-31,,SYN031,90,0,15,4,,50,A
999000031,2018-04-22T23:59:13,29.17911,-89.25791,0.0,314.9,65.0,SYN-VESSEL-31,,SYN031,90,0,15,4,,50,A
999000031,2018-04-22T21:02:33,29.17909,-89.25790,0.0,262.0,65.0,SYN-VESSEL-31,,SYN031,90,0,15,4,,50,A
999000031,2018-04-22T20:47:42,29.17911,-89.25789,0.0,294.8,64.0,SYN-VESSEL-31,,SYN031,90,0,15,4,,50,A
999000031,2018-04-22T20:49:52,29.17909,-89.25789,0.0,280.1,65.0,SYN-VESSEL-31,,SYN031,90,0,15,4,,50,A
999000031,2018-04-22T20:51:22,29.17909,-89.25788,0.0,272.9,64.0,SYN-VESSEL-31,,SYN031,90,0,15,4,,50,A
999000031,2018-04-22T20:52:52,29.17910,-89.25789,0.0,270.7,65.0,SYN-VESSEL-31,,SYN031,90,0,15,4,,50,A
999000031,2018-04-22T20:54:43,29.17910,-89.25789,0.0,263.8,65.0,SYN-VESSEL-31,,SYN031,90,0,15,4,,50,A
999000031,2018-04-22T20:55:52,29.17909,-89.25788,0.0,261.0,65.0,SYN-VESSEL-31,,SYN031,90,0,15,4,,50,A
999000031,2018-04-22T20:57:02,29.17909,-89.25788,0.0,260.4,64.0,SYN-VESSEL-31,,SYN031,90,0,15,4,,50,A
999000031,2018-04-22T21:01:12,29.17909,-89.25790,0.0,264.0,65.0,SYN-VESSEL-31,,SYN031,90,0,15,4,,50,A
999000031,2018-04-22T21:00:02,29.17909,-89.25790,0.0,263.3,65.0,SYN-VESSEL-31,,SYN031,90,0,15,4,,50,A
999000031,2018-04-22T20:58:53,29.17909,-89.25788,0.0,263.4,65.0,SYN-VESSEL-31,,SYN031,90,0,15,4,,50,A
999000031,2018-04-22T20:45:42,29.17911,-89.25789,0.0,301.7,65.0,SYN-VESSEL-31,,SYN031,90,0,15,4,,50,A
999000031,2018-04-22T20:44:22,29.17910,-89.25790,0.0,300.8,64.0,SYN-VESSEL-31,,SYN031,90,0,15,4,,50,A
999000031,2018-04-22T20:40:34,29.17911,-89.25789,0.0,296.7,64.0,SYN-VESSEL-31,,SYN031,90,0,15,4,,50,A
999000031,2018-04-22T20:39:33,29.17911,-89.25789,0.0,294.6,65.0,SYN-VESSEL-31,,SYN031,90,0,15,4,,50,A
999000031,2018-04-22T20:38:22,29.17911,-89.25789,0.0,292.0,65.0,SYN-VESSEL-31,,SYN031,90,0,15,4,,50,A
999000031,2018-04-22T20:31:03,29.17910,-89.25789,0.0,281.4,65.0,SYN-VESSEL-31,,SYN031,90,0,15,4,,50,A
999000031,2018-04-22T20:29:53,29.17910,-89.25789,0.0,278.5,65.0,SYN-VESSEL-31,,SYN031,90,0,15,4,,50,A
999000031,2018-04-22T20:34:33,29.17910,-89.25790,0.0,287.2,65.0,SYN-VESSEL-31,,SYN031,90,0,15,4,,50,A
999000031,2018-04-22T20:36:33,29.17912,-89.25789,0.0,289.2,64.0,SYN-VESSEL-31,,SYN031,90,0,15,4,,50,A
999000031,2018-04-22T18:01:13,29.17909,-89.25790,0.0,230.9,65.0,SYN-VESSEL-31,,SYN031,90,0,15,4,,50,A
999000031,2018-04-22T18:00:03,29.17909,-89.25789,0.0,230.6,65.0,SYN-VESSEL-31,,SYN031,90,0,15,4,,50,A
999000031,2018-04-22T18:06:23,29.17909,-89.25789,0.0,232.1,65.0,SYN-VESSEL-31,,SYN031,90,0,15,4,,50,A
999000031,2018-04-22T18:03:42,29.17909,-89.25789,0.0,235.3,65.0,SYN-VESSEL-31,,SYN031,90,0,15,4,,50,A
999000031,2018-04-22T18:04:52,29.17909,-89.25789,0.0,234.6,65.0,SYN-VESSEL-31,,SYN031,90,0,15,4,,50,A
999000031,2018-04-22T18:02:23,29.17909,-89.25789,0.0,232.5,65.0,SYN-VESSEL-31,,SYN031,90,0,15,4,,50,A
999000031,2018-04-22T18:09:32,29.17910,-89.25789,0.0,232.1,65.0,SYN-VESSEL-31,,SYN031,90,0,15,4,,50,A
999000031,2018-04-22T18:07:32,29.17909,-89.25789,0.0,236.6,65.0,SYN-VESSEL-31,,SYN031,90,0,15,4,,50,A
999000031,2018-04-22T18:12:33,29.17910,-89.25790,0.0,228.3,65.0,SYN-VESSEL-31,,SYN031,90,0,15,4,,50,A
999000031,2018-04-22T18:11:02,29.17909,-89.25790,0.0,228.9,65.0,SYN-VESSEL-31,,SYN031,90,0,15,4,,50,A
999000031,2018-04-22T18:15:32,29.17909,-89.25789,0.0,226.3,65.0,SYN-VESSEL-31,,SYN031,90,0,15,4,,50,A
999000031,2018-04-22T18:14:02,29.17910,-89.25789,0.0,226.1,65.0,SYN-VESSEL-31,,SYN031,90,0,15,4,,50,A
999000031,2018-04-22T23:20:43,29.17909,-89.25789,0.0,325.6,65.0,SYN-VESSEL-31,,SYN031,90,0,15,4,,50,A
999000031,2018-04-22T23:19:32,29.17909,-89.25788,0.0,328.5,65.0,SYN-VESSEL-31,,SYN031,90,0,15,4,,50,A
999000031,2018-04-22T23:25:43,29.17910,-89.25787,0.0,324.0,65.0,SYN-VESSEL-31,,SYN031,90,0,15,4,,50,A
999000031,2018-04-22T23:23:43,29.17910,-89.25789,0.0,325.4,65.0,SYN-VESSEL-31,,SYN031,90,0,15,4,,50,A
999000031,2018-04-22T23:22:32,29.17908,-89.25789,0.0,325.3,65.0,SYN-VESSEL-31,,SYN031,90,0,15,4,,50,A
999000031,2018-04-22T23:27:22,29.17910,-89.25787,0.0,323.2,65.0,SYN-VESSEL-31,,SYN031,90,0,15,4,,50,A
999000031,2018-04-22T23:35:02,29.17912,-89.25789,0.0,334.9,65.0,SYN-VESSEL-31,,SYN031,90,0,15,4,,50,A
999000031,2018-04-22T23:28:33,29.17911,-89.25788,0.0,325.0,65.0,SYN-VESSEL-31,,SYN031,90,0,15,4,,50,A
999000031,2018-04-22T23:29:43,29.17911,-89.25789,0.0,325.5,65.0,SYN-VESSEL-31,,SYN031,90,0,15,4,,50,A
999000031,2018-04-22T23:33:02,29.17911,-89.25789,0.0,322.1,65.0,SYN-VESSEL-31,,SYN031,90,0,15,4,,50,A
999000031,2018-04-22T23:43:43,29.17910,-89.25791,0.1,343.4,65.0,SYN-VESSEL-31,,SYN031,90,0,15,4,,50,A
999000031,2018-04-22T23:48:42,29.17909,-89.25788,0.0,344.2,65.0,SYN-VESSEL-31,,SYN031,90,0,15,4,,50,A
999000031,2018-04-22T23:46:23,29.17908,-89.25788,0.1,5.2,64.0,SYN-VESSEL-31,,SYN031,90,0,15,4,,50,A
999000031,2018-04-22T23:52:42,29.17909,-89.25789,0.0,325.7,65.0,SYN-VESSEL-31,,SYN031,90,0,15,4,,50,A
999000031,2018-04-22T23:50:33,29.17908,-89.25788,0.0,331.9,65.0,SYN-VESSEL-31,,SYN031,90,0,15,4,,50,A
999000031,2018-04-22T23:40:02,29.17910,-89.25790,0.0,324.2,65.0,SYN-VESSEL-31,,SYN031,90,0,15,4,,50,A
999000031,2018-04-22T23:37:32,29.17909,-89.25789,0.0,322.9,65.0,SYN-VESSEL-31,,SYN031,90,0,15,4,,50,A
999000031,2018-04-22T23:38:53,29.17910,-89.25790,0.0,322.8,65.0,SYN-VESSEL-31,,SYN031,90,0,15,4,,50,A
999000031,2018-04-22T23:58:02,29.17910,-89.25790,0.0,316.6,65.0,SYN-VESSEL-31,,SYN031,90,0,15,4,,50,A
999000031,2018-04-22T23:55:22,29.17907,-89.25788,0.0,317.8,65.0,SYN-VESSEL-31,,SYN031,90,0,15,4,,50,A
999000031,2018-04-22T23:54:03,29.17909,-89.25790,0.0,320.6,65.0,SYN-VESSEL-31,,SYN031,90,0,15,4,,50,A
999000031,2018-04-22T23:56:42,29.17908,-89.25789,0.0,316.0,65.0,SYN-VESSEL-31,,SYN031,90,0,15,4,,50,A
999000031,2018-04-22T19:56:42,29.17908,-89.25788,0.1,289.1,62.0,SYN-VESSEL-31,,SYN031,90,0,15,4,,50,A
999000031,2018-04-22T19:55:32,29.17908,-89.25788,0.1,274.5,65.0,SYN-VESSEL-31,,SYN031,90,0,15,4,,50,A
999000031,2018-04-22T19:58:32,29.17910,-89.25789,0.0,268.4,65.0,SYN-VESSEL-31,,SYN031,90,0,15,4,,50,A
999000031,2018-04-22T19:50:23,29.17909,-89.25789,0.0,273.2,65.0,SYN-VESSEL-31,,SYN031,90,0,15,4,,50,A
999000031,2018-04-22T19:51:53,29.17909,-89.25788,0.0,275.5,64.0,SYN-VESSEL-31,,SYN031,90,0,15,4,,50,A
999000031,2018-04-22T19:53:42,29.17909,-89.25788,0.0,277.5,65.0,SYN-VESSEL-31,,SYN031,90,0,15,4,,50,A
999000031,2018-04-22T19:39:12,29.17909,-89.25788,0.0,290.5,65.0,SYN-VESSEL-31,,SYN031,90,0,15,4,,50,A
999000031,2018-04-22T19:42:12,29.17908,-89.25790,0.0,281.6,65.0,SYN-VESSEL-31,,SYN031,90,0,15,4,,50,A
999000031,2018-04-22T19:46:53,29.17910,-89.25791,0.0,264.9,64.0,SYN-VESSEL-31,,SYN031,90,0,15,4,,50,A
999000031,2018-04-22T19:45:43,29.17909,-89.25789,0.0,283.5,64.0,SYN-VESSEL-31,,SYN031,90,0,15,4,,50,A
999000031,2018-04-22T19:35:13,29.17909,-89.25790,0.0,301.8,65.0,SYN-VESSEL-31,,SYN031,90,0,15,4,,50,A
999000031,2018-04-22T19:38:02,29.17909,-89.25790,0.0,299.2,65.0,SYN-VESSEL-31,,SYN031,90,0,15,4,,50,A
999000031,2018-04-22T19:33:02,29.17910,-89.25792,0.0,298.2,65.0,SYN-VESSEL-31,,SYN031,90,0,15,4,,50,A
999000031,2018-04-22T19:31:13,29.17910,-89.25789,0.0,288.9,65.0,SYN-VESSEL-31,,SYN031,90,0,15,4,,50,A
999000031,2018-04-22T19:23:33,29.17909,-89.25789,0.0,244.1,64.0,SYN-VESSEL-31,,SYN031,90,0,15,4,,50,A
999000031,2018-04-22T19:22:22,29.17906,-89.25791,0.0,240.5,65.0,SYN-VESSEL-31,,SYN031,90,0,15,4,,50,A
999000031,2018-04-22T19:26:33,29.17908,-89.25789,0.0,263.2,65.0,SYN-VESSEL-31,,SYN031,90,0,15,4,,50,A
999000031,2018-04-22T19:28:02,29.17910,-89.25789,0.0,276.9,65.0,SYN-VESSEL-31,,SYN031,90,0,15,4,,50,A
999000031,2018-04-22T19:29:33,29.17910,-89.25790,0.0,282.2,65.0,SYN-VESSEL-31,,SYN031,90,0,15,4,,50,A
999000031,2018-04-22T19:20:52,29.17907,-89.25791,0.0,241.3,65.0,SYN-VESSEL-31,,SYN031,90,0,15,4,,50,A
999000031,2018-04-22T19:16:33,29.17911,-89.25787,0.0,232.9,65.0,SYN-VESSEL-31,,SYN031,90,0,15,4,,50,A
999000031,2018-04-22T19:19:42,29.17907,-89.25789,0.0,236.6,65.0,SYN-VESSEL-31,,SYN031,90,0,15,4,,50,A
999000031,2018-04-22T19:18:12,29.17910,-89.25788,0.0,236.4,63.0,SYN-VESSEL-31,,SYN031,90,0,15,4,,50,A
999000031,2018-04-22T19:13:12,29.17910,-89.25788,0.1,232.8,62.0,SYN-VESSEL-31,,SYN031,90,0,15,4,,50,A
999000031,2018-04-22T19:14:33,29.17910,-89.25789,0.0,234.4,65.0,SYN-VESSEL-31,,SYN031,90,0,15,4,,50,A
999000031,2018-04-22T19:06:23,29.17910,-89.25787,0.0,221.5,65.0,SYN-VESSEL-31,,SYN031,90,0,15,4,,50,A
999000031,2018-04-22T19:07:32,29.17910,-89.25789,0.0,224.6,65.0,SYN-VESSEL-31,,SYN031,90,0,15,4,,50,A
999000031,2018-04-22T19:10:32,29.17909,-89.25788,0.0,224.2,65.0,SYN-VESSEL-31,,SYN031,90,0,15,4,,50,A
999000031,2018-04-22T19:08:42,29.17909,-89.25789,0.1,225.6,64.0,SYN-VESSEL-31,,SYN031,90,0,15,4,,50,A
999000031,2018-04-22T19:11:42,29.17910,-89.25786,0.2,229.3,61.0,SYN-VESSEL-31,,SYN031,90,0,15,4,,50,A
999000031,2018-04-22T18:57:03,29.17909,-89.25789,0.0,231.9,64.0,SYN-VESSEL-31,,SYN031,90,0,15,4,,50,A
999000031,2018-04-22T18:58:13,29.17910,-89.25788,0.0,232.7,65.0,SYN-VESSEL-31,,SYN031,90,0,15,4,,50,A
999000031,2018-04-22T18:54:32,29.17909,-89.25788,0.0,230.4,65.0,SYN-VESSEL-31,,SYN031,90,0,15,4,,50,A
999000031,2018-04-22T19:00:03,29.17909,-89.25788,0.0,227.9,65.0,SYN-VESSEL-31,,SYN031,90,0,15,4,,50,A
999000031,2018-04-22T18:59:23,29.17909,-89.25788,0.0,229.9,65.0,SYN-VESSEL-31,,SYN031,90,0,15,4,,50,A
999000031,2018-04-22T19:01:13,29.17909,-89.25787,0.0,226.7,65.0,SYN-VESSEL-31,,SYN031,90,0,15,4,,50,A
999000031,2018-04-22T19:02:23,29.17910,-89.25787,0.0,219.8,65.0,SYN-VESSEL-31,,SYN031,90,0,15,4,,50,A
999000031,2018-04-22T19:03:32,29.17909,-89.25787,0.0,229.1,65.0,SYN-VESSEL-31,,SYN031,90,0,15,4,,50,A
999000031,2018-04-22T19:04:42,29.17910,-89.25787,0.0,226.4,64.0,SYN-VESSEL-31,,SYN031,90,0,15,4,,50,A
999000031,2018-04-22T21:37:32,29.17909,-89.25788,0.0,260.6,65.0,SYN-VESSEL-31,,SYN031,90,0,15,4,,50,A
999000031,2018-04-22T21:38:42,29.17909,-89.25789,0.0,259.5,65.0,SYN-VESSEL-31,,SYN031,90,0,15,4,,50,A
999000031,2018-04-22T21:35:42,29.17908,-89.25787,0.0,262.1,65.0,SYN-VESSEL-31,,SYN031,90,0,15,4,,50,A
999000031,2018-04-22T21:28:23,29.17909,-89.25788,0.0,249.0,65.0,SYN-VESSEL-31,,SYN031,90,0,15,4,,50,A
999000031,2018-04-22T21:29:32,29.17910,-89.25789,0.0,253.6,65.0,SYN-VESSEL-31,,SYN031,90,0,15,4,,50,A
999000031,2018-04-22T21:34:23,29.17909,-89.25788,0.0,259.4,65.0,SYN-VESSEL-31,,SYN031,90,0,15,4,,50,A
999000031,2018-04-22T21:30:33,29.17909,-89.25788,0.0,248.9,65.0,SYN-VESSEL-31,,SYN031,90,0,15,4,,50,A
999000031,2018-04-22T21:27:02,29.17909,-89.25789,0.0,242.0,65.0,SYN-VESSEL-31,,SYN031,90,0,15,4,,50,A
999000031,2018-04-22T21:24:53,29.17910,-89.25790,0.0,242.3,65.0,SYN-VESSEL-31,,SYN031,90,0,15,4,,50,A
999000031,2018-04-22T21:26:01,29.17910,-89.25789,0.0,242.4,65.0,SYN-VESSEL-31,,SYN031,90,0,15,4,,50,A
999000031,2018-04-22T21:22:33,29.17910,-89.25789,0.1,221.2,65.0,SYN-VESSEL-31,,SYN031,90,0,15,4,,50,A
999000031,2018-04-22T21:23:42,29.17909,-89.25789,0.1,231.8,64.0,SYN-VESSEL-31,,SYN031,90,0,15,4,,50,A
999000031,2018-04-22T21:19:52,29.17910,-89.25790,0.0,243.7,65.0,SYN-VESSEL-31,,SYN031,90,0,15,4,,50,A
999000031,2018-04-22T21:18:33,29.17910,-89.25789,0.0,240.8,64.0,SYN-VESSEL-31,,SYN031,90,0,15,4,,50,A
999000031,2018-04-22T21:21:22,29.17910,-89.25789,0.1,251.0,64.0,SYN-VESSEL-31,,SYN031,90,0,15,4,,50,A
999000031,2018-04-22T21:16:33,29.17909,-89.25789,0.0,237.9,64.0,SYN-VESSEL-31,,SYN031,90,0,15,4,,50,A
999000031,2018-04-22T21:14:52,29.17910,-89.25789,0.0,235.6,64.0,SYN-VESSEL-31,,SYN031,90,0,15,4,,50,A
999000031,2018-04-22T21:13:43,29.17910,-89.25789,0.0,232.4,64.0,SYN-VESSEL-31,,SYN031,90,0,15,4,,50,A
999000031,2018-04-22T21:11:43,29.17908,-89.25788,0.0,232.7,64.0,SYN-VESSEL-31,,SYN031,90,0,15,4,,50,A
999000031,2018-04-22T21:04:53,29.17908,-89.25788,0.0,270.5,65.0,SYN-VESSEL-31,,SYN031,90,0,15,4,,50,A
999000031,2018-04-22T21:06:03,29.17909,-89.25789,0.0,270.9,65.0,SYN-VESSEL-31,,SYN031,90,0,15,4,,50,A
999000031,2018-04-22T21:03:42,29.17908,-89.25789,0.0,265.4,64.0,SYN-VESSEL-31,,SYN031,90,0,15,4,,50,A
999000031,2018-04-22T21:08:42,29.17909,-89.25789,0.0,243.2,64.0,SYN-VESSEL-31,,SYN031,90,0,15,4,,50,A
999000031,2018-04-22T21:07:13,29.17909,-89.25789,0.0,253.3,64.0,SYN-VESSEL-31,,SYN031,90,0,15,4,,50,A
999000031,2018-04-22T21:10:42,29.17909,-89.25789,0.0,234.0,64.0,SYN-VESSEL-31,,SYN031,90,0,15,4,,50,A
999000032,2018-04-22T19:59:05,29.12972,-89.26154,23.8,201.6,511.0,SYN-VESSEL-32,,SYN032,90,0,13,4,,60,A
999000032,2018-04-22T19:47:23,29.19984,-89.27481,25.0,147.9,511.0,SYN-VESSEL-32,,SYN032,90,0,13,4,,60,A
999000032,2018-04-22T19:55:37,29.15149,-89.25691,22.7,174.2,511.0,SYN-VESSEL-32,,SYN032,90,0,13,4,,60,A
999000032,2018-04-22T19:56:41,29.14470,-89.25685,23.0,188.0,511.0,SYN-VESSEL-32,,SYN032,90,0,13,4,,60,A
999000032,2018-04-22T19:57:57,29.13678,-89.25888,23.5,194.6,511.0,SYN-VESSEL-32,,SYN032,90,0,13,4,,60,A
999000032,2018-04-22T19:53:21,29.16598,-89.25973,24.0,171.4,511.0,SYN-VESSEL-32,,SYN032,90,0,13,4,,60,A
999000032,2018-04-22T19:54:33,29.15824,-89.25816,23.3,169.7,511.0,SYN-VESSEL-32,,SYN032,90,0,13,4,,60,A
999000032,2018-04-22T19:48:29,29.19326,-89.27044,24.8,150.3,511.0,SYN-VESSEL-32,,SYN032,90,0,13,4,,60,A
999000032,2018-04-22T19:49:49,29.18517,-89.26554,24.6,153.8,511.0,SYN-VESSEL-32,,SYN032,90,0,13,4,,60,A
999000032,2018-04-22T19:50:57,29.17968,-89.26269,12.1,158.6,511.0,SYN-VESSEL-32,,SYN032,90,0,13,4,,60,A
999000032,2018-04-22T19:52:09,29.17405,-89.26086,24.8,167.1,511.0,SYN-VESSEL-32,,SYN032,90,0,13,4,,60,A
999000032,2018-04-22T20:08:53,29.07823,-89.28866,23.5,207.4,511.0,SYN-VESSEL-32,,SYN032,90,0,13,4,,60,A
999000032,2018-04-22T20:10:11,29.07132,-89.29453,24.0,229.4,511.0,SYN-VESSEL-32,,SYN032,90,0,13,4,,60,A
999000032,2018-04-22T20:07:49,29.08210,-89.28570,11.9,211.9,511.0,SYN-VESSEL-32,,SYN032,90,0,13,4,,60,A
999000032,2018-04-22T20:06:37,29.08555,-89.28354,11.8,206.9,511.0,SYN-VESSEL-32,,SYN032,90,0,13,4,,60,A
999000032,2018-04-22T20:04:13,29.09843,-89.27682,24.4,203.6,511.0,SYN-VESSEL-32,,SYN032,90,0,13,4,,60,A
999000032,2018-04-22T20:05:27,29.09075,-89.28060,24.3,204.5,511.0,SYN-VESSEL-32,,SYN032,90,0,13,4,,60,A
999000032,2018-04-22T20:03:11,29.10496,-89.27405,24.1,201.6,511.0,SYN-VESSEL-32,,SYN032,90,0,13,4,,60,A
999000032,2018-04-22T20:01:02,29.11792,-89.26699,23.8,206.8,511.0,SYN-VESSEL-32,,SYN032,90,0,13,4,,60,A
999000032,2018-04-22T20:02:03,29.11183,-89.27045,23.8,206.2,511.0,SYN-VESSEL-32,,SYN032,90,0,13,4,,60,A
999000032,2018-04-22T19:59:59,29.12413,-89.26386,23.6,202.7,511.0,SYN-VESSEL-32,,SYN032,90,0,13,4,,60,A
999000048,2018-04-22T18:19:35,29.11115,-89.27507,6.2,87.3,511.0,SYN-VESSEL-48,,SYN048,90,,,,,,B
999000048,2018-04-22T18:21:04,29.11066,-89.27280,4.8,127.6,511.0,SYN-VESSEL-48,,SYN048,90,,,,,,B
999000048,2018-04-22T18:17:05,29.10847,-89.27858,6.1,27.3,511.0,SYN-VESSEL-48,,SYN048,90,,,,,,B
999000048,2018-04-22T18:18:06,29.10988,-89.27753,6.0,41.6,511.0,SYN-VESSEL-48,,SYN048,90,,,,,,B
999000048,2018-04-22T18:15:34,29.10634,-89.27959,5.4,21.0,511.0,SYN-VESSEL-48,,SYN048,90,,,,,,B
999000048,2018-04-22T18:29:35,29.09115,-89.28181,10.0,199.9,511.0,SYN-VESSEL-48,,SYN048,90,,,,,,B
999000048,2018-04-22T18:27:04,29.09700,-89.27834,9.7,206.9,511.0,SYN-VESSEL-48,,SYN048,90,,,,,,B
999000048,2018-04-22T18:37:35,29.08146,-89.28745,0.1,252.6,511.0,SYN-VESSEL-48,,SYN048,90,,,,,,B
999000048,2018-04-22T18:32:04,29.08499,-89.28464,9.8,200.7,511.0,SYN-VESSEL-48,,SYN048,90,,,,,,B
999000048,2018-04-22T18:33:35,29.08173,-89.28656,7.6,215.1,511.0,SYN-VESSEL-48,,SYN048,90,,,,,,B
999000048,2018-04-22T18:14:05,29.10421,-89.28059,5.5,20.9,511.0,SYN-VESSEL-48,,SYN048,90,,,,,,B
999000048,2018-04-22T18:12:05,29.10200,-89.28160,2.8,28.3,511.0,SYN-VESSEL-48,,SYN048,90,,,,,,B
999000048,2018-04-22T18:04:35,29.09162,-89.28729,5.7,34.5,511.0,SYN-VESSEL-48,,SYN048,90,,,,,,B
999000048,2018-04-22T18:03:05,29.08968,-89.28879,5.4,32.8,511.0,SYN-VESSEL-48,,SYN048,90,,,,,,B
999000048,2018-04-22T18:00:05,29.08661,-89.29200,4.4,105.6,511.0,SYN-VESSEL-48,,SYN048,90,,,,,,B
999000048,2018-04-22T18:02:04,29.08847,-89.28971,5.2,33.9,511.0,SYN-VESSEL-48,,SYN048,90,,,,,,B
999000048,2018-04-22T18:10:35,29.10008,-89.28234,5.6,12.0,511.0,SYN-VESSEL-48,,SYN048,90,,,,,,B
999000048,2018-04-22T18:08:35,29.09720,-89.28380,5.3,34.1,511.0,SYN-VESSEL-48,,SYN048,90,,,,,,B
999000048,2018-04-22T18:06:35,29.09444,-89.28547,5.7,26.5,511.0,SYN-VESSEL-48,,SYN048,90,,,,,,B
999000048,2018-04-22T20:01:51,29.08248,-89.28624,0.7,119.1,511.0,SYN-VESSEL-48,,SYN048,90,,,,,,B
999000048,2018-04-22T20:00:21,29.08293,-89.28569,7.6,163.7,511.0,SYN-VESSEL-48,,SYN048,90,,,,,,B
999000048,2018-04-22T19:57:21,29.08405,-89.28654,5.7,347.8,511.0,SYN-VESSEL-48,,SYN048,90,,,,,,B
999000048,2018-04-22T19:59:51,29.08388,-89.28629,7.6,144.8,511.0,SYN-VESSEL-48,,SYN048,90,,,,,,B
999000048,2018-04-22T20:19:03,29.08350,-89.28814,0.0,35.6,511.0,SYN-VESSEL-48,,SYN048,90,,,,,,B
999000048,2018-04-22T20:17:33,29.08343,-89.28805,2.8,33.2,511.0,SYN-VESSEL-48,,SYN048,90,,,,,,B
999000048,2018-04-22T20:20:33,29.08349,-89.28812,0.1,9.7,511.0,SYN-VESSEL-48,,SYN048,90,,,,,,B
999000048,2018-04-22T20:14:33,29.08115,-89.28822,4.8,3.3,511.0,SYN-VESSEL-48,,SYN048,90,,,,,,B
999000048,2018-04-22T20:16:03,29.08285,-89.28839,1.1,343.6,511.0,SYN-VESSEL-48,,SYN048,90,,,,,,B
999000048,2018-04-22T20:26:03,29.08345,-89.28806,0.0,309.6,511.0,SYN-VESSEL-48,,SYN048,90,,,,,,B
999000048,2018-04-22T21:50:33,29.08144,-89.28858,4.0,333.0,511.0,SYN-VESSEL-48,,SYN048,90,,,,,,B
999000048,2018-04-22T21:54:03,29.08179,-89.28767,0.0,250.0,511.0,SYN-VESSEL-48,,SYN048,90,,,,,,B
999000048,2018-04-22T21:55:33,29.08178,-89.28768,0.0,250.0,511.0,SYN-VESSEL-48,,SYN048,90,,,,,,B
999000048,2018-04-22T22:04:33,29.08157,-89.28742,0.2,135.5,511.0,SYN-VESSEL-48,,SYN048,90,,,,,,B
999000048,2018-04-22T22:01:33,29.08170,-89.28764,0.2,162.1,511.0,SYN-VESSEL-48,,SYN048,90,,,,,,B
999000048,2018-04-22T19:38:30,29.08264,-89.28641,2.1,271.3,511.0,SYN-VESSEL-48,,SYN048,90,,,,,,B
999000048,2018-04-22T19:36:30,29.08312,-89.28584,5.1,15.9,511.0,SYN-VESSEL-48,,SYN048,90,,,,,,B
999000048,2018-04-22T19:43:33,29.08354,-89.28581,3.7,21.2,511.0,SYN-VESSEL-48,,SYN048,90,,,,,,B
999000048,2018-04-22T19:45:03,29.08236,-89.28623,9.5,215.6,511.0,SYN-VESSEL-48,,SYN048,90,,,,,,B
999000048,2018-04-22T19:40:00,29.08272,-89.28651,0.1,318.5,511.0,SYN-VESSEL-48,,SYN048,90,,,,,,B
999000048,2018-04-22T19:46:32,29.08159,-89.28848,5.7,49.8,511.0,SYN-VESSEL-48,,SYN048,90,,,,,,B
999000048,2018-04-22T19:48:03,29.08266,-89.28668,0.0,48.1,511.0,SYN-VESSEL-48,,SYN048,90,,,,,,B
999000048,2018-04-22T19:50:03,29.08265,-89.28659,0.1,106.7,511.0,SYN-VESSEL-48,,SYN048,90,,,,,,B
999000048,2018-04-22T19:54:21,29.08171,-89.28652,5.4,19.9,511.0,SYN-VESSEL-48,,SYN048,90,,,,,,B
999000048,2018-04-22T19:51:51,29.08246,-89.28713,3.9,234.4,511.0,SYN-VESSEL-48,,SYN048,90,,,,,,B
999000048,2018-04-22T19:29:30,29.08124,-89.28864,4.4,353.9,511.0,SYN-VESSEL-48,,SYN048,90,,,,,,B
999000048,2018-04-22T19:28:29,29.08189,-89.28640,8.8,223.2,511.0,SYN-VESSEL-48,,SYN048,90,,,,,,B
999000048,2018-04-22T19:34:30,29.08073,-89.28769,5.4,58.0,511.0,SYN-VESSEL-48,,SYN048,90,,,,,,B
999000048,2018-04-22T19:32:00,29.08267,-89.28660,0.1,116.3,511.0,SYN-VESSEL-48,,SYN048,90,,,,,,B
999000048,2018-04-22T19:22:11,29.08612,-89.28559,0.0,285.4,511.0,SYN-VESSEL-48,,SYN048,90,,,,,,B
999000048,2018-04-22T19:26:59,29.08262,-89.28626,2.6,284.9,511.0,SYN-VESSEL-48,,SYN048,90,,,,,,B
999000048,2018-04-22T19:25:30,29.08514,-89.28536,8.6,168.2,511.0,SYN-VESSEL-48,,SYN048,90,,,,,,B
999000048,2018-04-22T18:59:40,29.08086,-89.28797,5.5,319.9,511.0,SYN-VESSEL-48,,SYN048,90,,,,,,B
999000048,2018-04-22T19:00:11,29.08159,-89.28830,5.7,338.8,511.0,SYN-VESSEL-48,,SYN048,90,,,,,,B
999000048,2018-04-22T19:01:12,29.08282,-89.28845,1.7,341.5,511.0,SYN-VESSEL-48,,SYN048,90,,,,,,B
999000048,2018-04-22T19:04:41,29.08313,-89.28842,0.6,192.0,511.0,SYN-VESSEL-48,,SYN048,90,,,,,,B
999000048,2018-04-22T19:06:11,29.08215,-89.28847,4.6,200.9,511.0,SYN-VESSEL-48,,SYN048,90,,,,,,B
999000048,2018-04-22T19:09:11,29.08155,-89.28700,2.0,41.6,511.0,SYN-VESSEL-48,,SYN048,90,,,,,,B
999000048,2018-04-22T19:10:41,29.08212,-89.28645,1.6,31.3,511.0,SYN-VESSEL-48,,SYN048,90,,,,,,B
999000048,2018-04-22T19:12:11,29.08270,-89.28579,1.8,41.3,511.0,SYN-VESSEL-48,,SYN048,90,,,,,,B
999000048,2018-04-22T19:17:12,29.08561,-89.28531,2.7,345.0,511.0,SYN-VESSEL-48,,SYN048,90,,,,,,B
999000048,2018-04-22T19:15:11,29.08419,-89.28514,2.0,349.4,511.0,SYN-VESSEL-48,,SYN048,90,,,,,,B
999000048,2018-04-22T19:20:11,29.08611,-89.28556,0.4,239.8,511.0,SYN-VESSEL-48,,SYN048,90,,,,,,B
999000048,2018-04-22T19:18:41,29.08629,-89.28510,6.0,159.9,511.0,SYN-VESSEL-48,,SYN048,90,,,,,,B
999000048,2018-04-22T21:16:44,29.09639,-89.27931,4.9,22.2,511.0,SYN-VESSEL-48,,SYN048,90,,,,,,B
999000048,2018-04-22T21:15:15,29.09402,-89.28043,6.5,25.2,511.0,SYN-VESSEL-48,,SYN048,90,,,,,,B
999000048,2018-04-22T21:12:15,29.08927,-89.28308,6.5,29.7,511.0,SYN-VESSEL-48,,SYN048,90,,,,,,B
999000048,2018-04-22T21:06:15,29.08474,-89.28576,5.6,25.5,511.0,SYN-VESSEL-48,,SYN048,90,,,,,,B
999000048,2018-04-22T21:07:45,29.08669,-89.28522,0.8,359.7,511.0,SYN-VESSEL-48,,SYN048,90,,,,,,B
999000048,2018-04-22T21:09:44,29.08675,-89.28529,0.3,167.5,511.0,SYN-VESSEL-48,,SYN048,90,,,,,,B
999000048,2018-04-22T21:31:50,29.08129,-89.28708,6.8,247.2,511.0,SYN-VESSEL-48,,SYN048,90,,,,,,B
999000048,2018-04-22T21:19:44,29.09762,-89.27894,0.1,8.6,511.0,SYN-VESSEL-48,,SYN048,90,,,,,,B
999000048,2018-04-22T21:18:14,29.09759,-89.27893,0.0,8.6,511.0,SYN-VESSEL-48,,SYN048,90,,,,,,B
999000048,2018-04-22T21:24:24,29.09813,-89.27875,2.4,171.8,511.0,SYN-VESSEL-48,,SYN048,90,,,,,,B
999000048,2018-04-22T21:22:45,29.09811,-89.27871,0.2,315.6,511.0,SYN-VESSEL-48,,SYN048,90,,,,,,B
999000048,2018-04-22T21:21:15,29.09805,-89.27867,0.9,326.1,511.0,SYN-VESSEL-48,,SYN048,90,,,,,,B
999000048,2018-04-22T21:03:15,29.08452,-89.28660,7.0,215.0,511.0,SYN-VESSEL-48,,SYN048,90,,,,,,B
999000048,2018-04-22T20:35:03,29.08347,-89.28806,0.0,275.8,511.0,SYN-VESSEL-48,,SYN048,90,,,,,,B
999000048,2018-04-22T20:29:03,29.08348,-89.28802,0.2,121.2,511.0,SYN-VESSEL-48,,SYN048,90,,,,,,B
999000048,2018-04-22T20:32:03,29.08348,-89.28805,0.0,275.8,511.0,SYN-VESSEL-48,,SYN048,90,,,,,,B
999000048,2018-04-22T20:42:44,29.08365,-89.28815,2.2,196.8,511.0,SYN-VESSEL-48,,SYN048,90,,,,,,B
999000048,2018-04-22T20:41:03,29.08352,-89.28824,1.6,315.1,511.0,SYN-VESSEL-48,,SYN048,90,,,,,,B
999000048,2018-04-22T20:51:15,29.08269,-89.28847,0.3,290.9,511.0,SYN-VESSEL-48,,SYN048,90,,,,,,B
999000048,2018-04-22T20:49:45,29.08258,-89.28847,1.3,350.6,511.0,SYN-VESSEL-48,,SYN048,90,,,,,,B
999000048,2018-04-22T20:48:15,29.08261,-89.28839,1.1,144.3,511.0,SYN-VESSEL-48,,SYN048,90,,,,,,B
999000048,2018-04-22T20:45:10,29.08275,-89.28857,1.2,300.3,511.0,SYN-VESSEL-48,,SYN048,90,,,,,,B
999000048,2018-04-22T20:55:45,29.08306,-89.28578,5.5,348.2,511.0,SYN-VESSEL-48,,SYN048,90,,,,,,B
999000048,2018-04-22T20:57:45,29.08372,-89.28724,3.1,132.1,511.0,SYN-VESSEL-48,,SYN048,90,,,,,,B
999000048,2018-04-22T20:53:14,29.08138,-89.28870,6.5,153.2,511.0,SYN-VESSEL-48,,SYN048,90,,,,,,B
999000048,2018-04-22T21:00:15,29.08558,-89.28591,3.8,18.6,511.0,SYN-VESSEL-48,,SYN048,90,,,,,,B
999000048,2018-04-22T20:59:45,29.08497,-89.28629,6.7,40.7,511.0,SYN-VESSEL-48,,SYN048,90,,,,,,B
999000029,2018-04-22T18:50:55,29.18359,-88.62380,17.3,307.7,300.0,SYN-VESSEL-29,IMO9990029,SYN029,60,0,48,8,2.9,70,A
999000029,2018-04-22T18:52:06,29.18691,-88.62922,17.3,296.8,295.0,SYN-VESSEL-29,IMO9990029,SYN029,60,0,48,8,2.9,70,A
999000029,2018-04-22T18:32:31,29.17212,-88.60272,1.1,359.3,7.0,SYN-VESSEL-29,IMO9990029,SYN029,60,0,48,8,2.9,70,A
999000029,2018-04-22T18:29:37,29.17199,-88.60271,0.4,198.5,16.0,SYN-VESSEL-29,IMO9990029,SYN029,60,0,48,8,2.9,70,A
999000029,2018-04-22T18:48:18,29.17617,-88.61207,17.4,304.7,297.0,SYN-VESSEL-29,IMO9990029,SYN029,60,0,48,8,2.9,70,A
999000029,2018-04-22T18:46:59,29.17240,-88.60624,16.7,318.9,313.0,SYN-VESSEL-29,IMO9990029,SYN029,60,0,48,8,2.9,70,A
999000029,2018-04-22T18:45:28,29.17066,-88.60107,11.6,225.7,243.0,SYN-VESSEL-29,IMO9990029,SYN029,60,0,48,8,2.9,70,A
999000029,2018-04-22T18:44:19,29.17400,-88.60061,7.6,148.0,170.0,SYN-VESSEL-29,IMO9990029,SYN029,60,0,48,8,2.9,70,A
999000029,2018-04-22T18:36:21,29.17197,-88.60273,0.5,206.4,15.0,SYN-VESSEL-29,IMO9990029,SYN029,60,0,48,8,2.9,70,A
999000029,2018-04-22T18:27:51,29.17203,-88.60265,0.5,216.9,22.0,SYN-VESSEL-29,IMO9990029,SYN029,60,0,48,8,2.9,70,A
999000029,2018-04-22T18:34:31,29.17203,-88.60274,0.7,205.5,12.0,SYN-VESSEL-29,IMO9990029,SYN029,60,0,48,8,2.9,70,A
999000029,2018-04-22T23:55:12,29.16448,-88.74531,0.5,273.6,107.0,SYN-VESSEL-29,IMO9990029,SYN029,60,0,48,8,2.9,70,A
999000029,2018-04-22T23:59:11,29.16450,-88.74532,0.5,278.8,106.0,SYN-VESSEL-29,IMO9990029,SYN029,60,0,48,8,2.9,70,A
999000029,2018-04-22T23:56:32,29.16452,-88.74532,0.4,276.5,101.0,SYN-VESSEL-29,IMO9990029,SYN029,60,0,48,8,2.9,70,A
999000029,2018-04-22T23:58:01,29.16450,-88.74531,0.4,282.4,106.0,SYN-VESSEL-29,IMO9990029,SYN029,60,0,48,8,2.9,70,A
999000029,2018-04-22T18:56:30,29.19913,-88.64879,16.5,301.0,292.0,SYN-VESSEL-29,IMO9990029,SYN029,60,0,48,8,2.9,70,A
999000029,2018-04-22T18:53:39,29.19133,-88.63603,17.2,310.5,307.0,SYN-VESSEL-29,IMO9990029,SYN029,60,0,48,8,2.9,70,A
999000029,2018-04-22T18:54:40,29.19417,-88.64055,16.7,301.6,300.0,SYN-VESSEL-29,IMO9990029,SYN029,60,0,48,8,2.9,70,A
999000029,2018-04-22T23:54:01,29.16454,-88.74530,0.6,242.2,95.0,SYN-VESSEL-29,IMO9990029,SYN029,60,0,48,8,2.9,70,A
999000029,2018-04-22T23:30:02,29.16458,-88.74530,0.5,75.7,99.0,SYN-VESSEL-29,IMO9990029,SYN029,60,0,48,8,2.9,70,A
999000029,2018-04-22T23:32:52,29.16457,-88.74530,0.4,73.7,99.0,SYN-VESSEL-29,IMO9990029,SYN029,60,0,48,8,2.9,70,A
999000029,2018-04-22T23:29:01,29.16456,-88.74530,0.4,94.4,100.0,SYN-VESSEL-29,IMO9990029,SYN029,60,0,48,8,2.9,70,A
999000029,2018-04-22T23:26:21,29.16455,-88.74534,0.5,88.7,99.0,SYN-VESSEL-29,IMO9990029,SYN029,60,0,48,8,2.9,70,A
999000029,2018-04-22T23:25:11,29.16456,-88.74529,0.4,72.1,96.0,SYN-VESSEL-29,IMO9990029,SYN029,60,0,48,8,2.9,70,A
999000029,2018-04-22T23:22:32,29.16455,-88.74531,0.4,106.5,103.0,SYN-VESSEL-29,IMO9990029,SYN029,60,0,48,8,2.9,70,A
999000029,2018-04-22T23:24:01,29.16453,-88.74532,0.4,107.6,104.0,SYN-VESSEL-29,IMO9990029,SYN029,60,0,48,8,2.9,70,A
999000029,2018-04-22T23:19:02,29.16454,-88.74532,0.4,110.5,99.0,SYN-VESSEL-29,IMO9990029,SYN029,60,0,48,8,2.9,70,A
999000029,2018-04-22T23:20:41,29.16454,-88.74532,0.5,62.9,103.0,SYN-VESSEL-29,IMO9990029,SYN029,60,0,48,8,2.9,70,A
999000029,2018-04-22T23:37:21,29.16459,-88.74528,0.8,107.4,104.0,SYN-VESSEL-29,IMO9990029,SYN029,60,0,48,8,2.9,70,A
999000029,2018-04-22T23:34:52,29.16457,-88.74529,0.3,94.1,100.0,SYN-VESSEL-29,IMO9990029,SYN029,60,0,48,8,2.9,70,A
999000029,2018-04-22T23:38:51,29.16460,-88.74528,0.5,84.8,99.0,SYN-VESSEL-29,IMO9990029,SYN029,60,0,48,8,2.9,70,A
999000029,2018-04-22T23:40:11,29.16459,-88.74531,0.5,114.4,95.0,SYN-VESSEL-29,IMO9990029,SYN029,60,0,48,8,2.9,70,A
999000029,2018-04-22T23:47:41,29.16457,-88.74532,0.4,96.4,98.0,SYN-VESSEL-29,IMO9990029,SYN029,60,0,48,8,2.9,70,A
999000029,2018-04-22T23:46:22,29.16457,-88.74530,0.5,107.2,99.0,SYN-VESSEL-29,IMO9990029,SYN029,60,0,48,8,2.9,70,A
999000029,2018-04-22T23:42:32,29.16457,-88.74531,0.6,100.9,104.0,SYN-VESSEL-29,IMO9990029,SYN029,60,0,48,8,2.9,70,A
999000029,2018-04-22T23:41:21,29.16458,-88.74530,0.5,90.1,95.0,SYN-VESSEL-29,IMO9990029,SYN029,60,0,48,8,2.9,70,A
999000029,2018-04-22T23:52:01,29.16451,-88.74531,0.8,92.5,106.0,SYN-VESSEL-29,IMO9990029,SYN029,60,0,48,8,2.9,70,A
999000029,2018-04-22T18:00:01,29.18031,-88.60064,3.0,174.7,180.0,SYN-VESSEL-29,IMO9990029,SYN029,60,0,48,8,2.9,70,A
999000029,2018-04-22T18:01:12,29.17934,-88.60044,3.0,169.6,187.0,SYN-VESSEL-29,IMO9990029,SYN029,60,0,48,8,2.9,70,A
999000029,2018-04-22T18:03:44,29.17722,-88.60017,2.9,178.7,196.0,SYN-VESSEL-29,IMO9990029,SYN029,60,0,48,8,2.9,70,A
999000029,2018-04-22T18:04:48,29.17632,-88.60016,3.2,168.8,182.0,SYN-VESSEL-29,IMO9990029,SYN029,60,0,48,8,2.9,70,A
999000029,2018-04-22T18:02:41,29.17809,-88.60031,3.0,171.3,183.0,SYN-VESSEL-29,IMO9990029,SYN029,60,0,48,8,2.9,70,A
999000029,2018-04-22T18:09:33,29.17421,-88.60009,1.3,50.0,134.0,SYN-VESSEL-29,IMO9990029,SYN029,60,0,48,8,2.9,70,A
999000029,2018-04-22T18:08:24,29.17411,-88.60048,0.9,141.0,175.0,SYN-VESSEL-29,IMO9990029,SYN029,60,0,48,8,2.9,70,A
999000029,2018-04-22T18:07:02,29.17470,-88.60032,2.3,201.5,202.0,SYN-VESSEL-29,IMO9990029,SYN029,60,0,48,8,2.9,70,A
999000029,2018-04-22T18:05:49,29.17555,-88.60019,2.8,189.1,193.0,SYN-VESSEL-29,IMO9990029,SYN029,60,0,48,8,2.9,70,A
999000029,2018-04-22T18:16:22,29.17250,-88.60193,0.9,69.6,152.0,SYN-VESSEL-29,IMO9990029,SYN029,60,0,48,8,2.9,70,A
999000029,2018-04-22T18:14:02,29.17378,-88.60023,8.5,225.0,227.0,SYN-VESSEL-29,IMO9990029,SYN029,60,0,48,8,2.9,70,A
999000029,2018-04-22T22:41:41,29.16460,-88.74532,0.6,95.3,98.0,SYN-VESSEL-29,IMO9990029,SYN029,60,0,48,8,2.9,70,A
999000029,2018-04-22T22:45:22,29.16458,-88.74549,0.6,312.6,99.0,SYN-VESSEL-29,IMO9990029,SYN029,60,0,48,8,2.9,70,A
999000029,2018-04-22T22:20:55,29.16879,-88.72808,5.0,258.7,260.0,SYN-VESSEL-29,IMO9990029,SYN029,60,0,48,8,2.9,70,A
999000029,2018-04-22T22:22:05,29.16840,-88.72990,5.2,242.5,243.0,SYN-VESSEL-29,IMO9990029,SYN029,60,0,48,8,2.9,70,A
999000029,2018-04-22T22:19:42,29.16868,-88.72679,1.5,20.2,298.0,SYN-VESSEL-29,IMO9990029,SYN029,60,0,48,8,2.9,70,A
999000029,2018-04-22T22:23:42,29.16733,-88.73387,10.9,255.2,254.0,SYN-VESSEL-29,IMO9990029,SYN029,60,0,48,8,2.9,70,A
999000029,2018-04-22T22:12:52,29.16796,-88.73031,1.7,81.8,336.0,SYN-VESSEL-29,IMO9990029,SYN029,60,0,48,8,2.9,70,A
999000029,2018-04-22T22:10:42,29.16779,-88.73147,1.7,82.1,340.0,SYN-VESSEL-29,IMO9990029,SYN029,60,0,48,8,2.9,70,A
999000029,2018-04-22T22:14:11,29.16806,-88.72965,1.5,73.4,334.0,SYN-VESSEL-29,IMO9990029,SYN029,60,0,48,8,2.9,70,A
999000029,2018-04-22T22:11:51,29.16789,-88.73086,1.7,79.3,338.0,SYN-VESSEL-29,IMO9990029,SYN029,60,0,48,8,2.9,70,A
999000029,2018-04-22T22:17:51,29.16844,-88.72771,1.6,73.0,331.0,SYN-VESSEL-29,IMO9990029,SYN029,60,0,48,8,2.9,70,A
999000029,2018-04-22T22:15:52,29.16825,-88.72876,1.8,78.3,329.0,SYN-VESSEL-29,IMO9990029,SYN029,60,0,48,8,2.9,70,A
999000029,2018-04-22T22:30:12,29.16504,-88.74380,1.7,257.3,262.0,SYN-VESSEL-29,IMO9990029,SYN029,60,0,48,8,2.9,70,A
999000029,2018-04-22T22:33:55,29.16534,-88.74456,1.6,57.0,320.0,SYN-VESSEL-29,IMO9990029,SYN029,60,0,48,8,2.9,70,A
999000029,2018-04-22T22:29:02,29.16513,-88.74296,2.8,269.7,263.0,SYN-VESSEL-29,IMO9990029,SYN029,60,0,48,8,2.9,70,A
999000029,2018-04-22T22:25:23,29.16607,-88.73958,11.0,252.7,251.0,SYN-VESSEL-29,IMO9990029,SYN029,60,0,48,8,2.9,70,A
999000029,2018-04-22T22:27:41,29.16512,-88.74247,0.8,246.2,260.0,SYN-VESSEL-29,IMO9990029,SYN029,60,0,48,8,2.9,70,A
999000029,2018-04-22T22:26:28,29.16526,-88.74197,3.9,255.0,258.0,SYN-VESSEL-29,IMO9990029,SYN029,60,0,48,8,2.9,70,A
999000029,2018-04-22T22:40:32,29.16458,-88.74546,0.7,101.3,98.0,SYN-VESSEL-29,IMO9990029,SYN029,60,0,48,8,2.9,70,A
999000029,2018-04-22T22:39:31,29.16460,-88.74549,0.6,260.3,94.0,SYN-VESSEL-29,IMO9990029,SYN029,60,0,48,8,2.9,70,A
999000029,2018-04-22T22:38:21,29.16464,-88.74548,0.8,250.3,89.0,SYN-VESSEL-29,IMO9990029,SYN029,60,0,48,8,2.9,70,A
999000029,2018-04-22T22:36:34,29.16484,-88.74479,2.1,231.8,82.0,SYN-VESSEL-29,IMO9990029,SYN029,60,0,48,8,2.9,70,A
999000029,2018-04-22T22:35:19,29.16545,-88.74416,2.5,218.1,59.0,SYN-VESSEL-29,IMO9990029,SYN029,60,0,48,8,2.9,70,A
999000029,2018-04-22T21:15:48,29.18562,-88.76078,17.8,145.2,148.0,SYN-VESSEL-29,IMO9990029,SYN029,60,0,48,8,2.9,70,A
999000029,2018-04-22T21:17:42,29.17787,-88.75539,12.8,147.0,148.0,SYN-VESSEL-29,IMO9990029,SYN029,60,0,48,8,2.9,70,A
999000029,2018-04-22T21:18:48,29.17510,-88.75308,10.8,146.0,154.0,SYN-VESSEL-29,IMO9990029,SYN029,60,0,48,8,2.9,70,A
999000029,2018-04-22T21:13:36,29.19446,-88.76808,17.9,141.5,145.0,SYN-VESSEL-29,IMO9990029,SYN029,60,0,48,8,2.9,70,A
999000029,2018-04-22T21:14:42,29.19014,-88.76428,17.7,144.1,152.0,SYN-VESSEL-29,IMO9990029,SYN029,60,0,48,8,2.9,70,A
999000029,2018-04-22T21:12:18,29.19944,-88.77300,17.9,136.7,144.0,SYN-VESSEL-29,IMO9990029,SYN029,60,0,48,8,2.9,70,A
999000029,2018-04-22T21:32:02,29.17090,-88.74451,1.4,57.6,102.0,SYN-VESSEL-29,IMO9990029,SYN029,60,0,48,8,2.9,70,A
999000029,2018-04-22T21:27:22,29.16997,-88.74630,1.7,48.0,106.0,SYN-VESSEL-29,IMO9990029,SYN029,60,0,48,8,2.9,70,A
999000029,2018-04-22T21:29:54,29.17041,-88.74539,1.5,64.1,106.0,SYN-VESSEL-29,IMO9990029,SYN029,60,0,48,8,2.9,70,A
999000029,2018-04-22T21:20:42,29.17029,-88.75013,6.8,155.6,170.0,SYN-VESSEL-29,IMO9990029,SYN029,60,0,48,8,2.9,70,A
999000029,2018-04-22T21:21:51,29.16934,-88.74927,2.5,120.0,162.0,SYN-VESSEL-29,IMO9990029,SYN029,60,0,48,8,2.9,70,A
999000029,2018-04-22T21:23:12,29.16916,-88.74844,1.8,88.9,168.0,SYN-VESSEL-29,IMO9990029,SYN029,60,0,48,8,2.9,70,A
999000029,2018-04-22T21:24:39,29.16933,-88.74756,1.9,71.0,147.0,SYN-VESSEL-29,IMO9990029,SYN029,60,0,48,8,2.9,70,A
999000029,2018-04-22T21:33:13,29.17107,-88.74405,1.3,74.0,98.0,SYN-VESSEL-29,IMO9990029,SYN029,60,0,48,8,2.9,70,A
999000029,2018-04-22T21:53:41,29.16615,-88.74083,1.7,80.9,334.0,SYN-VESSEL-29,IMO9990029,SYN029,60,0,48,8,2.9,70,A
999000029,2018-04-22T21:54:53,29.16627,-88.74022,1.6,75.5,329.0,SYN-VESSEL-29,IMO9990029,SYN029,60,0,48,8,2.9,70,A
999000029,2018-04-22T21:56:11,29.16643,-88.73955,1.6,75.7,330.0,SYN-VESSEL-29,IMO9990029,SYN029,60,0,48,8,2.9,70,A
999000029,2018-04-22T21:57:13,29.16651,-88.73900,1.9,83.1,317.0,SYN-VESSEL-29,IMO9990029,SYN029,60,0,48,8,2.9,70,A
999000029,2018-04-22T21:58:42,29.16662,-88.73813,1.8,80.3,326.0,SYN-VESSEL-29,IMO9990029,SYN029,60,0,48,8,2.9,70,A
999000029,2018-04-22T22:01:13,29.16686,-88.73680,1.8,77.8,322.0,SYN-VESSEL-29,IMO9990029,SYN029,60,0,48,8,2.9,70,A
999000029,2018-04-22T22:00:01,29.16675,-88.73740,1.6,78.2,332.0,SYN-VESSEL-29,IMO9990029,SYN029,60,0,48,8,2.9,70,A
999000029,2018-04-22T22:07:12,29.16748,-88.73337,1.8,76.0,348.0,SYN-VESSEL-29,IMO9990029,SYN029,60,0,48,8,2.9,70,A
999000029,2018-04-22T22:05:32,29.16728,-88.73430,1.8,79.7,336.0,SYN-VESSEL-29,IMO9990029,SYN029,60,0,48,8,2.9,70,A
999000029,2018-04-22T22:02:22,29.16699,-88.73619,1.8,75.4,322.0,SYN-VESSEL-29,IMO9990029,SYN029,60,0,48,8,2.9,70,A
999000029,2018-04-22T22:04:22,29.16719,-88.73500,2.1,82.1,324.0,SYN-VESSEL-29,IMO9990029,SYN029,60,0,48,8,2.9,70,A
999000029,2018-04-22T21:51:12,29.16588,-88.74222,1.9,70.0,328.0,SYN-VESSEL-29,IMO9990029,SYN029,60,0,48,8,2.9,70,A
999000029,2018-04-22T21:52:32,29.16606,-88.74147,1.8,78.1,336.0,SYN-VESSEL-29,IMO9990029,SYN029,60,0,48,8,2.9,70,A
999000029,2018-04-22T21:40:22,29.17238,-88.74096,1.8,60.2,134.0,SYN-VESSEL-29,IMO9990029,SYN029,60,0,48,8,2.9,70,A
999000029,2018-04-22T21:35:42,29.17148,-88.74301,1.5,53.8,101.0,SYN-VESSEL-29,IMO9990029,SYN029,60,0,48,8,2.9,70,A
999000029,2018-04-22T21:38:03,29.17185,-88.74207,1.7,61.9,123.0,SYN-VESSEL-29,IMO9990029,SYN029,60,0,48,8,2.9,70,A
999000029,2018-04-22T21:36:59,29.17168,-88.74251,1.2,73.0,106.0,SYN-VESSEL-29,IMO9990029,SYN029,60,0,48,8,2.9,70,A
999000029,2018-04-22T21:47:18,29.16529,-88.74425,1.4,58.1,279.0,SYN-VESSEL-29,IMO9990029,SYN029,60,0,48,8,2.9,70,A
999000029,2018-04-22T21:44:32,29.16651,-88.74305,8.6,223.1,228.0,SYN-VESSEL-29,IMO9990029,SYN029,60,0,48,8,2.9,70,A
999000029,2018-04-22T21:39:11,29.17210,-88.74153,1.7,59.4,131.0,SYN-VESSEL-29,IMO9990029,SYN029,60,0,48,8,2.9,70,A
999000029,2018-04-22T22:08:22,29.16761,-88.73274,1.7,78.1,352.0,SYN-VESSEL-29,IMO9990029,SYN029,60,0,48,8,2.9,70,A
999000029,2018-04-22T22:09:31,29.16770,-88.73211,1.7,80.4,349.0,SYN-VESSEL-29,IMO9990029,SYN029,60,0,48,8,2.9,70,A
999000029,2018-04-22T23:01:12,29.16453,-88.74529,0.3,103.1,97.0,SYN-VESSEL-29,IMO9990029,SYN029,60,0,48,8,2.9,70,A
999000029,2018-04-22T23:00:03,29.16452,-88.74528,0.5,113.2,101.0,SYN-VESSEL-29,IMO9990029,SYN029,60,0,48,8,2.9,70,A
999000029,2018-04-22T22:59:21,29.16452,-88.74530,0.4,117.5,103.0,SYN-VESSEL-29,IMO9990029,SYN029,60,0,48,8,2.9,70,A
999000029,2018-04-22T22:47:12,29.16457,-88.74529,0.4,82.3,96.0,SYN-VESSEL-29,IMO9990029,SYN029,60,0,48,8,2.9,70,A
999000029,2018-04-22T22:48:52,29.16455,-88.74529,0.4,131.9,94.0,SYN-VESSEL-29,IMO9990029,SYN029,60,0,48,8,2.9,70,A
999000029,2018-04-22T22:50:31,29.16454,-88.74529,0.5,100.0,99.0,SYN-VESSEL-29,IMO9990029,SYN029,60,0,48,8,2.9,70,A
999000029,2018-04-22T22:55:31,29.16453,-88.74531,0.5,93.4,100.0,SYN-VESSEL-29,IMO9990029,SYN029,60,0,48,8,2.9,70,A
999000029,2018-04-22T23:05:02,29.16453,-88.74529,0.6,86.0,98.0,SYN-VESSEL-29,IMO9990029,SYN029,60,0,48,8,2.9,70,A
999000029,2018-04-22T23:06:12,29.16452,-88.74529,0.5,117.5,100.0,SYN-VESSEL-29,IMO9990029,SYN029,60,0,48,8,2.9,70,A
999000029,2018-04-22T23:07:21,29.16452,-88.74531,0.4,92.9,98.0,SYN-VESSEL-29,IMO9990029,SYN029,60,0,48,8,2.9,70,A
999000029,2018-04-22T23:03:41,29.16452,-88.74530,0.5,126.9,102.0,SYN-VESSEL-29,IMO9990029,SYN029,60,0,48,8,2.9,70,A
999000029,2018-04-22T23:02:32,29.16452,-88.74531,0.5,103.1,100.0,SYN-VESSEL-29,IMO9990029,SYN029,60,0,48,8,2.9,70,A
999000029,2018-04-22T23:12:22,29.16452,-88.74531,0.4,105.0,102.0,SYN-VESSEL-29,IMO9990029,SYN029,60,0,48,8,2.9,70,A
999000029,2018-04-22T23:13:31,29.16455,-88.74531,0.5,97.5,99.0,SYN-VESSEL-29,IMO9990029,SYN029,60,0,48,8,2.9,70,A
999000029,2018-04-22T23:09:31,29.16451,-88.74532,0.5,114.9,102.0,SYN-VESSEL-29,IMO9990029,SYN029,60,0,48,8,2.9,70,A
999000029,2018-04-22T23:08:22,29.16451,-88.74530,0.7,98.0,101.0,SYN-VESSEL-29,IMO9990029,SYN029,60,0,48,8,2.9,70,A
999000029,2018-04-22T23:10:42,29.16456,-88.74531,0.5,77.5,97.0,SYN-VESSEL-29,IMO9990029,SYN029,60,0,48,8,2.9,70,A
999000029,2018-04-22T23:14:42,29.16454,-88.74532,0.5,65.3,105.0,SYN-VESSEL-29,IMO9990029,SYN029,60,0,48,8,2.9,70,A
999000029,2018-04-22T23:17:12,29.16455,-88.74530,0.5,97.2,98.0,SYN-VESSEL-29,IMO9990029,SYN029,60,0,48,8,2.9,70,A
999000024,2018-04-22T21:18:51,28.95209,-89.29957,3.4,57.0,511.0,SYN-VESSEL-24,IMO9990024,SYN024,30,,26,7,,,B
999000024,2018-04-22T21:20:22,28.95272,-89.29812,3.4,62.3,511.0,SYN-VESSEL-24,IMO9990024,SYN024,30,,26,7,,,B
999000024,2018-04-22T21:21:51,28.95332,-89.29670,3.5,67.0,511.0,SYN-VESSEL-24,IMO9990024,SYN024,30,,26,7,,,B
999000024,2018-04-22T21:23:52,28.95403,-89.29472,3.1,75.1,511.0,SYN-VESSEL-24,IMO9990024,SYN024,30,,26,7,,,B
999000024,2018-04-22T21:26:20,28.95463,-89.29221,3.4,80.3,511.0,SYN-VESSEL-24,IMO9990024,SYN024,30,,26,7,,,B
999000024,2018-04-22T21:24:53,28.95430,-89.29370,3.4,72.4,511.0,SYN-VESSEL-24,IMO9990024,SYN024,30,,26,7,,,B
999000024,2018-04-22T21:28:52,28.95514,-89.28963,3.3,72.7,511.0,SYN-VESSEL-24,IMO9990024,SYN024,30,,26,7,,,B
999000024,2018-04-22T21:30:21,28.95538,-89.28808,3.3,83.0,511.0,SYN-VESSEL-24,IMO9990024,SYN024,30,,26,7,,,B
999000024,2018-04-22T21:32:50,28.95574,-89.28547,3.6,88.7,511.0,SYN-VESSEL-24,IMO9990024,SYN024,30,,26,7,,,B
999000024,2018-04-22T21:34:22,28.95589,-89.28388,3.1,80.7,511.0,SYN-VESSEL-24,IMO9990024,SYN024,30,,26,7,,,B
999000024,2018-04-22T18:23:52,28.94893,-89.29184,3.4,259.5,511.0,SYN-VESSEL-24,IMO9990024,SYN024,30,,26,7,,,B
999000024,2018-04-22T18:25:21,28.94872,-89.29333,3.3,260.4,511.0,SYN-VESSEL-24,IMO9990024,SYN024,30,,26,7,,,B
999000024,2018-04-22T18:26:22,28.94858,-89.29433,2.8,256.0,511.0,SYN-VESSEL-24,IMO9990024,SYN024,30,,26,7,,,B
999000024,2018-04-22T18:15:22,28.95013,-89.28341,3.1,265.7,511.0,SYN-VESSEL-24,IMO9990024,SYN024,30,,26,7,,,B
999000024,2018-04-22T18:17:21,28.94999,-89.28539,2.7,267.4,511.0,SYN-VESSEL-24,IMO9990024,SYN024,30,,26,7,,,B
999000024,2018-04-22T18:20:51,28.94949,-89.28888,3.4,250.8,511.0,SYN-VESSEL-24,IMO9990024,SYN024,30,,26,7,,,B
999000024,2018-04-22T18:18:51,28.94990,-89.28690,3.2,267.5,511.0,SYN-VESSEL-24,IMO9990024,SYN024,30,,26,7,,,B
999000024,2018-04-22T18:31:51,28.94689,-89.29954,3.6,236.2,511.0,SYN-VESSEL-24,IMO9990024,SYN024,30,,26,7,,,B
999000024,2018-04-22T18:30:50,28.94725,-89.29861,3.4,252.6,511.0,SYN-VESSEL-24,IMO9990024,SYN024,30,,26,7,,,B
999000024,2018-04-22T18:29:21,28.94781,-89.29722,3.5,243.7,511.0,SYN-VESSEL-24,IMO9990024,SYN024,30,,26,7,,,B
999000024,2018-04-22T19:19:50,28.95465,-89.29331,3.4,80.8,511.0,SYN-VESSEL-24,IMO9990024,SYN024,30,,26,7,,,B
999000024,2018-04-22T19:21:21,28.95503,-89.29174,3.4,76.6,511.0,SYN-VESSEL-24,IMO9990024,SYN024,30,,26,7,,,B
999000024,2018-04-22T19:14:51,28.95345,-89.29841,3.6,69.8,511.0,SYN-VESSEL-24,IMO9990024,SYN024,30,,26,7,,,B
999000024,2018-04-22T19:13:50,28.95308,-89.29940,3.4,60.0,511.0,SYN-VESSEL-24,IMO9990024,SYN024,30,,26,7,,,B
999000024,2018-04-22T19:18:20,28.95429,-89.29484,3.4,73.2,511.0,SYN-VESSEL-24,IMO9990024,SYN024,30,,26,7,,,B
999000024,2018-04-22T19:15:52,28.95370,-89.29739,3.3,72.9,511.0,SYN-VESSEL-24,IMO9990024,SYN024,30,,26,7,,,B
999000024,2018-04-22T18:12:21,28.95030,-89.28042,3.1,262.2,511.0,SYN-VESSEL-24,IMO9990024,SYN024,30,,26,7,,,B
999000024,2018-04-22T18:10:52,28.95039,-89.27894,3.1,270.7,511.0,SYN-VESSEL-24,IMO9990024,SYN024,30,,26,7,,,B
999000024,2018-04-22T18:14:21,28.95018,-89.28242,3.1,270.7,511.0,SYN-VESSEL-24,IMO9990024,SYN024,30,,26,7,,,B
999000024,2018-04-22T18:04:20,28.95078,-89.27242,3.0,260.0,511.0,SYN-VESSEL-24,IMO9990024,SYN024,30,,26,7,,,B
999000024,2018-04-22T18:02:50,28.95091,-89.27091,3.3,269.4,511.0,SYN-VESSEL-24,IMO9990024,SYN024,30,,26,7,,,B
999000024,2018-04-22T18:01:23,28.95104,-89.26946,3.1,262.8,511.0,SYN-VESSEL-24,IMO9990024,SYN024,30,,26,7,,,B
999000024,2018-04-22T18:00:21,28.95112,-89.26845,3.2,263.4,511.0,SYN-VESSEL-24,IMO9990024,SYN024,30,,26,7,,,B
999000024,2018-04-22T18:07:22,28.95054,-89.27545,2.9,262.3,511.0,SYN-VESSEL-24,IMO9990024,SYN024,30,,26,7,,,B
999000024,2018-04-22T18:05:25,28.95067,-89.27349,2.8,270.2,511.0,SYN-VESSEL-24,IMO9990024,SYN024,30,,26,7,,,B
999000024,2018-04-22T18:08:50,28.95046,-89.27693,3.1,261.6,511.0,SYN-VESSEL-24,IMO9990024,SYN024,30,,26,7,,,B
999000024,2018-04-22T18:09:51,28.95042,-89.27792,3.2,269.3,511.0,SYN-VESSEL-24,IMO9990024,SYN024,30,,26,7,,,B
999000024,2018-04-22T20:30:22,28.94970,-89.29883,3.2,249.0,511.0,SYN-VESSEL-24,IMO9990024,SYN024,30,,26,7,,,B
999000024,2018-04-22T20:28:52,28.95016,-89.29740,3.1,240.7,511.0,SYN-VESSEL-24,IMO9990024,SYN024,30,,26,7,,,B
999000024,2018-04-22T20:27:51,28.95046,-89.29643,3.0,247.8,511.0,SYN-VESSEL-24,IMO9990024,SYN024,30,,26,7,,,B
999000024,2018-04-22T21:47:52,28.95713,-89.26954,3.6,88.4,511.0,SYN-VESSEL-24,IMO9990024,SYN024,30,,26,7,,,B
999000024,2018-04-22T21:46:21,28.95697,-89.27114,3.3,76.2,511.0,SYN-VESSEL-24,IMO9990024,SYN024,30,,26,7,,,B
999000024,2018-04-22T21:49:22,28.95728,-89.26794,3.6,86.7,511.0,SYN-VESSEL-24,IMO9990024,SYN024,30,,26,7,,,B
999000024,2018-04-22T21:50:51,28.95734,-89.26637,2.8,98.3,511.0,SYN-VESSEL-24,IMO9990024,SYN024,30,,26,7,,,B
999000024,2018-04-22T21:52:21,28.95679,-89.26490,3.2,122.9,511.0,SYN-VESSEL-24,IMO9990024,SYN024,30,,26,7,,,B
999000024,2018-04-22T21:41:20,28.95646,-89.27647,3.4,92.6,511.0,SYN-VESSEL-24,IMO9990024,SYN024,30,,26,7,,,B
999000024,2018-04-22T21:42:21,28.95653,-89.27539,3.2,88.9,511.0,SYN-VESSEL-24,IMO9990024,SYN024,30,,26,7,,,B
999000024,2018-04-22T21:39:56,28.95636,-89.27797,3.2,81.2,511.0,SYN-VESSEL-24,IMO9990024,SYN024,30,,26,7,,,B
999000024,2018-04-22T21:38:51,28.95626,-89.27911,3.5,89.2,511.0,SYN-VESSEL-24,IMO9990024,SYN024,30,,26,7,,,B
999000024,2018-04-22T21:35:51,28.95603,-89.28229,3.3,86.4,511.0,SYN-VESSEL-24,IMO9990024,SYN024,30,,26,7,,,B
999000024,2018-04-22T21:37:25,28.95615,-89.28063,3.4,82.2,511.0,SYN-VESSEL-24,IMO9990024,SYN024,30,,26,7,,,B
999000024,2018-04-22T21:53:51,28.95563,-89.26393,3.6,153.3,511.0,SYN-VESSEL-24,IMO9990024,SYN024,30,,26,7,,,B
999000024,2018-04-22T21:58:52,28.95117,-89.26290,2.8,179.1,511.0,SYN-VESSEL-24,IMO9990024,SYN024,30,,26,7,,,B
999000024,2018-04-22T22:01:50,28.94851,-89.26262,3.5,168.2,511.0,SYN-VESSEL-24,IMO9990024,SYN024,30,,26,7,,,B
999000024,2018-04-22T22:00:22,28.94984,-89.26283,3.2,172.0,511.0,SYN-VESSEL-24,IMO9990024,SYN024,30,,26,7,,,B
999000024,2018-04-22T22:06:21,28.94430,-89.26274,4.4,208.8,511.0,SYN-VESSEL-24,IMO9990024,SYN024,30,,26,7,,,B
999000024,2018-04-22T22:04:50,28.94575,-89.26243,4.8,181.4,511.0,SYN-VESSEL-24,IMO9990024,SYN024,30,,26,7,,,B
999000024,2018-04-22T22:03:22,28.94710,-89.26250,3.2,178.0,511.0,SYN-VESSEL-24,IMO9990024,SYN024,30,,26,7,,,B
999000024,2018-04-22T22:08:51,28.94240,-89.26437,3.5,242.8,511.0,SYN-VESSEL-24,IMO9990024,SYN024,30,,26,7,,,B
999000024,2018-04-22T22:07:50,28.94299,-89.26352,3.2,223.9,511.0,SYN-VESSEL-24,IMO9990024,SYN024,30,,26,7,,,B
999000024,2018-04-22T19:53:21,28.95449,-89.26229,4.3,229.0,511.0,SYN-VESSEL-24,IMO9990024,SYN024,30,,26,7,,,B
999000024,2018-04-22T19:50:53,28.95668,-89.26131,3.4,161.1,511.0,SYN-VESSEL-24,IMO9990024,SYN024,30,,26,7,,,B
999000024,2018-04-22T19:48:20,28.95826,-89.26330,3.2,103.2,511.0,SYN-VESSEL-24,IMO9990024,SYN024,30,,26,7,,,B
999000024,2018-04-22T19:36:22,28.95720,-89.27600,3.1,84.1,511.0,SYN-VESSEL-24,IMO9990024,SYN024,30,,26,7,,,B
999000024,2018-04-22T19:40:52,28.95761,-89.27123,3.3,81.8,511.0,SYN-VESSEL-24,IMO9990024,SYN024,30,,26,7,,,B
999000024,2018-04-22T19:43:51,28.95792,-89.26805,3.3,93.7,511.0,SYN-VESSEL-24,IMO9990024,SYN024,30,,26,7,,,B
999000024,2018-04-22T19:29:50,28.95651,-89.28291,3.5,88.2,511.0,SYN-VESSEL-24,IMO9990024,SYN024,30,,26,7,,,B
999000024,2018-04-22T19:28:21,28.95634,-89.28444,3.3,84.3,511.0,SYN-VESSEL-24,IMO9990024,SYN024,30,,26,7,,,B
999000024,2018-04-22T19:32:22,28.95693,-89.28024,3.2,90.7,511.0,SYN-VESSEL-24,IMO9990024,SYN024,30,,26,7,,,B
999000024,2018-04-22T19:30:51,28.95670,-89.28184,3.4,74.4,511.0,SYN-VESSEL-24,IMO9990024,SYN024,30,,26,7,,,B
999000024,2018-04-22T19:35:21,28.95712,-89.27707,3.2,86.9,511.0,SYN-VESSEL-24,IMO9990024,SYN024,30,,26,7,,,B
999000024,2018-04-22T19:34:20,28.95705,-89.27813,3.2,80.8,511.0,SYN-VESSEL-24,IMO9990024,SYN024,30,,26,7,,,B
999000024,2018-04-22T19:25:21,28.95585,-89.28760,3.2,81.0,511.0,SYN-VESSEL-24,IMO9990024,SYN024,30,,26,7,,,B
999000024,2018-04-22T19:22:51,28.95536,-89.29018,3.2,75.0,511.0,SYN-VESSEL-24,IMO9990024,SYN024,30,,26,7,,,B
999000024,2018-04-22T19:26:53,28.95613,-89.28602,3.4,66.7,511.0,SYN-VESSEL-24,IMO9990024,SYN024,30,,26,7,,,B
999000024,2018-04-22T19:58:50,28.95385,-89.26785,3.4,262.2,511.0,SYN-VESSEL-24,IMO9990024,SYN024,30,,26,7,,,B
999000024,2018-04-22T19:57:20,28.95397,-89.26635,3.3,265.1,511.0,SYN-VESSEL-24,IMO9990024,SYN024,30,,26,7,,,B
999000024,2018-04-22T19:55:50,28.95410,-89.26488,2.9,265.5,511.0,SYN-VESSEL-24,IMO9990024,SYN024,30,,26,7,,,B
999000024,2018-04-22T22:26:20,28.93705,-89.28090,3.2,235.0,511.0,SYN-VESSEL-24,IMO9990024,SYN024,30,,26,7,,,B
999000024,2018-04-22T22:28:20,28.93615,-89.28262,2.9,250.0,511.0,SYN-VESSEL-24,IMO9990024,SYN024,30,,26,7,,,B
999000024,2018-04-22T22:29:21,28.93575,-89.28354,3.4,238.4,511.0,SYN-VESSEL-24,IMO9990024,SYN024,30,,26,7,,,B
999000024,2018-04-22T22:32:22,28.93496,-89.28637,3.1,249.0,511.0,SYN-VESSEL-24,IMO9990024,SYN024,30,,26,7,,,B
999000024,2018-04-22T22:33:52,28.93447,-89.28775,3.1,238.1,511.0,SYN-VESSEL-24,IMO9990024,SYN024,30,,26,7,,,B
999000024,2018-04-22T22:37:21,28.93328,-89.29092,3.3,240.3,511.0,SYN-VESSEL-24,IMO9990024,SYN024,30,,26,7,,,B
999000024,2018-04-22T22:38:52,28.93285,-89.29235,3.1,258.1,511.0,SYN-VESSEL-24,IMO9990024,SYN024,30,,26,7,,,B
999000024,2018-04-22T22:35:50,28.93379,-89.28956,3.7,247.9,511.0,SYN-VESSEL-24,IMO9990024,SYN024,30,,26,7,,,B
999000024,2018-04-22T22:10:50,28.94174,-89.26632,3.5,249.2,511.0,SYN-VESSEL-24,IMO9990024,SYN024,30,,26,7,,,B
999000024,2018-04-22T22:11:51,28.94147,-89.26733,3.2,252.5,511.0,SYN-VESSEL-24,IMO9990024,SYN024,30,,26,7,,,B
999000024,2018-04-22T22:15:21,28.94045,-89.27065,3.2,254.8,511.0,SYN-VESSEL-24,IMO9990024,SYN024,30,,26,7,,,B
999000024,2018-04-22T22:13:51,28.94088,-89.26922,3.1,250.9,511.0,SYN-VESSEL-24,IMO9990024,SYN024,30,,26,7,,,B
999000024,2018-04-22T22:16:22,28.94020,-89.27165,3.9,247.0,511.0,SYN-VESSEL-24,IMO9990024,SYN024,30,,26,7,,,B
999000024,2018-04-22T22:21:21,28.93895,-89.27640,3.1,250.2,511.0,SYN-VESSEL-24,IMO9990024,SYN024,30,,26,7,,,B
999000024,2018-04-22T22:24:50,28.93768,-89.27957,3.0,231.4,511.0,SYN-VESSEL-24,IMO9990024,SYN024,30,,26,7,,,B
999000024,2018-04-22T22:22:51,28.93841,-89.27776,3.1,239.6,511.0,SYN-VESSEL-24,IMO9990024,SYN024,30,,26,7,,,B
999000024,2018-04-22T22:18:50,28.93962,-89.27400,3.3,252.9,511.0,SYN-VESSEL-24,IMO9990024,SYN024,30,,26,7,,,B
999000024,2018-04-22T22:20:20,28.93924,-89.27546,3.1,257.5,511.0,SYN-VESSEL-24,IMO9990024,SYN024,30,,26,7,,,B
999000024,2018-04-22T22:40:21,28.93243,-89.29376,3.1,253.8,511.0,SYN-VESSEL-24,IMO9990024,SYN024,30,,26,7,,,B
999000024,2018-04-22T22:43:52,28.93136,-89.29704,2.9,256.6,511.0,SYN-VESSEL-24,IMO9990024,SYN024,30,,26,7,,,B
999000024,2018-04-22T20:05:52,28.95344,-89.27484,3.1,256.0,511.0,SYN-VESSEL-24,IMO9990024,SYN024,30,,26,7,,,B
999000024,2018-04-22T20:04:51,28.95348,-89.27384,3.0,266.1,511.0,SYN-VESSEL-24,IMO9990024,SYN024,30,,26,7,,,B
999000024,2018-04-22T20:03:50,28.95355,-89.27283,3.0,264.1,511.0,SYN-VESSEL-24,IMO9990024,SYN024,30,,26,7,,,B
999000024,2018-04-22T20:07:52,28.95339,-89.27684,3.1,270.0,511.0,SYN-VESSEL-24,IMO9990024,SYN024,30,,26,7,,,B
999000024,2018-04-22T20:00:22,28.95374,-89.26938,3.2,266.0,511.0,SYN-VESSEL-24,IMO9990024,SYN024,30,,26,7,,,B
999000024,2018-04-22T20:01:52,28.95366,-89.27086,3.1,268.3,511.0,SYN-VESSEL-24,IMO9990024,SYN024,30,,26,7,,,B
999000024,2018-04-22T19:59:51,28.95378,-89.26886,3.3,261.8,511.0,SYN-VESSEL-24,IMO9990024,SYN024,30,,26,7,,,B
999000024,2018-04-22T20:18:50,28.95248,-89.28772,3.1,259.9,511.0,SYN-VESSEL-24,IMO9990024,SYN024,30,,26,7,,,B
999000024,2018-04-22T20:19:51,28.95232,-89.28874,3.3,252.4,511.0,SYN-VESSEL-24,IMO9990024,SYN024,30,,26,7,,,B
999000024,2018-04-22T20:21:24,28.95208,-89.29024,3.1,254.3,511.0,SYN-VESSEL-24,IMO9990024,SYN024,30,,26,7,,,B
999000024,2018-04-22T20:23:50,28.95159,-89.29264,3.1,256.8,511.0,SYN-VESSEL-24,IMO9990024,SYN024,30,,26,7,,,B
999000024,2018-04-22T20:16:22,28.95287,-89.28530,2.7,268.3,511.0,SYN-VESSEL-24,IMO9990024,SYN024,30,,26,7,,,B
999000024,2018-04-22T20:14:24,28.95309,-89.28335,3.1,266.6,511.0,SYN-VESSEL-24,IMO9990024,SYN024,30,,26,7,,,B
999000024,2018-04-22T20:13:23,28.95316,-89.28233,3.1,263.5,511.0,SYN-VESSEL-24,IMO9990024,SYN024,30,,26,7,,,B
999000024,2018-04-22T20:12:22,28.95322,-89.28131,3.1,255.6,511.0,SYN-VESSEL-24,IMO9990024,SYN024,30,,26,7,,,B
999000024,2018-04-22T20:10:22,28.95335,-89.27934,3.2,267.1,511.0,SYN-VESSEL-24,IMO9990024,SYN024,30,,26,7,,,B
999000024,2018-04-22T20:26:50,28.95072,-89.29548,3.5,252.7,511.0,SYN-VESSEL-24,IMO9990024,SYN024,30,,26,7,,,B
999000024,2018-04-22T20:25:22,28.95115,-89.29408,3.0,246.3,511.0,SYN-VESSEL-24,IMO9990024,SYN024,30,,26,7,,,B
999000024,2018-04-22T22:45:50,28.93076,-89.29889,3.0,246.4,511.0,SYN-VESSEL-24,IMO9990024,SYN024,30,,26,7,,,B
999000047,2018-04-22T20:31:18,29.17387,-88.86805,10.6,42.8,511.0,SYN-VESSEL-47,IMO9990047,SYN047,30,,24,7,,,B
999000047,2018-04-22T20:17:47,29.14333,-88.88995,10.2,44.4,511.0,SYN-VESSEL-47,IMO9990047,SYN047,30,,24,7,,,B
999000049,2018-04-22T23:10:46,28.94300,-89.27556,3.1,244.8,511.0,SYN-VESSEL-49,IMO9990049,SYN049,30,,22,6,,,B
999000049,2018-04-22T23:09:12,28.94345,-89.27433,2.6,241.2,511.0,SYN-VESSEL-49,IMO9990049,SYN049,30,,22,6,,,B
999000049,2018-04-22T23:12:11,28.94248,-89.27658,2.3,247.8,511.0,SYN-VESSEL-49,IMO9990049,SYN049,30,,22,6,,,B
999000049,2018-04-22T23:13:19,28.94201,-89.27738,2.8,244.8,511.0,SYN-VESSEL-49,IMO9990049,SYN049,30,,22,6,,,B
999000049,2018-04-22T23:15:14,28.94137,-89.27880,2.5,235.1,511.0,SYN-VESSEL-49,IMO9990049,SYN049,30,,22,6,,,B
999000049,2018-04-22T23:07:16,28.94404,-89.27281,2.7,256.6,511.0,SYN-VESSEL-49,IMO9990049,SYN049,30,,22,6,,,B
999000049,2018-04-22T23:03:47,28.94496,-89.27004,2.6,240.9,511.0,SYN-VESSEL-49,IMO9990049,SYN049,30,,22,6,,,B
999000049,2018-04-22T23:02:16,28.94546,-89.26890,2.8,240.9,511.0,SYN-VESSEL-49,IMO9990049,SYN049,30,,22,6,,,B
999000049,2018-04-22T23:00:11,28.94618,-89.26729,2.6,233.3,511.0,SYN-VESSEL-49,IMO9990049,SYN049,30,,22,6,,,B
999000049,2018-04-22T22:58:47,28.94681,-89.26625,3.0,236.2,511.0,SYN-VESSEL-49,IMO9990049,SYN049,30,,22,6,,,B
999000049,2018-04-22T23:01:14,28.94575,-89.26807,3.0,248.0,511.0,SYN-VESSEL-49,IMO9990049,SYN049,30,,22,6,,,B
999000049,2018-04-22T22:55:49,28.94665,-89.26357,2.8,314.1,511.0,SYN-VESSEL-49,IMO9990049,SYN049,30,,22,6,,,B
999000049,2018-04-22T22:57:12,28.94710,-89.26477,3.2,269.0,511.0,SYN-VESSEL-49,IMO9990049,SYN049,30,,22,6,,,B
999000049,2018-04-22T22:45:43,28.94253,-89.26897,2.8,76.9,511.0,SYN-VESSEL-49,IMO9990049,SYN049,30,,22,6,,,B
999000049,2018-04-22T22:47:17,28.94287,-89.26763,3.2,68.4,511.0,SYN-VESSEL-49,IMO9990049,SYN049,30,,22,6,,,B
999000049,2018-04-22T22:53:43,28.94504,-89.26285,3.2,6.4,511.0,SYN-VESSEL-49,IMO9990049,SYN049,30,,22,6,,,B
999000049,2018-04-22T22:48:42,28.94317,-89.26642,2.6,82.1,511.0,SYN-VESSEL-49,IMO9990049,SYN049,30,,22,6,,,B
999000049,2018-04-22T23:16:50,28.94074,-89.27995,2.9,235.6,511.0,SYN-VESSEL-49,IMO9990049,SYN049,30,,22,6,,,B
999000049,2018-04-22T23:34:11,28.93522,-89.29317,2.4,229.4,511.0,SYN-VESSEL-49,IMO9990049,SYN049,30,,22,6,,,B
999000049,2018-04-22T23:37:44,28.93350,-89.29542,2.6,241.4,511.0,SYN-VESSEL-49,IMO9990049,SYN049,30,,22,6,,,B
999000049,2018-04-22T23:35:45,28.93442,-89.29414,3.1,221.3,511.0,SYN-VESSEL-49,IMO9990049,SYN049,30,,22,6,,,B
999000049,2018-04-22T23:39:44,28.93275,-89.29685,2.5,231.6,511.0,SYN-VESSEL-49,IMO9990049,SYN049,30,,22,6,,,B
999000049,2018-04-22T23:41:45,28.93182,-89.29823,2.4,240.5,511.0,SYN-VESSEL-49,IMO9990049,SYN049,30,,22,6,,,B
999000049,2018-04-22T23:42:47,28.93147,-89.29904,2.8,240.0,511.0,SYN-VESSEL-49,IMO9990049,SYN049,30,,22,6,,,B
999000049,2018-04-22T23:32:48,28.93576,-89.29220,3.0,244.7,511.0,SYN-VESSEL-49,IMO9990049,SYN049,30,,22,6,,,B
999000049,2018-04-22T23:31:13,28.93631,-89.29103,2.4,250.2,511.0,SYN-VESSEL-49,IMO9990049,SYN049,30,,22,6,,,B
999000049,2018-04-22T23:27:49,28.93723,-89.28838,2.9,242.3,511.0,SYN-VESSEL-49,IMO9990049,SYN049,30,,22,6,,,B
999000049,2018-04-22T23:22:42,28.93891,-89.28453,2.9,240.4,511.0,SYN-VESSEL-49,IMO9990049,SYN049,30,,22,6,,,B
999000049,2018-04-22T23:20:45,28.93946,-89.28298,2.7,260.2,511.0,SYN-VESSEL-49,IMO9990049,SYN049,30,,22,6,,,B
999000049,2018-04-22T23:18:15,28.94020,-89.28099,2.8,237.4,511.0,SYN-VESSEL-49,IMO9990049,SYN049,30,,22,6,,,B
999000049,2018-04-22T19:23:49,28.94804,-89.29790,3.0,75.6,511.0,SYN-VESSEL-49,IMO9990049,SYN049,30,,22,6,,,B
999000049,2018-04-22T19:25:11,28.94827,-89.29670,2.9,83.7,511.0,SYN-VESSEL-49,IMO9990049,SYN049,30,,22,6,,,B
999000049,2018-04-22T19:26:46,28.94856,-89.29535,3.1,73.4,511.0,SYN-VESSEL-49,IMO9990049,SYN049,30,,22,6,,,B
999000049,2018-04-22T19:31:41,28.94739,-89.29112,3.4,143.5,511.0,SYN-VESSEL-49,IMO9990049,SYN049,30,,22,6,,,B
999000049,2018-04-22T19:29:13,28.94855,-89.29307,3.1,105.0,511.0,SYN-VESSEL-49,IMO9990049,SYN049,30,,22,6,,,B
999000049,2018-04-22T19:30:15,28.94819,-89.29214,2.9,112.9,511.0,SYN-VESSEL-49,IMO9990049,SYN049,30,,22,6,,,B
999000049,2018-04-22T19:35:11,28.94453,-89.29068,2.8,203.6,511.0,SYN-VESSEL-49,IMO9990049,SYN049,30,,22,6,,,B
999000049,2018-04-22T19:33:48,28.94569,-89.29039,3.1,178.8,511.0,SYN-VESSEL-49,IMO9990049,SYN049,30,,22,6,,,B
999000049,2018-04-22T19:39:45,28.94155,-89.29294,2.9,212.6,511.0,SYN-VESSEL-49,IMO9990049,SYN049,30,,22,6,,,B
999000049,2018-04-22T19:36:46,28.94346,-89.29153,2.7,210.6,511.0,SYN-VESSEL-49,IMO9990049,SYN049,30,,22,6,,,B
999000049,2018-04-22T19:44:44,28.93839,-89.29541,3.0,225.7,511.0,SYN-VESSEL-49,IMO9990049,SYN049,30,,22,6,,,B
999000049,2018-04-22T19:40:49,28.94079,-89.29336,3.4,202.1,511.0,SYN-VESSEL-49,IMO9990049,SYN049,30,,22,6,,,B
999000049,2018-04-22T19:50:11,28.93548,-89.29890,2.8,239.3,511.0,SYN-VESSEL-49,IMO9990049,SYN049,30,,22,6,,,B
999000049,2018-04-22T19:51:20,28.93497,-89.29972,2.9,229.8,511.0,SYN-VESSEL-49,IMO9990049,SYN049,30,,22,6,,,B
999000049,2018-04-22T19:48:45,28.93615,-89.29787,3.2,224.7,511.0,SYN-VESSEL-49,IMO9990049,SYN049,30,,22,6,,,B
999000049,2018-04-22T19:46:13,28.93755,-89.29632,3.3,221.5,511.0,SYN-VESSEL-49,IMO9990049,SYN049,30,,22,6,,,B
999000049,2018-04-22T22:43:20,28.94207,-89.27099,2.8,74.4,511.0,SYN-VESSEL-49,IMO9990049,SYN049,30,,22,6,,,B
999000049,2018-04-22T22:18:45,28.93543,-89.29148,3.1,56.8,511.0,SYN-VESSEL-49,IMO9990049,SYN049,30,,22,6,,,B
999000049,2018-04-22T22:19:47,28.93592,-89.29071,3.0,58.7,511.0,SYN-VESSEL-49,IMO9990049,SYN049,30,,22,6,,,B
999000049,2018-04-22T22:23:41,28.93713,-89.28748,2.6,61.8,511.0,SYN-VESSEL-49,IMO9990049,SYN049,30,,22,6,,,B
999000049,2018-04-22T22:11:50,28.93286,-89.29703,2.7,53.9,511.0,SYN-VESSEL-49,IMO9990049,SYN049,30,,22,6,,,B
999000049,2018-04-22T22:32:41,28.93915,-89.27987,3.0,73.9,511.0,SYN-VESSEL-49,IMO9990049,SYN049,30,,22,6,,,B
999000049,2018-04-22T22:26:43,28.93800,-89.28499,3.0,81.6,511.0,SYN-VESSEL-49,IMO9990049,SYN049,30,,22,6,,,B
999000049,2018-04-22T22:27:47,28.93819,-89.28408,2.8,71.4,511.0,SYN-VESSEL-49,IMO9990049,SYN049,30,,22,6,,,B
999000049,2018-04-22T22:25:42,28.93780,-89.28584,2.9,75.1,511.0,SYN-VESSEL-49,IMO9990049,SYN049,30,,22,6,,,B
999000049,2018-04-22T22:29:46,28.93871,-89.28240,3.0,71.3,511.0,SYN-VESSEL-49,IMO9990049,SYN049,30,,22,6,,,B
999000049,2018-04-22T22:36:47,28.94026,-89.27647,2.7,75.5,511.0,SYN-VESSEL-49,IMO9990049,SYN049,30,,22,6,,,B
999000049,2018-04-22T22:37:50,28.94051,-89.27556,2.7,69.3,511.0,SYN-VESSEL-49,IMO9990049,SYN049,30,,22,6,,,B
999000049,2018-04-22T22:34:13,28.93960,-89.27860,3.0,62.8,511.0,SYN-VESSEL-49,IMO9990049,SYN049,30,,22,6,,,B
999000049,2018-04-22T22:07:42,28.93052,-89.29971,2.9,43.3,511.0,SYN-VESSEL-49,IMO9990049,SYN049,30,,22,6,,,B
999000049,2018-04-22T22:08:44,28.93110,-89.29900,3.0,44.4,511.0,SYN-VESSEL-49,IMO9990049,SYN049,30,,22,6,,,B
999000049,2018-04-22T22:10:13,28.93194,-89.29806,2.9,39.7,511.0,SYN-VESSEL-49,IMO9990049,SYN049,30,,22,6,,,B
999000002,2018-04-22T18:38:28,29.10800,-89.27083,8.3,27.0,27.0,SYN-VESSEL-02,IMO9990002,SYN002,89,0,244,42,12.5,89,A
999000002,2018-04-22T18:39:38,29.11050,-89.26933,8.3,26.0,28.0,SYN-VESSEL-02,IMO9990002,SYN002,89,0,244,42,12.5,89,A
999000002,2018-04-22T18:43:08,29.11750,-89.26517,8.2,30.0,25.0,SYN-VESSEL-02,IMO9990002,SYN002,89,0,244,42,12.5,89,A
999000002,2018-04-22T18:48:57,29.12983,-89.25983,8.2,21.0,19.0,SYN-VESSEL-02,IMO9990002,SYN002,89,0,244,42,12.5,89,A
999000002,2018-04-22T18:47:27,29.12700,-89.26100,8.3,21.0,19.0,SYN-VESSEL-02,IMO9990002,SYN002,89,0,244,42,12.5,89,A
999000002,2018-04-22T18:33:38,29.09817,-89.27650,8.3,29.0,26.0,SYN-VESSEL-02,IMO9990002,SYN002,89,0,244,42,12.5,89,A
999000002,2018-04-22T18:37:18,29.10583,-89.27200,8.3,27.0,27.0,SYN-VESSEL-02,IMO9990002,SYN002,89,0,244,42,12.5,89,A
999000002,2018-04-22T18:36:16,29.10367,-89.27317,8.3,29.0,26.0,SYN-VESSEL-02,IMO9990002,SYN002,89,0,244,42,12.5,89,A
999000002,2018-04-22T18:20:48,29.07367,-89.29433,8.4,50.0,48.0,SYN-VESSEL-02,IMO9990002,SYN002,89,0,244,42,12.5,89,A
999000002,2018-04-22T18:19:36,29.07167,-89.29683,8.3,49.0,48.0,SYN-VESSEL-02,IMO9990002,SYN002,89,0,244,42,12.5,89,A
999000002,2018-04-22T18:18:27,29.07000,-89.29900,8.5,48.0,48.0,SYN-VESSEL-02,IMO9990002,SYN002,89,0,244,42,12.5,89,A
999000002,2018-04-22T18:32:16,29.09533,-89.27817,8.3,26.0,27.0,SYN-VESSEL-02,IMO9990002,SYN002,89,0,244,42,12.5,89,A
999000002,2018-04-22T18:29:48,29.09017,-89.28100,8.2,27.0,25.0,SYN-VESSEL-02,IMO9990002,SYN002,89,0,244,42,12.5,89,A
999000002,2018-04-22T18:24:27,29.07967,-89.28800,8.3,41.0,40.0,SYN-VESSEL-02,IMO9990002,SYN002,89,0,244,42,12.5,89,A
999000002,2018-04-22T18:23:07,29.07733,-89.29017,8.3,40.0,40.0,SYN-VESSEL-02,IMO9990002,SYN002,89,0,244,42,12.5,89,A
999000002,2018-04-22T18:28:18,29.08700,-89.28283,8.2,25.0,26.0,SYN-VESSEL-02,IMO9990002,SYN002,89,0,244,42,12.5,89,A
999000002,2018-04-22T18:25:47,29.08200,-89.28567,8.3,40.0,30.0,SYN-VESSEL-02,IMO9990002,SYN002,89,0,244,42,12.5,89,A
999000002,2018-04-22T18:50:27,29.13317,-89.25850,8.1,17.0,22.0,SYN-VESSEL-02,IMO9990002,SYN002,89,0,244,42,12.5,89,A
999000002,2018-04-22T18:51:48,29.13617,-89.25733,8.2,22.0,22.0,SYN-VESSEL-02,IMO9990002,SYN002,89,0,244,42,12.5,89,A
999000002,2018-04-22T19:06:08,29.16900,-89.25700,7.8,344.0,341.0,SYN-VESSEL-02,IMO9990002,SYN002,89,0,244,42,12.5,89,A
999000002,2018-04-22T19:04:56,29.16667,-89.25633,8.0,348.0,343.0,SYN-VESSEL-02,IMO9990002,SYN002,89,0,244,42,12.5,89,A
999000002,2018-04-22T19:08:47,29.17450,-89.25917,7.6,341.0,340.0,SYN-VESSEL-02,IMO9990002,SYN002,89,0,244,42,12.5,89,A
999000002,2018-04-22T19:07:18,29.17150,-89.25800,7.7,340.0,340.0,SYN-VESSEL-02,IMO9990002,SYN002,89,0,244,42,12.5,89,A
999000002,2018-04-22T19:11:08,29.17883,-89.26083,7.4,341.0,338.0,SYN-VESSEL-02,IMO9990002,SYN002,89,0,244,42,12.5,89,A
999000002,2018-04-22T19:09:57,29.17667,-89.26000,7.5,340.0,340.0,SYN-VESSEL-02,IMO9990002,SYN002,89,0,244,42,12.5,89,A
999000002,2018-04-22T19:13:47,29.18400,-89.26350,7.6,334.0,336.0,SYN-VESSEL-02,IMO9990002,SYN002,89,0,244,42,12.5,89,A
999000002,2018-04-22T19:12:18,29.18117,-89.26200,7.3,340.0,335.0,SYN-VESSEL-02,IMO9990002,SYN002,89,0,244,42,12.5,89,A
999000002,2018-04-22T19:18:18,29.19267,-89.26850,8.1,330.0,328.0,SYN-VESSEL-02,IMO9990002,SYN002,89,0,244,42,12.5,89,A
999000002,2018-04-22T19:14:57,29.18633,-89.26450,7.6,338.0,333.0,SYN-VESSEL-02,IMO9990002,SYN002,89,0,244,42,12.5,89,A
999000002,2018-04-22T19:16:47,29.18967,-89.26667,7.8,330.0,331.0,SYN-VESSEL-02,IMO9990002,SYN002,89,0,244,42,12.5,89,A
999000002,2018-04-22T18:59:28,29.15383,-89.25533,8.9,4.0,2.0,SYN-VESSEL-02,IMO9990002,SYN002,89,0,244,42,12.5,89,A
999000002,2018-04-22T19:00:08,29.15550,-89.25517,8.8,5.0,2.0,SYN-VESSEL-02,IMO9990002,SYN002,89,0,244,42,12.5,89,A
999000002,2018-04-22T19:01:18,29.15817,-89.25483,9.0,9.0,359.0,SYN-VESSEL-02,IMO9990002,SYN002,89,0,244,42,12.5,89,A
999000002,2018-04-22T19:03:38,29.16367,-89.25550,8.1,345.0,344.0,SYN-VESSEL-02,IMO9990002,SYN002,89,0,244,42,12.5,89,A
999000002,2018-04-22T19:02:26,29.16117,-89.25483,8.3,351.0,346.0,SYN-VESSEL-02,IMO9990002,SYN002,89,0,244,42,12.5,89,A
999000002,2018-04-22T18:58:18,29.15083,-89.25550,8.7,1.0,1.0,SYN-VESSEL-02,IMO9990002,SYN002,89,0,244,42,12.5,89,A
999000002,2018-04-22T18:54:37,29.14233,-89.25567,8.2,359.0,0.0,SYN-VESSEL-02,IMO9990002,SYN002,89,0,244,42,12.5,89,A
999000002,2018-04-22T18:53:27,29.13950,-89.25583,8.1,15.0,7.0,SYN-VESSEL-02,IMO9990002,SYN002,89,0,244,42,12.5,89,A
999000002,2018-04-22T18:57:08,29.14817,-89.25567,8.6,2.0,1.0,SYN-VESSEL-02,IMO9990002,SYN002,89,0,244,42,12.5,89,A
999000002,2018-04-22T19:20:18,29.19650,-89.27083,8.3,333.0,329.0,SYN-VESSEL-02,IMO9990002,SYN002,89,0,244,42,12.5,89,A
999000002,2018-04-22T19:21:27,29.19900,-89.27250,8.3,333.0,329.0,SYN-VESSEL-02,IMO9990002,SYN002,89,0,244,42,12.5,89,A
999000012,2018-04-22T20:39:04,28.87314,-89.18357,14.7,254.8,511.0,SYN-VESSEL-12,IMO9990012,SYN012,60,0,47,9,,60,A
999000012,2018-04-22T20:37:28,28.87435,-89.17642,15.0,250.7,511.0,SYN-VESSEL-12,IMO9990012,SYN012,60,0,47,9,,60,A
999000012,2018-04-22T20:36:04,28.87534,-89.16998,14.0,271.8,511.0,SYN-VESSEL-12,IMO9990012,SYN012,60,0,47,9,,60,A
999000012,2018-04-22T20:27:46,28.87919,-89.13333,14.5,254.9,511.0,SYN-VESSEL-12,IMO9990012,SYN012,60,0,47,9,,60,A
999000012,2018-04-22T20:29:04,28.87801,-89.13900,14.2,251.1,511.0,SYN-VESSEL-12,IMO9990012,SYN012,60,0,47,9,,60,A
999000012,2018-04-22T20:31:22,28.87713,-89.14922,14.5,263.0,511.0,SYN-VESSEL-12,IMO9990012,SYN012,60,0,47,9,,60,A
999000012,2018-04-22T20:40:10,28.87221,-89.18844,14.1,261.4,511.0,SYN-VESSEL-12,IMO9990012,SYN012,60,0,47,9,,60,A
999000012,2018-04-22T20:44:10,28.87059,-89.20643,14.2,264.1,511.0,SYN-VESSEL-12,IMO9990012,SYN012,60,0,47,9,,60,A
999000012,2018-04-22T20:59:39,28.86996,-89.27435,14.5,251.3,511.0,SYN-VESSEL-12,IMO9990012,SYN012,60,0,47,9,,60,A
999000012,2018-04-22T20:54:39,28.87141,-89.25201,14.4,276.7,511.0,SYN-VESSEL-12,IMO9990012,SYN012,60,0,47,9,,60,A
999000012,2018-04-22T21:01:28,28.86776,-89.28225,14.7,246.2,511.0,SYN-VESSEL-12,IMO9990012,SYN012,60,0,47,9,,60,A
999000012,2018-04-22T21:02:40,28.86633,-89.28759,14.6,255.1,511.0,SYN-VESSEL-12,IMO9990012,SYN012,60,0,47,9,,60,A
999000012,2018-04-22T21:00:21,28.86923,-89.27745,14.1,248.6,511.0,SYN-VESSEL-12,IMO9990012,SYN012,60,0,47,9,,60,A
999000012,2018-04-22T20:53:34,28.87124,-89.24726,13.5,264.2,511.0,SYN-VESSEL-12,IMO9990012,SYN012,60,0,47,9,,60,A
999000012,2018-04-22T20:49:04,28.87012,-89.22748,12.0,286.0,511.0,SYN-VESSEL-12,IMO9990012,SYN012,60,0,47,9,,60,A
999000012,2018-04-22T20:51:34,28.87069,-89.23844,13.6,270.1,511.0,SYN-VESSEL-12,IMO9990012,SYN012,60,0,47,9,,60,A
999000012,2018-04-22T21:04:10,28.86461,-89.29423,15.3,245.2,511.0,SYN-VESSEL-12,IMO9990012,SYN012,60,0,47,9,,60,A
999000012,2018-04-22T19:08:46,28.88620,-89.06327,1.2,47.8,511.0,SYN-VESSEL-12,IMO9990012,SYN012,60,0,47,9,,60,A
999000012,2018-04-22T19:07:07,28.88618,-89.06327,0.5,3.7,511.0,SYN-VESSEL-12,IMO9990012,SYN012,60,0,47,9,,60,A
999000012,2018-04-22T19:11:26,28.88620,-89.06330,0.5,31.1,511.0,SYN-VESSEL-12,IMO9990012,SYN012,60,0,47,9,,60,A
999000012,2018-04-22T19:09:56,28.88620,-89.06331,1.0,33.5,511.0,SYN-VESSEL-12,IMO9990012,SYN012,60,0,47,9,,60,A
999000012,2018-04-22T19:12:46,28.88617,-89.06324,0.3,70.3,511.0,SYN-VESSEL-12,IMO9990012,SYN012,60,0,47,9,,60,A
999000012,2018-04-22T19:16:06,28.88619,-89.06327,0.3,23.8,511.0,SYN-VESSEL-12,IMO9990012,SYN012,60,0,47,9,,60,A
999000012,2018-04-22T19:19:46,28.88622,-89.06332,0.1,342.3,511.0,SYN-VESSEL-12,IMO9990012,SYN012,60,0,47,9,,60,A
999000012,2018-04-22T19:18:06,28.88619,-89.06325,0.3,74.5,511.0,SYN-VESSEL-12,IMO9990012,SYN012,60,0,47,9,,60,A
999000012,2018-04-22T18:52:46,28.88615,-89.06322,1.0,69.3,511.0,SYN-VESSEL-12,IMO9990012,SYN012,60,0,47,9,,60,A
999000012,2018-04-22T18:55:56,28.88613,-89.06324,0.2,74.1,511.0,SYN-VESSEL-12,IMO9990012,SYN012,60,0,47,9,,60,A
999000012,2018-04-22T18:54:05,28.88614,-89.06322,0.3,59.2,511.0,SYN-VESSEL-12,IMO9990012,SYN012,60,0,47,9,,60,A
999000012,2018-04-22T18:57:46,28.88615,-89.06323,0.5,43.1,511.0,SYN-VESSEL-12,IMO9990012,SYN012,60,0,47,9,,60,A
999000012,2018-04-22T19:01:26,28.88610,-89.06326,0.9,44.9,511.0,SYN-VESSEL-12,IMO9990012,SYN012,60,0,47,9,,60,A
999000012,2018-04-22T18:59:26,28.88613,-89.06322,0.5,64.3,511.0,SYN-VESSEL-12,IMO9990012,SYN012,60,0,47,9,,60,A
999000012,2018-04-22T19:02:56,28.88613,-89.06326,0.2,12.4,511.0,SYN-VESSEL-12,IMO9990012,SYN012,60,0,47,9,,60,A
999000012,2018-04-22T19:04:56,28.88614,-89.06325,1.0,60.1,511.0,SYN-VESSEL-12,IMO9990012,SYN012,60,0,47,9,,60,A
999000012,2018-04-22T18:51:15,28.88617,-89.06323,0.8,41.4,511.0,SYN-VESSEL-12,IMO9990012,SYN012,60,0,47,9,,60,A
999000012,2018-04-22T18:46:55,28.88614,-89.06325,1.3,16.7,511.0,SYN-VESSEL-12,IMO9990012,SYN012,60,0,47,9,,60,A
999000012,2018-04-22T18:44:55,28.88616,-89.06325,0.5,66.0,511.0,SYN-VESSEL-12,IMO9990012,SYN012,60,0,47,9,,60,A
999000012,2018-04-22T18:35:45,28.88615,-89.06322,0.8,54.1,511.0,SYN-VESSEL-12,IMO9990012,SYN012,60,0,47,9,,60,A
999000012,2018-04-22T18:34:35,28.88619,-89.06323,0.7,63.4,511.0,SYN-VESSEL-12,IMO9990012,SYN012,60,0,47,9,,60,A
999000012,2018-04-22T18:38:25,28.88618,-89.06325,0.2,37.0,511.0,SYN-VESSEL-12,IMO9990012,SYN012,60,0,47,9,,60,A
999000012,2018-04-22T18:42:35,28.88614,-89.06321,0.2,104.2,511.0,SYN-VESSEL-12,IMO9990012,SYN012,60,0,47,9,,60,A
999000012,2018-04-22T18:37:16,28.88618,-89.06329,0.9,15.0,511.0,SYN-VESSEL-12,IMO9990012,SYN012,60,0,47,9,,60,A
999000012,2018-04-22T18:22:27,28.88627,-89.06337,1.0,11.9,511.0,SYN-VESSEL-12,IMO9990012,SYN012,60,0,47,9,,60,A
999000012,2018-04-22T18:20:47,28.88628,-89.06342,0.2,19.2,511.0,SYN-VESSEL-12,IMO9990012,SYN012,60,0,47,9,,60,A
999000012,2018-04-22T18:17:15,28.88627,-89.06337,0.2,356.8,511.0,SYN-VESSEL-12,IMO9990012,SYN012,60,0,47,9,,60,A
999000012,2018-04-22T18:18:27,28.88625,-89.06336,0.4,66.9,511.0,SYN-VESSEL-12,IMO9990012,SYN012,60,0,47,9,,60,A
999000012,2018-04-22T18:15:35,28.88625,-89.06335,0.7,1.9,511.0,SYN-VESSEL-12,IMO9990012,SYN012,60,0,47,9,,60,A
999000012,2018-04-22T18:23:47,28.88624,-89.06333,0.2,57.0,511.0,SYN-VESSEL-12,IMO9990012,SYN012,60,0,47,9,,60,A
999000012,2018-04-22T18:25:05,28.88625,-89.06332,0.4,33.6,511.0,SYN-VESSEL-12,IMO9990012,SYN012,60,0,47,9,,60,A
999000012,2018-04-22T18:32:05,28.88618,-89.06324,0.2,49.5,511.0,SYN-VESSEL-12,IMO9990012,SYN012,60,0,47,9,,60,A
999000012,2018-04-22T18:28:45,28.88618,-89.06328,0.1,64.1,511.0,SYN-VESSEL-12,IMO9990012,SYN012,60,0,47,9,,60,A
999000012,2018-04-22T19:24:27,28.88619,-89.06327,0.6,30.1,511.0,SYN-VESSEL-12,IMO9990012,SYN012,60,0,47,9,,60,A
999000012,2018-04-22T19:27:55,28.88617,-89.06325,0.1,18.7,511.0,SYN-VESSEL-12,IMO9990012,SYN012,60,0,47,9,,60,A
999000012,2018-04-22T19:21:27,28.88620,-89.06329,0.1,49.6,511.0,SYN-VESSEL-12,IMO9990012,SYN012,60,0,47,9,,60,A
999000012,2018-04-22T19:35:16,28.88618,-89.06326,0.3,46.9,511.0,SYN-VESSEL-12,IMO9990012,SYN012,60,0,47,9,,60,A
999000012,2018-04-22T19:34:06,28.88617,-89.06326,0.2,37.3,511.0,SYN-VESSEL-12,IMO9990012,SYN012,60,0,47,9,,60,A
999000012,2018-04-22T19:29:15,28.88617,-89.06326,0.3,28.9,511.0,SYN-VESSEL-12,IMO9990012,SYN012,60,0,47,9,,60,A
999000012,2018-04-22T19:32:36,28.88615,-89.06331,0.3,12.0,511.0,SYN-VESSEL-12,IMO9990012,SYN012,60,0,47,9,,60,A
999000012,2018-04-22T19:30:36,28.88615,-89.06327,0.5,55.9,511.0,SYN-VESSEL-12,IMO9990012,SYN012,60,0,47,9,,60,A
999000012,2018-04-22T19:44:06,28.88618,-89.06329,0.7,340.2,511.0,SYN-VESSEL-12,IMO9990012,SYN012,60,0,47,9,,60,A
999000012,2018-04-22T19:42:26,28.88616,-89.06326,0.3,48.2,511.0,SYN-VESSEL-12,IMO9990012,SYN012,60,0,47,9,,60,A
999000012,2018-04-22T19:37:06,28.88620,-89.06327,1.1,24.8,511.0,SYN-VESSEL-12,IMO9990012,SYN012,60,0,47,9,,60,A
999000012,2018-04-22T19:38:46,28.88616,-89.06328,0.4,35.7,511.0,SYN-VESSEL-12,IMO9990012,SYN012,60,0,47,9,,60,A
999000012,2018-04-22T19:39:56,28.88617,-89.06328,0.6,35.0,511.0,SYN-VESSEL-12,IMO9990012,SYN012,60,0,47,9,,60,A
999000012,2018-04-22T19:54:25,28.88617,-89.06330,0.3,240.6,511.0,SYN-VESSEL-12,IMO9990012,SYN012,60,0,47,9,,60,A
999000012,2018-04-22T19:56:15,28.88619,-89.06332,0.3,221.5,511.0,SYN-VESSEL-12,IMO9990012,SYN012,60,0,47,9,,60,A
999000012,2018-04-22T19:48:55,28.88619,-89.06332,0.5,203.0,511.0,SYN-VESSEL-12,IMO9990012,SYN012,60,0,47,9,,60,A
999000012,2018-04-22T18:06:56,28.88627,-89.06325,0.8,359.6,511.0,SYN-VESSEL-12,IMO9990012,SYN012,60,0,47,9,,60,A
999000012,2018-04-22T18:08:16,28.88634,-89.06325,1.2,31.8,511.0,SYN-VESSEL-12,IMO9990012,SYN012,60,0,47,9,,60,A
999000012,2018-04-22T18:10:56,28.88625,-89.06337,0.9,7.2,511.0,SYN-VESSEL-12,IMO9990012,SYN012,60,0,47,9,,60,A
999000012,2018-04-22T18:14:15,28.88627,-89.06334,0.2,6.1,511.0,SYN-VESSEL-12,IMO9990012,SYN012,60,0,47,9,,60,A
999000012,2018-04-22T18:00:35,28.88631,-89.06316,0.8,93.9,511.0,SYN-VESSEL-12,IMO9990012,SYN012,60,0,47,9,,60,A
999000012,2018-04-22T18:02:37,28.88627,-89.06328,0.9,245.0,511.0,SYN-VESSEL-12,IMO9990012,SYN012,60,0,47,9,,60,A
999000012,2018-04-22T18:05:15,28.88626,-89.06329,0.2,134.8,511.0,SYN-VESSEL-12,IMO9990012,SYN012,60,0,47,9,,60,A
999000012,2018-04-22T18:03:56,28.88627,-89.06334,0.8,243.6,511.0,SYN-VESSEL-12,IMO9990012,SYN012,60,0,47,9,,60,A
999000012,2018-04-22T20:22:58,28.88257,-89.11230,14.8,270.5,511.0,SYN-VESSEL-12,IMO9990012,SYN012,60,0,47,9,,60,A
999000012,2018-04-22T20:19:52,28.88475,-89.09875,13.8,254.9,511.0,SYN-VESSEL-12,IMO9990012,SYN012,60,0,47,9,,60,A
999000012,2018-04-22T20:18:28,28.88564,-89.09252,14.8,261.1,511.0,SYN-VESSEL-12,IMO9990012,SYN012,60,0,47,9,,60,A
999000012,2018-04-22T20:11:06,28.88732,-89.06275,8.6,0.3,511.0,SYN-VESSEL-12,IMO9990012,SYN012,60,0,47,9,,60,A
999000012,2018-04-22T19:57:16,28.88620,-89.06333,0.4,211.0,511.0,SYN-VESSEL-12,IMO9990012,SYN012,60,0,47,9,,60,A
999000012,2018-04-22T19:59:56,28.88622,-89.06332,0.4,227.0,511.0,SYN-VESSEL-12,IMO9990012,SYN012,60,0,47,9,,60,A
999000012,2018-04-22T19:58:25,28.88620,-89.06331,1.0,203.4,511.0,SYN-VESSEL-12,IMO9990012,SYN012,60,0,47,9,,60,A
999000012,2018-04-22T20:00:16,28.88621,-89.06333,0.9,218.0,511.0,SYN-VESSEL-12,IMO9990012,SYN012,60,0,47,9,,60,A
999000012,2018-04-22T20:02:56,28.88621,-89.06338,1.2,191.7,511.0,SYN-VESSEL-12,IMO9990012,SYN012,60,0,47,9,,60,A
999000012,2018-04-22T20:05:06,28.88626,-89.06335,0.9,16.0,511.0,SYN-VESSEL-12,IMO9990012,SYN012,60,0,47,9,,60,A
999000012,2018-04-22T20:06:16,28.88627,-89.06338,0.2,357.2,511.0,SYN-VESSEL-12,IMO9990012,SYN012,60,0,47,9,,60,A
999000012,2018-04-22T20:25:09,28.88073,-89.12187,14.6,256.3,511.0,SYN-VESSEL-12,IMO9990012,SYN012,60,0,47,9,,60,A
999000012,2018-04-22T21:05:22,28.86283,-89.29948,14.6,248.8,511.0,SYN-VESSEL-12,IMO9990012,SYN012,60,0,47,9,,60,A
999000026,2018-04-22T19:46:54,29.11022,-89.29206,4.4,106.0,511.0,SYN-VESSEL-26,,SYN026,31,15,15,6,,90,A
999000026,2018-04-22T19:48:45,29.10945,-89.28993,3.9,114.3,511.0,SYN-VESSEL-26,,SYN026,31,15,15,6,,90,A
999000026,2018-04-22T19:42:34,29.11288,-89.29732,4.3,120.2,511.0,SYN-VESSEL-26,,SYN026,31,15,15,6,,90,A
999000026,2018-04-22T19:54:34,29.10918,-89.28370,3.9,80.8,511.0,SYN-VESSEL-26,,SYN026,31,15,15,6,,90,A
999000026,2018-04-22T19:51:45,29.10806,-89.28672,3.3,95.8,511.0,SYN-VESSEL-26,,SYN026,31,15,15,6,,90,A
999000026,2018-04-22T19:55:35,29.10936,-89.28241,4.1,83.5,511.0,SYN-VESSEL-26,,SYN026,31,15,15,6,,90,A
999000026,2018-04-22T20:13:55,29.09541,-89.27751,9.2,196.5,511.0,SYN-VESSEL-26,,SYN026,31,15,15,6,,90,A
999000026,2018-04-22T20:16:24,29.08929,-89.27968,9.0,201.0,511.0,SYN-VESSEL-26,,SYN026,31,15,15,6,,90,A
999000026,2018-04-22T20:15:04,29.09255,-89.27850,9.4,196.5,511.0,SYN-VESSEL-26,,SYN026,31,15,15,6,,90,A
999000026,2018-04-22T20:17:45,29.08634,-89.28121,8.5,208.9,511.0,SYN-VESSEL-26,,SYN026,31,15,15,6,,90,A
999000026,2018-04-22T20:19:35,29.08265,-89.28386,8.6,213.6,511.0,SYN-VESSEL-26,,SYN026,31,15,15,6,,90,A
999000026,2018-04-22T20:09:55,29.10492,-89.27373,8.8,199.2,511.0,SYN-VESSEL-26,,SYN026,31,15,15,6,,90,A
999000026,2018-04-22T20:08:04,29.10882,-89.27231,6.8,193.5,511.0,SYN-VESSEL-26,,SYN026,31,15,15,6,,90,A
999000026,2018-04-22T20:11:55,29.10025,-89.27573,9.0,200.7,511.0,SYN-VESSEL-26,,SYN026,31,15,15,6,,90,A
999000026,2018-04-22T20:01:35,29.10982,-89.27958,1.3,74.1,511.0,SYN-VESSEL-26,,SYN026,31,15,15,6,,90,A
999000026,2018-04-22T20:00:16,29.10976,-89.27996,0.6,93.6,511.0,SYN-VESSEL-26,,SYN026,31,15,15,6,,90,A
999000026,2018-04-22T19:57:55,29.10966,-89.28044,1.1,71.7,511.0,SYN-VESSEL-26,,SYN026,31,15,15,6,,90,A
999000026,2018-04-22T19:56:45,29.10955,-89.28107,2.7,79.4,511.0,SYN-VESSEL-26,,SYN026,31,15,15,6,,90,A
999000026,2018-04-22T19:59:25,29.10976,-89.28008,0.6,81.8,511.0,SYN-VESSEL-26,,SYN026,31,15,15,6,,90,A
999000026,2018-04-22T20:02:45,29.11000,-89.27853,4.0,91.8,511.0,SYN-VESSEL-26,,SYN026,31,15,15,6,,90,A
999000026,2018-04-22T20:03:55,29.11002,-89.27690,4.5,72.2,511.0,SYN-VESSEL-26,,SYN026,31,15,15,6,,90,A
999000026,2018-04-22T20:05:14,29.11058,-89.27487,6.0,72.3,511.0,SYN-VESSEL-26,,SYN026,31,15,15,6,,90,A
999000026,2018-04-22T20:06:55,29.11046,-89.27250,3.9,130.4,511.0,SYN-VESSEL-26,,SYN026,31,15,15,6,,90,A
999000026,2018-04-22T20:23:05,29.07603,-89.28989,8.9,223.0,511.0,SYN-VESSEL-26,,SYN026,31,15,15,6,,90,A
999000026,2018-04-22T20:24:15,29.07395,-89.29224,8.8,226.4,511.0,SYN-VESSEL-26,,SYN026,31,15,15,6,,90,A
999000026,2018-04-22T20:21:55,29.07822,-89.28772,8.8,220.6,511.0,SYN-VESSEL-26,,SYN026,31,15,15,6,,90,A
999000026,2018-04-22T20:20:45,29.08038,-89.28571,8.6,220.6,511.0,SYN-VESSEL-26,,SYN026,31,15,15,6,,90,A
999000026,2018-04-22T20:26:35,29.07014,-89.29713,9.0,230.5,511.0,SYN-VESSEL-26,,SYN026,31,15,15,6,,90,A
999000026,2018-04-22T20:25:25,29.07205,-89.29463,8.9,225.5,511.0,SYN-VESSEL-26,,SYN026,31,15,15,6,,90,A
999000026,2018-04-22T20:27:45,29.06811,-89.29958,9.0,222.9,511.0,SYN-VESSEL-26,,SYN026,31,15,15,6,,90,A
999000007,2018-04-22T21:00:03,29.18169,-89.26290,0.2,337.3,334.0,SYN-VESSEL-07,IMO9990007,SYN007,90,3,90,16,,33,A
999000007,2018-04-22T20:59:53,29.18168,-89.26289,0.2,338.5,334.0,SYN-VESSEL-07,IMO9990007,SYN007,90,3,90,16,,33,A
999000007,2018-04-22T20:58:43,29.18158,-89.26284,0.3,307.3,331.0,SYN-VESSEL-07,IMO9990007,SYN007,90,3,90,16,,33,A
999000007,2018-04-22T21:02:23,29.18183,-89.26299,0.2,318.4,334.0,SYN-VESSEL-07,IMO9990007,SYN007,90,3,90,16,,33,A
999000007,2018-04-22T21:01:11,29.18177,-89.26293,0.2,322.9,334.0,SYN-VESSEL-07,IMO9990007,SYN007,90,3,90,16,,33,A
999000007,2018-04-22T20:57:32,29.18151,-89.26278,0.3,275.2,331.0,SYN-VESSEL-07,IMO9990007,SYN007,90,3,90,16,,33,A
999000007,2018-04-22T20:54:19,29.18181,-89.26238,2.3,143.7,323.0,SYN-VESSEL-07,IMO9990007,SYN007,90,3,90,16,,33,A
999000007,2018-04-22T20:51:52,29.18432,-89.26386,3.9,156.0,346.0,SYN-VESSEL-07,IMO9990007,SYN007,90,3,90,16,,33,A
999000007,2018-04-22T20:50:22,29.18567,-89.26450,2.0,156.4,337.0,SYN-VESSEL-07,IMO9990007,SYN007,90,3,90,16,,33,A
999000007,2018-04-22T20:36:52,29.18452,-89.26421,0.3,348.9,338.0,SYN-VESSEL-07,IMO9990007,SYN007,90,3,90,16,,33,A
999000007,2018-04-22T20:30:22,29.18399,-89.26400,0.3,340.0,337.0,SYN-VESSEL-07,IMO9990007,SYN007,90,3,90,16,,33,A
999000007,2018-04-22T20:34:02,29.18429,-89.26412,0.3,343.7,336.0,SYN-VESSEL-07,IMO9990007,SYN007,90,3,90,16,,33,A
999000007,2018-04-22T20:32:02,29.18410,-89.26405,0.3,337.3,337.0,SYN-VESSEL-07,IMO9990007,SYN007,90,3,90,16,,33,A
999000007,2018-04-22T20:48:52,29.18576,-89.26457,0.3,347.6,337.0,SYN-VESSEL-07,IMO9990007,SYN007,90,3,90,16,,33,A
999000007,2018-04-22T20:47:42,29.18563,-89.26455,0.4,344.1,337.0,SYN-VESSEL-07,IMO9990007,SYN007,90,3,90,16,,33,A
999000007,2018-04-22T20:45:42,29.18544,-89.26451,0.4,346.3,337.0,SYN-VESSEL-07,IMO9990007,SYN007,90,3,90,16,,33,A
999000007,2018-04-22T20:44:32,29.18533,-89.26444,0.3,343.6,337.0,SYN-VESSEL-07,IMO9990007,SYN007,90,3,90,16,,33,A
999000007,2018-04-22T20:40:02,29.18490,-89.26431,0.5,341.8,338.0,SYN-VESSEL-07,IMO9990007,SYN007,90,3,90,16,,33,A
999000007,2018-04-22T20:41:42,29.18508,-89.26439,0.4,341.2,337.0,SYN-VESSEL-07,IMO9990007,SYN007,90,3,90,16,,33,A
999000007,2018-04-22T21:03:32,29.18189,-89.26302,0.3,317.7,334.0,SYN-VESSEL-07,IMO9990007,SYN007,90,3,90,16,,33,A
999000007,2018-04-22T23:17:42,29.18378,-89.26403,2.4,154.1,334.0,SYN-VESSEL-07,IMO9990007,SYN007,90,3,90,16,,33,A
999000007,2018-04-22T23:08:13,29.18335,-89.26390,0.4,334.8,338.0,SYN-VESSEL-07,IMO9990007,SYN007,90,3,90,16,,33,A
999000007,2018-04-22T23:07:03,29.18326,-89.26385,0.4,342.8,338.0,SYN-VESSEL-07,IMO9990007,SYN007,90,3,90,16,,33,A
999000007,2018-04-22T23:05:51,29.18312,-89.26380,0.3,332.3,338.0,SYN-VESSEL-07,IMO9990007,SYN007,90,3,90,16,,33,A
999000007,2018-04-22T23:03:21,29.18289,-89.26373,0.3,354.4,340.0,SYN-VESSEL-07,IMO9990007,SYN007,90,3,90,16,,33,A
999000007,2018-04-22T23:02:13,29.18278,-89.26372,0.4,350.0,340.0,SYN-VESSEL-07,IMO9990007,SYN007,90,3,90,16,,33,A
999000007,2018-04-22T23:04:42,29.18302,-89.26376,0.4,358.3,339.0,SYN-VESSEL-07,IMO9990007,SYN007,90,3,90,16,,33,A
999000007,2018-04-22T23:11:03,29.18362,-89.26403,0.3,337.9,339.0,SYN-VESSEL-07,IMO9990007,SYN007,90,3,90,16,,33,A
999000007,2018-04-22T23:09:22,29.18347,-89.26398,0.4,337.7,339.0,SYN-VESSEL-07,IMO9990007,SYN007,90,3,90,16,,33,A
999000007,2018-04-22T23:15:42,29.18404,-89.26418,0.3,342.6,338.0,SYN-VESSEL-07,IMO9990007,SYN007,90,3,90,16,,33,A
999000007,2018-04-22T23:14:12,29.18391,-89.26414,0.3,344.2,338.0,SYN-VESSEL-07,IMO9990007,SYN007,90,3,90,16,,33,A
999000007,2018-04-22T23:13:01,29.18381,-89.26410,0.3,343.4,338.0,SYN-VESSEL-07,IMO9990007,SYN007,90,3,90,16,,33,A
999000007,2018-04-22T22:57:33,29.18223,-89.26365,0.4,339.3,341.0,SYN-VESSEL-07,IMO9990007,SYN007,90,3,90,16,,33,A
999000007,2018-04-22T22:59:52,29.18252,-89.26370,0.4,343.1,341.0,SYN-VESSEL-07,IMO9990007,SYN007,90,3,90,16,,33,A
999000007,2018-04-22T22:58:43,29.18239,-89.26369,0.4,347.3,341.0,SYN-VESSEL-07,IMO9990007,SYN007,90,3,90,16,,33,A
999000007,2018-04-22T23:01:03,29.18265,-89.26372,0.4,350.1,340.0,SYN-VESSEL-07,IMO9990007,SYN007,90,3,90,16,,33,A
999000007,2018-04-22T23:00:02,29.18254,-89.26371,0.3,342.9,341.0,SYN-VESSEL-07,IMO9990007,SYN007,90,3,90,16,,33,A
999000007,2018-04-22T22:53:53,29.18183,-89.26354,0.1,338.7,336.0,SYN-VESSEL-07,IMO9990007,SYN007,90,3,90,16,,33,A
999000007,2018-04-22T22:52:32,29.18163,-89.26345,0.3,179.2,336.0,SYN-VESSEL-07,IMO9990007,SYN007,90,3,90,16,,33,A
999000007,2018-04-22T22:49:32,29.18104,-89.26295,4.4,313.1,332.0,SYN-VESSEL-07,IMO9990007,SYN007,90,3,90,16,,33,A
999000007,2018-04-22T19:18:42,29.18493,-89.26491,0.2,295.3,7.0,SYN-VESSEL-07,IMO9990007,SYN007,90,3,90,16,,33,A
999000007,2018-04-22T19:21:42,29.18363,-89.26328,5.5,156.6,158.0,SYN-VESSEL-07,IMO9990007,SYN007,90,3,90,16,,33,A
999000007,2018-04-22T19:20:05,29.18502,-89.26437,2.4,95.6,116.0,SYN-VESSEL-07,IMO9990007,SYN007,90,3,90,16,,33,A
999000007,2018-04-22T19:16:42,29.18482,-89.26481,0.2,353.5,338.0,SYN-VESSEL-07,IMO9990007,SYN007,90,3,90,16,,33,A
999000007,2018-04-22T19:14:42,29.18445,-89.26474,1.8,357.7,338.0,SYN-VESSEL-07,IMO9990007,SYN007,90,3,90,16,,33,A
999000007,2018-04-22T19:11:32,29.18403,-89.26458,0.3,337.7,337.0,SYN-VESSEL-07,IMO9990007,SYN007,90,3,90,16,,33,A
999000007,2018-04-22T19:12:53,29.18417,-89.26467,0.4,319.4,337.0,SYN-VESSEL-07,IMO9990007,SYN007,90,3,90,16,,33,A
999000007,2018-04-22T19:09:53,29.18387,-89.26452,0.4,343.5,336.0,SYN-VESSEL-07,IMO9990007,SYN007,90,3,90,16,,33,A
999000007,2018-04-22T19:08:42,29.18371,-89.26447,0.5,338.6,336.0,SYN-VESSEL-07,IMO9990007,SYN007,90,3,90,16,,33,A
999000007,2018-04-22T19:05:52,29.18336,-89.26416,0.4,321.8,332.0,SYN-VESSEL-07,IMO9990007,SYN007,90,3,90,16,,33,A
999000007,2018-04-22T19:07:32,29.18357,-89.26436,0.6,329.4,334.0,SYN-VESSEL-07,IMO9990007,SYN007,90,3,90,16,,33,A
999000007,2018-04-22T18:59:43,29.18284,-89.26365,0.8,273.6,329.0,SYN-VESSEL-07,IMO9990007,SYN007,90,3,90,16,,33,A
999000007,2018-04-22T18:58:33,29.18278,-89.26341,1.0,328.7,326.0,SYN-VESSEL-07,IMO9990007,SYN007,90,3,90,16,,33,A
999000007,2018-04-22T18:56:33,29.18287,-89.26357,4.1,155.0,338.0,SYN-VESSEL-07,IMO9990007,SYN007,90,3,90,16,,33,A
999000007,2018-04-22T18:53:33,29.18494,-89.26474,0.3,331.8,334.0,SYN-VESSEL-07,IMO9990007,SYN007,90,3,90,16,,33,A
999000007,2018-04-22T19:04:41,29.18326,-89.26409,0.3,325.4,337.0,SYN-VESSEL-07,IMO9990007,SYN007,90,3,90,16,,33,A
999000007,2018-04-22T19:03:12,29.18314,-89.26398,0.3,346.5,336.0,SYN-VESSEL-07,IMO9990007,SYN007,90,3,90,16,,33,A
999000007,2018-04-22T19:00:01,29.18286,-89.26370,0.5,281.7,332.0,SYN-VESSEL-07,IMO9990007,SYN007,90,3,90,16,,33,A
999000007,2018-04-22T19:02:11,29.18306,-89.26392,0.5,340.3,338.0,SYN-VESSEL-07,IMO9990007,SYN007,90,3,90,16,,33,A
999000007,2018-04-22T19:01:02,29.18295,-89.26381,0.5,307.2,333.0,SYN-VESSEL-07,IMO9990007,SYN007,90,3,90,16,,33,A
999000007,2018-04-22T18:37:42,29.18326,-89.26411,0.4,329.8,336.0,SYN-VESSEL-07,IMO9990007,SYN007,90,3,90,16,,33,A
999000007,2018-04-22T18:40:12,29.18358,-89.26428,0.5,329.6,337.0,SYN-VESSEL-07,IMO9990007,SYN007,90,3,90,16,,33,A
999000007,2018-04-22T18:42:33,29.18389,-89.26442,0.4,351.8,338.0,SYN-VESSEL-07,IMO9990007,SYN007,90,3,90,16,,33,A
999000007,2018-04-22T18:35:23,29.18303,-89.26395,0.3,332.5,336.0,SYN-VESSEL-07,IMO9990007,SYN007,90,3,90,16,,33,A
999000007,2018-04-22T18:33:52,29.18290,-89.26389,0.5,326.3,335.0,SYN-VESSEL-07,IMO9990007,SYN007,90,3,90,16,,33,A
999000007,2018-04-22T18:50:33,29.18472,-89.26463,0.3,334.5,335.0,SYN-VESSEL-07,IMO9990007,SYN007,90,3,90,16,,33,A
999000007,2018-04-22T18:49:03,29.18457,-89.26453,0.4,357.9,334.0,SYN-VESSEL-07,IMO9990007,SYN007,90,3,90,16,,33,A
999000007,2018-04-22T18:46:33,29.18429,-89.26451,0.4,352.5,338.0,SYN-VESSEL-07,IMO9990007,SYN007,90,3,90,16,,33,A
999000007,2018-04-22T18:44:13,29.18407,-89.26446,0.4,351.2,337.0,SYN-VESSEL-07,IMO9990007,SYN007,90,3,90,16,,33,A
999000007,2018-04-22T18:21:53,29.18490,-89.26464,0.3,325.0,334.0,SYN-VESSEL-07,IMO9990007,SYN007,90,3,90,16,,33,A
999000007,2018-04-22T18:18:23,29.18460,-89.26445,0.3,325.9,334.0,SYN-VESSEL-07,IMO9990007,SYN007,90,3,90,16,,33,A
999000007,2018-04-22T18:19:43,29.18471,-89.26451,0.3,337.2,333.0,SYN-VESSEL-07,IMO9990007,SYN007,90,3,90,16,,33,A
999000007,2018-04-22T18:17:02,29.18448,-89.26437,0.3,337.0,335.0,SYN-VESSEL-07,IMO9990007,SYN007,90,3,90,16,,33,A
999000007,2018-04-22T18:31:42,29.18274,-89.26363,0.5,269.9,328.0,SYN-VESSEL-07,IMO9990007,SYN007,90,3,90,16,,33,A
999000007,2018-04-22T18:28:43,29.18290,-89.26353,4.1,156.8,340.0,SYN-VESSEL-07,IMO9990007,SYN007,90,3,90,16,,33,A
999000007,2018-04-22T18:24:13,29.18511,-89.26474,0.4,318.8,334.0,SYN-VESSEL-07,IMO9990007,SYN007,90,3,90,16,,33,A
999000007,2018-04-22T18:23:03,29.18496,-89.26467,0.4,332.6,335.0,SYN-VESSEL-07,IMO9990007,SYN007,90,3,90,16,,33,A
999000007,2018-04-22T18:26:32,29.18475,-89.26449,1.8,152.1,331.0,SYN-VESSEL-07,IMO9990007,SYN007,90,3,90,16,,33,A
999000007,2018-04-22T23:27:51,29.18185,-89.26341,0.4,310.1,331.0,SYN-VESSEL-07,IMO9990007,SYN007,90,3,90,16,,33,A
999000007,2018-04-22T23:26:41,29.18180,-89.26335,0.3,336.5,335.0,SYN-VESSEL-07,IMO9990007,SYN007,90,3,90,16,,33,A
999000007,2018-04-22T23:23:32,29.18158,-89.26321,0.3,337.7,337.0,SYN-VESSEL-07,IMO9990007,SYN007,90,3,90,16,,33,A
999000007,2018-04-22T23:21:32,29.18141,-89.26289,0.9,176.2,329.0,SYN-VESSEL-07,IMO9990007,SYN007,90,3,90,16,,33,A
999000007,2018-04-22T23:19:12,29.18239,-89.26322,3.5,154.3,329.0,SYN-VESSEL-07,IMO9990007,SYN007,90,3,90,16,,33,A
999000007,2018-04-22T23:25:32,29.18170,-89.26329,0.3,329.1,336.0,SYN-VESSEL-07,IMO9990007,SYN007,90,3,90,16,,33,A
999000007,2018-04-22T23:29:01,29.18203,-89.26365,1.5,300.3,327.0,SYN-VESSEL-07,IMO9990007,SYN007,90,3,90,16,,33,A
999000007,2018-04-22T23:32:21,29.18268,-89.26444,0.5,325.6,334.0,SYN-VESSEL-07,IMO9990007,SYN007,90,3,90,16,,33,A
999000007,2018-04-22T23:33:32,29.18281,-89.26453,0.5,322.3,334.0,SYN-VESSEL-07,IMO9990007,SYN007,90,3,90,16,,33,A
999000007,2018-04-22T23:55:33,29.18087,-89.26249,2.0,152.7,335.0,SYN-VESSEL-07,IMO9990007,SYN007,90,3,90,16,,33,A
999000007,2018-04-22T23:54:23,29.18170,-89.26292,4.3,155.1,332.0,SYN-VESSEL-07,IMO9990007,SYN007,90,3,90,16,,33,A
999000007,2018-04-22T23:51:02,29.18304,-89.26362,0.5,315.2,338.0,SYN-VESSEL-07,IMO9990007,SYN007,90,3,90,16,,33,A
999000007,2018-04-22T23:49:32,29.18287,-89.26350,0.5,324.4,337.0,SYN-VESSEL-07,IMO9990007,SYN007,90,3,90,16,,33,A
999000007,2018-04-22T23:45:51,29.18398,-89.26399,1.7,151.9,338.0,SYN-VESSEL-07,IMO9990007,SYN007,90,3,90,16,,33,A
999000007,2018-04-22T23:44:02,29.18424,-89.26438,0.6,108.7,345.0,SYN-VESSEL-07,IMO9990007,SYN007,90,3,90,16,,33,A
999000007,2018-04-22T23:42:02,29.18423,-89.26477,1.1,99.7,343.0,SYN-VESSEL-07,IMO9990007,SYN007,90,3,90,16,,33,A
999000007,2018-04-22T23:38:02,29.18365,-89.26492,0.6,325.2,335.0,SYN-VESSEL-07,IMO9990007,SYN007,90,3,90,16,,33,A
999000007,2018-04-22T23:36:53,29.18338,-89.26475,1.0,4.7,337.0,SYN-VESSEL-07,IMO9990007,SYN007,90,3,90,16,,33,A
999000007,2018-04-22T23:35:43,29.18315,-89.26477,0.4,339.8,339.0,SYN-VESSEL-07,IMO9990007,SYN007,90,3,90,16,,33,A
999000007,2018-04-22T23:34:42,29.18299,-89.26471,0.8,322.8,337.0,SYN-VESSEL-07,IMO9990007,SYN007,90,3,90,16,,33,A
999000007,2018-04-22T23:56:41,29.18050,-89.26229,0.6,156.5,332.0,SYN-VESSEL-07,IMO9990007,SYN007,90,3,90,16,,33,A
999000007,2018-04-22T19:54:13,29.16653,-89.25797,3.7,346.5,343.0,SYN-VESSEL-07,IMO9990007,SYN007,90,3,90,16,,33,A
999000007,2018-04-22T19:53:03,29.16525,-89.25761,4.6,347.3,344.0,SYN-VESSEL-07,IMO9990007,SYN007,90,3,90,16,,33,A
999000007,2018-04-22T19:51:51,29.16342,-89.25707,6.5,339.2,344.0,SYN-VESSEL-07,IMO9990007,SYN007,90,3,90,16,,33,A
999000007,2018-04-22T19:50:45,29.16197,-89.25565,7.7,272.7,317.0,SYN-VESSEL-07,IMO9990007,SYN007,90,3,90,16,,33,A
999000007,2018-04-22T19:44:22,29.16195,-89.25072,1.1,263.6,55.0,SYN-VESSEL-07,IMO9990007,SYN007,90,3,90,16,,33,A
999000007,2018-04-22T19:45:25,29.16200,-89.25060,1.2,52.1,337.0,SYN-VESSEL-07,IMO9990007,SYN007,90,3,90,16,,33,A
999000007,2018-04-22T19:46:42,29.16240,-89.25060,0.9,347.5,285.0,SYN-VESSEL-07,IMO9990007,SYN007,90,3,90,16,,33,A
999000007,2018-04-22T19:48:12,29.16277,-89.25084,2.0,337.8,278.0,SYN-VESSEL-07,IMO9990007,SYN007,90,3,90,16,,33,A
999000007,2018-04-22T19:42:22,29.16156,-89.24977,1.9,305.2,97.0,SYN-VESSEL-07,IMO9990007,SYN007,90,3,90,16,,33,A
999000007,2018-04-22T19:40:32,29.16100,-89.24893,1.7,309.2,105.0,SYN-VESSEL-07,IMO9990007,SYN007,90,3,90,16,,33,A
999000007,2018-04-22T19:26:03,29.17337,-89.25902,10.1,159.7,159.0,SYN-VESSEL-07,IMO9990007,SYN007,90,3,90,16,,33,A
999000007,2018-04-22T19:23:51,29.17912,-89.26133,9.4,161.7,161.0,SYN-VESSEL-07,IMO9990007,SYN007,90,3,90,16,,33,A
999000007,2018-04-22T19:29:51,29.16339,-89.25397,10.4,148.7,138.0,SYN-VESSEL-07,IMO9990007,SYN007,90,3,90,16,,33,A
999000007,2018-04-22T19:28:03,29.16804,-89.25662,10.3,157.3,155.0,SYN-VESSEL-07,IMO9990007,SYN007,90,3,90,16,,33,A
999000007,2018-04-22T19:38:42,29.16052,-89.24818,1.2,325.8,115.0,SYN-VESSEL-07,IMO9990007,SYN007,90,3,90,16,,33,A
999000007,2018-04-22T19:35:12,29.16018,-89.24792,0.9,104.3,108.0,SYN-VESSEL-07,IMO9990007,SYN007,90,3,90,16,,33,A
999000007,2018-04-22T19:31:12,29.16083,-89.25123,7.9,124.9,111.0,SYN-VESSEL-07,IMO9990007,SYN007,90,3,90,16,,33,A
999000007,2018-04-22T19:32:21,29.16028,-89.24918,4.8,98.2,97.0,SYN-VESSEL-07,IMO9990007,SYN007,90,3,90,16,,33,A
999000007,2018-04-22T19:55:23,29.16770,-89.25831,4.0,345.4,343.0,SYN-VESSEL-07,IMO9990007,SYN007,90,3,90,16,,33,A
999000007,2018-04-22T23:59:01,29.18052,-89.26247,0.3,309.4,333.0,SYN-VESSEL-07,IMO9990007,SYN007,90,3,90,16,,33,A
999000007,2018-04-22T22:26:03,29.16194,-89.25110,0.8,130.6,358.0,SYN-VESSEL-07,IMO9990007,SYN007,90,3,90,16,,33,A
999000007,2018-04-22T22:24:03,29.16182,-89.25142,0.3,75.8,10.0,SYN-VESSEL-07,IMO9990007,SYN007,90,3,90,16,,33,A
999000007,2018-04-22T22:19:48,29.16268,-89.25429,4.5,161.6,99.0,SYN-VESSEL-07,IMO9990007,SYN007,90,3,90,16,,33,A
999000007,2018-04-22T22:21:06,29.16165,-89.25328,3.3,117.0,51.0,SYN-VESSEL-07,IMO9990007,SYN007,90,3,90,16,,33,A
999000007,2018-04-22T22:22:43,29.16158,-89.25184,2.5,64.5,18.0,SYN-VESSEL-07,IMO9990007,SYN007,90,3,90,16,,33,A
999000007,2018-04-22T22:12:23,29.17360,-89.25871,6.6,159.9,160.0,SYN-VESSEL-07,IMO9990007,SYN007,90,3,90,16,,33,A
999000007,2018-04-22T22:11:02,29.17611,-89.25978,7.9,161.6,160.0,SYN-VESSEL-07,IMO9990007,SYN007,90,3,90,16,,33,A
999000007,2018-04-22T22:15:02,29.16933,-89.25685,5.8,158.0,161.0,SYN-VESSEL-07,IMO9990007,SYN007,90,3,90,16,,33,A
999000007,2018-04-22T22:13:53,29.17111,-89.25765,6.2,158.1,159.0,SYN-VESSEL-07,IMO9990007,SYN007,90,3,90,16,,33,A
999000007,2018-04-22T22:17:33,29.16578,-89.25530,5.5,159.7,162.0,SYN-VESSEL-07,IMO9990007,SYN007,90,3,90,16,,33,A
999000007,2018-04-22T22:16:32,29.16718,-89.25592,5.2,158.5,160.0,SYN-VESSEL-07,IMO9990007,SYN007,90,3,90,16,,33,A
999000007,2018-04-22T22:45:21,29.17402,-89.25901,7.4,339.2,339.0,SYN-VESSEL-07,IMO9990007,SYN007,90,3,90,16,,33,A
999000007,2018-04-22T22:43:03,29.16954,-89.25705,7.5,338.8,340.0,SYN-VESSEL-07,IMO9990007,SYN007,90,3,90,16,,33,A
999000007,2018-04-22T22:39:25,29.16262,-89.25397,6.7,325.2,339.0,SYN-VESSEL-07,IMO9990007,SYN007,90,3,90,16,,33,A
999000007,2018-04-22T22:38:23,29.16146,-89.25234,5.3,292.5,309.0,SYN-VESSEL-07,IMO9990007,SYN007,90,3,90,16,,33,A
999000007,2018-04-22T22:32:16,29.15983,-89.24986,2.1,137.4,335.0,SYN-VESSEL-07,IMO9990007,SYN007,90,3,90,16,,33,A
999000007,2018-04-22T22:29:03,29.16170,-89.25068,2.3,353.0,345.0,SYN-VESSEL-07,IMO9990007,SYN007,90,3,90,16,,33,A
999000007,2018-04-22T22:27:18,29.16144,-89.25076,2.3,150.7,345.0,SYN-VESSEL-07,IMO9990007,SYN007,90,3,90,16,,33,A
999000007,2018-04-22T22:36:03,29.16106,-89.25024,1.7,322.3,275.0,SYN-VESSEL-07,IMO9990007,SYN007,90,3,90,16,,33,A
999000007,2018-04-22T18:00:02,29.18272,-89.26346,0.5,327.6,332.0,SYN-VESSEL-07,IMO9990007,SYN007,90,3,90,16,,33,A
999000007,2018-04-22T18:02:23,29.18292,-89.26369,0.4,329.5,334.0,SYN-VESSEL-07,IMO9990007,SYN007,90,3,90,16,,33,A
999000007,2018-04-22T18:01:12,29.18283,-89.26355,0.4,322.4,332.0,SYN-VESSEL-07,IMO9990007,SYN007,90,3,90,16,,33,A
999000007,2018-04-22T18:03:32,29.18306,-89.26376,0.5,330.4,334.0,SYN-VESSEL-07,IMO9990007,SYN007,90,3,90,16,,33,A
999000007,2018-04-22T18:07:22,29.18350,-89.26403,0.5,341.9,339.0,SYN-VESSEL-07,IMO9990007,SYN007,90,3,90,16,,33,A
999000007,2018-04-22T18:04:42,29.18316,-89.26385,0.3,332.4,335.0,SYN-VESSEL-07,IMO9990007,SYN007,90,3,90,16,,33,A
999000007,2018-04-22T18:08:32,29.18363,-89.26409,0.4,335.6,340.0,SYN-VESSEL-07,IMO9990007,SYN007,90,3,90,16,,33,A
999000007,2018-04-22T18:05:53,29.18329,-89.26393,0.4,329.2,335.0,SYN-VESSEL-07,IMO9990007,SYN007,90,3,90,16,,33,A
999000007,2018-04-22T18:10:22,29.18385,-89.26415,0.4,351.4,340.0,SYN-VESSEL-07,IMO9990007,SYN007,90,3,90,16,,33,A
999000007,2018-04-22T18:11:32,29.18399,-89.26419,0.4,341.5,338.0,SYN-VESSEL-07,IMO9990007,SYN007,90,3,90,16,,33,A
999000007,2018-04-22T18:12:43,29.18409,-89.26422,0.3,342.4,337.0,SYN-VESSEL-07,IMO9990007,SYN007,90,3,90,16,,33,A
999000007,2018-04-22T18:14:02,29.18424,-89.26428,0.3,336.1,336.0,SYN-VESSEL-07,IMO9990007,SYN007,90,3,90,16,,33,A
999000007,2018-04-22T18:15:52,29.18437,-89.26435,0.3,338.5,336.0,SYN-VESSEL-07,IMO9990007,SYN007,90,3,90,16,,33,A
999000007,2018-04-22T20:11:52,29.18222,-89.26314,0.3,329.1,339.0,SYN-VESSEL-07,IMO9990007,SYN007,90,3,90,16,,33,A
999000007,2018-04-22T20:15:22,29.18261,-89.26327,0.4,342.7,336.0,SYN-VESSEL-07,IMO9990007,SYN007,90,3,90,16,,33,A
999000007,2018-04-22T20:13:52,29.18246,-89.26320,0.4,348.0,336.0,SYN-VESSEL-07,IMO9990007,SYN007,90,3,90,16,,33,A
999000007,2018-04-22T20:16:31,29.18273,-89.26332,0.3,331.6,336.0,SYN-VESSEL-07,IMO9990007,SYN007,90,3,90,16,,33,A
999000007,2018-04-22T20:18:22,29.18290,-89.26340,0.4,333.2,336.0,SYN-VESSEL-07,IMO9990007,SYN007,90,3,90,16,,33,A
999000007,2018-04-22T20:19:31,29.18300,-89.26346,0.3,327.7,337.0,SYN-VESSEL-07,IMO9990007,SYN007,90,3,90,16,,33,A
999000007,2018-04-22T20:21:52,29.18319,-89.26358,0.3,330.5,336.0,SYN-VESSEL-07,IMO9990007,SYN007,90,3,90,16,,33,A
999000007,2018-04-22T20:24:52,29.18342,-89.26369,0.3,335.7,337.0,SYN-VESSEL-07,IMO9990007,SYN007,90,3,90,16,,33,A
999000007,2018-04-22T20:07:59,29.18191,-89.26302,1.2,17.4,340.0,SYN-VESSEL-07,IMO9990007,SYN007,90,3,90,16,,33,A
999000007,2018-04-22T20:06:22,29.18124,-89.26311,1.4,330.6,338.0,SYN-VESSEL-07,IMO9990007,SYN007,90,3,90,16,,33,A
999000007,2018-04-22T20:05:12,29.18082,-89.26295,1.9,342.6,337.0,SYN-VESSEL-07,IMO9990007,SYN007,90,3,90,16,,33,A
999000007,2018-04-22T20:09:12,29.18202,-89.26300,0.3,335.6,333.0,SYN-VESSEL-07,IMO9990007,SYN007,90,3,90,16,,33,A
999000007,2018-04-22T20:10:32,29.18210,-89.26306,0.3,329.9,333.0,SYN-VESSEL-07,IMO9990007,SYN007,90,3,90,16,,33,A
999000007,2018-04-22T20:03:43,29.17977,-89.26243,4.4,335.9,335.0,SYN-VESSEL-07,IMO9990007,SYN007,90,3,90,16,,33,A
999000007,2018-04-22T20:02:22,29.17781,-89.26153,5.8,339.5,338.0,SYN-VESSEL-07,IMO9990007,SYN007,90,3,90,16,,33,A
999000007,2018-04-22T20:01:12,29.17606,-89.26083,5.8,342.7,340.0,SYN-VESSEL-07,IMO9990007,SYN007,90,3,90,16,,33,A
999000007,2018-04-22T20:00:03,29.17427,-89.26024,5.6,345.5,343.0,SYN-VESSEL-07,IMO9990007,SYN007,90,3,90,16,,33,A
999000007,2018-04-22T19:57:52,29.17103,-89.25930,5.3,346.0,343.0,SYN-VESSEL-07,IMO9990007,SYN007,90,3,90,16,,33,A
999000007,2018-04-22T19:56:43,29.16942,-89.25881,5.0,344.5,343.0,SYN-VESSEL-07,IMO9990007,SYN007,90,3,90,16,,33,A
999000007,2018-04-22T19:59:03,29.17276,-89.25981,5.6,346.7,343.0,SYN-VESSEL-07,IMO9990007,SYN007,90,3,90,16,,33,A
999000007,2018-04-22T20:27:22,29.18370,-89.26387,0.3,332.6,337.0,SYN-VESSEL-07,IMO9990007,SYN007,90,3,90,16,,33,A
999000007,2018-04-22T20:28:52,29.18385,-89.26395,0.4,331.0,337.0,SYN-VESSEL-07,IMO9990007,SYN007,90,3,90,16,,33,A
999000007,2018-04-22T21:34:41,29.18575,-89.26466,0.4,343.2,337.0,SYN-VESSEL-07,IMO9990007,SYN007,90,3,90,16,,33,A
999000007,2018-04-22T21:08:33,29.18231,-89.26328,0.4,333.5,336.0,SYN-VESSEL-07,IMO9990007,SYN007,90,3,90,16,,33,A
999000007,2018-04-22T21:11:33,29.18270,-89.26351,0.5,312.9,332.0,SYN-VESSEL-07,IMO9990007,SYN007,90,3,90,16,,33,A
999000007,2018-04-22T21:09:42,29.18247,-89.26337,0.5,334.0,336.0,SYN-VESSEL-07,IMO9990007,SYN007,90,3,90,16,,33,A
999000007,2018-04-22T21:04:41,29.18196,-89.26310,0.3,337.3,336.0,SYN-VESSEL-07,IMO9990007,SYN007,90,3,90,16,,33,A
999000007,2018-04-22T21:07:32,29.18221,-89.26322,0.4,330.8,336.0,SYN-VESSEL-07,IMO9990007,SYN007,90,3,90,16,,33,A
999000007,2018-04-22T21:06:03,29.18208,-89.26315,0.2,332.7,336.0,SYN-VESSEL-07,IMO9990007,SYN007,90,3,90,16,,33,A
999000007,2018-04-22T21:13:02,29.18291,-89.26364,0.5,323.9,332.0,SYN-VESSEL-07,IMO9990007,SYN007,90,3,90,16,,33,A
999000007,2018-04-22T21:14:12,29.18300,-89.26380,0.4,315.5,334.0,SYN-VESSEL-07,IMO9990007,SYN007,90,3,90,16,,33,A
999000007,2018-04-22T21:16:02,29.18318,-89.26394,0.5,327.2,334.0,SYN-VESSEL-07,IMO9990007,SYN007,90,3,90,16,,33,A
999000007,2018-04-22T21:17:33,29.18335,-89.26408,0.6,319.6,335.0,SYN-VESSEL-07,IMO9990007,SYN007,90,3,90,16,,33,A
999000007,2018-04-22T21:24:12,29.18447,-89.26424,0.4,355.6,337.0,SYN-VESSEL-07,IMO9990007,SYN007,90,3,90,16,,33,A
999000007,2018-04-22T21:25:42,29.18469,-89.26427,0.5,358.1,335.0,SYN-VESSEL-07,IMO9990007,SYN007,90,3,90,16,,33,A
999000007,2018-04-22T21:22:51,29.18424,-89.26419,1.0,28.0,340.0,SYN-VESSEL-07,IMO9990007,SYN007,90,3,90,16,,33,A
999000007,2018-04-22T21:21:33,29.18398,-89.26426,0.5,7.7,343.0,SYN-VESSEL-07,IMO9990007,SYN007,90,3,90,16,,33,A
999000007,2018-04-22T21:20:13,29.18379,-89.26426,0.5,347.2,340.0,SYN-VESSEL-07,IMO9990007,SYN007,90,3,90,16,,33,A
999000007,2018-04-22T21:32:22,29.18544,-89.26455,0.4,344.8,337.0,SYN-VESSEL-07,IMO9990007,SYN007,90,3,90,16,,33,A
999000007,2018-04-22T21:33:31,29.18561,-89.26461,0.6,344.6,337.0,SYN-VESSEL-07,IMO9990007,SYN007,90,3,90,16,,33,A
999000007,2018-04-22T21:29:22,29.18508,-89.26447,0.5,332.3,338.0,SYN-VESSEL-07,IMO9990007,SYN007,90,3,90,16,,33,A
999000007,2018-04-22T21:28:03,29.18493,-89.26440,0.3,335.5,335.0,SYN-VESSEL-07,IMO9990007,SYN007,90,3,90,16,,33,A
999000007,2018-04-22T21:30:31,29.18522,-89.26449,0.5,346.7,337.0,SYN-VESSEL-07,IMO9990007,SYN007,90,3,90,16,,33,A
999000007,2018-04-22T22:08:13,29.18212,-89.26222,7.0,157.8,159.0,SYN-VESSEL-07,IMO9990007,SYN007,90,3,90,16,,33,A
999000007,2018-04-22T22:07:09,29.18380,-89.26303,4.5,154.8,156.0,SYN-VESSEL-07,IMO9990007,SYN007,90,3,90,16,,33,A
999000007,2018-04-22T22:06:05,29.18455,-89.26379,1.8,91.0,110.0,SYN-VESSEL-07,IMO9990007,SYN007,90,3,90,16,,33,A
999000007,2018-04-22T22:03:31,29.18438,-89.26417,0.7,7.1,342.0,SYN-VESSEL-07,IMO9990007,SYN007,90,3,90,16,,33,A
999000007,2018-04-22T22:05:02,29.18448,-89.26416,0.3,40.4,23.0,SYN-VESSEL-07,IMO9990007,SYN007,90,3,90,16,,33,A
999000007,2018-04-22T22:02:22,29.18413,-89.26419,0.6,18.1,342.0,SYN-VESSEL-07,IMO9990007,SYN007,90,3,90,16,,33,A
999000007,2018-04-22T22:01:13,29.18395,-89.26423,0.5,16.9,343.0,SYN-VESSEL-07,IMO9990007,SYN007,90,3,90,16,,33,A
999000007,2018-04-22T21:58:52,29.18364,-89.26423,0.6,351.8,343.0,SYN-VESSEL-07,IMO9990007,SYN007,90,3,90,16,,33,A
999000007,2018-04-22T22:00:02,29.18379,-89.26426,0.4,346.4,344.0,SYN-VESSEL-07,IMO9990007,SYN007,90,3,90,16,,33,A
999000007,2018-04-22T21:50:01,29.18258,-89.26332,0.4,327.7,334.0,SYN-VESSEL-07,IMO9990007,SYN007,90,3,90,16,,33,A
999000007,2018-04-22T21:52:33,29.18286,-89.26353,0.5,328.7,333.0,SYN-VESSEL-07,IMO9990007,SYN007,90,3,90,16,,33,A
999000007,2018-04-22T21:51:12,29.18271,-89.26341,0.5,329.5,334.0,SYN-VESSEL-07,IMO9990007,SYN007,90,3,90,16,,33,A
999000007,2018-04-22T21:48:42,29.18243,-89.26322,0.4,326.9,334.0,SYN-VESSEL-07,IMO9990007,SYN007,90,3,90,16,,33,A
999000007,2018-04-22T21:55:42,29.18320,-89.26387,0.4,317.9,334.0,SYN-VESSEL-07,IMO9990007,SYN007,90,3,90,16,,33,A
999000007,2018-04-22T21:56:52,29.18333,-89.26399,0.6,323.8,334.0,SYN-VESSEL-07,IMO9990007,SYN007,90,3,90,16,,33,A
999000007,2018-04-22T21:54:33,29.18308,-89.26375,0.5,313.3,334.0,SYN-VESSEL-07,IMO9990007,SYN007,90,3,90,16,,33,A
999000007,2018-04-22T21:42:42,29.18197,-89.26284,0.3,323.6,334.0,SYN-VESSEL-07,IMO9990007,SYN007,90,3,90,16,,33,A
999000007,2018-04-22T21:44:03,29.18204,-89.26290,0.2,321.3,335.0,SYN-VESSEL-07,IMO9990007,SYN007,90,3,90,16,,33,A
999000007,2018-04-22T21:46:33,29.18221,-89.26305,0.4,325.8,335.0,SYN-VESSEL-07,IMO9990007,SYN007,90,3,90,16,,33,A
999000007,2018-04-22T21:45:32,29.18213,-89.26299,0.3,321.9,335.0,SYN-VESSEL-07,IMO9990007,SYN007,90,3,90,16,,33,A
999000007,2018-04-22T21:38:41,29.18232,-89.26301,4.0,153.9,339.0,SYN-VESSEL-07,IMO9990007,SYN007,90,3,90,16,,33,A
999000007,2018-04-22T21:39:52,29.18175,-89.26264,0.4,140.6,336.0,SYN-VESSEL-07,IMO9990007,SYN007,90,3,90,16,,33,A
999000007,2018-04-22T21:41:03,29.18190,-89.26270,0.2,302.8,333.0,SYN-VESSEL-07,IMO9990007,SYN007,90,3,90,16,,33,A
999000007,2018-04-22T22:09:53,29.17860,-89.26069,8.5,160.2,163.0,SYN-VESSEL-07,IMO9990007,SYN007,90,3,90,16,,33,A
999000035,2018-04-22T23:17:45,29.03633,-88.94575,15.7,152.0,511.0,SYN-VESSEL-35,IMO9990035,SYN035,60,15,44,8,2.1,0,A
999000035,2018-04-22T23:16:03,29.04275,-88.95028,15.9,152.4,511.0,SYN-VESSEL-35,IMO9990035,SYN035,60,15,44,8,2.1,0,A
999000035,2018-04-22T23:07:16,29.05795,-88.96489,0.5,101.9,511.0,SYN-VESSEL-35,IMO9990035,SYN035,60,15,44,8,2.1,0,A
999000035,2018-04-22T23:06:04,29.05795,-88.96500,1.4,94.8,511.0,SYN-VESSEL-35,IMO9990035,SYN035,60,15,44,8,2.1,0,A
999000035,2018-04-22T23:04:46,29.05857,-88.96492,8.8,226.7,511.0,SYN-VESSEL-35,IMO9990035,SYN035,60,15,44,8,2.1,0,A
999000035,2018-04-22T23:03:24,29.05899,-88.96017,6.6,200.2,511.0,SYN-VESSEL-35,IMO9990035,SYN035,60,15,44,8,2.1,0,A
999000035,2018-04-22T23:02:23,29.05933,-88.96059,2.0,70.9,511.0,SYN-VESSEL-35,IMO9990035,SYN035,60,15,44,8,2.1,0,A
999000035,2018-04-22T23:14:15,29.04934,-88.95533,16.2,140.6,511.0,SYN-VESSEL-35,IMO9990035,SYN035,60,15,44,8,2.1,0,A
999000035,2018-04-22T23:11:45,29.05837,-88.96257,15.4,148.8,511.0,SYN-VESSEL-35,IMO9990035,SYN035,60,15,44,8,2.1,0,A
999000035,2018-04-22T23:09:52,29.05805,-88.96485,0.3,1.0,511.0,SYN-VESSEL-35,IMO9990035,SYN035,60,15,44,8,2.1,0,A
999000035,2018-04-22T23:12:56,29.05398,-88.95941,15.6,148.7,511.0,SYN-VESSEL-35,IMO9990035,SYN035,60,15,44,8,2.1,0,A
999000035,2018-04-22T23:08:42,29.05797,-88.96487,0.2,8.2,511.0,SYN-VESSEL-35,IMO9990035,SYN035,60,15,44,8,2.1,0,A
999000035,2018-04-22T22:59:04,29.05901,-88.96225,1.4,87.7,511.0,SYN-VESSEL-35,IMO9990035,SYN035,60,15,44,8,2.1,0,A
999000035,2018-04-22T23:01:14,29.05916,-88.96122,2.1,80.2,511.0,SYN-VESSEL-35,IMO9990035,SYN035,60,15,44,8,2.1,0,A
999000035,2018-04-22T23:00:04,29.05907,-88.96183,1.5,84.0,511.0,SYN-VESSEL-35,IMO9990035,SYN035,60,15,44,8,2.1,0,A
999000035,2018-04-22T22:45:53,29.04826,-88.96869,3.0,28.1,511.0,SYN-VESSEL-35,IMO9990035,SYN035,60,15,44,8,2.1,0,A
999000035,2018-04-22T22:49:01,29.05834,-88.96176,7.7,3.6,511.0,SYN-VESSEL-35,IMO9990035,SYN035,60,15,44,8,2.1,0,A
999000035,2018-04-22T22:47:56,29.05457,-88.96317,16.3,33.8,511.0,SYN-VESSEL-35,IMO9990035,SYN035,60,15,44,8,2.1,0,A
999000035,2018-04-22T22:50:32,29.06000,-88.96254,3.0,280.4,511.0,SYN-VESSEL-35,IMO9990035,SYN035,60,15,44,8,2.1,0,A
999000035,2018-04-22T22:52:04,29.05967,-88.96313,1.7,176.6,511.0,SYN-VESSEL-35,IMO9990035,SYN035,60,15,44,8,2.1,0,A
999000035,2018-04-22T22:54:04,29.05939,-88.96319,1.1,32.0,511.0,SYN-VESSEL-35,IMO9990035,SYN035,60,15,44,8,2.1,0,A
999000035,2018-04-22T21:56:38,29.11731,-88.84934,0.1,58.0,511.0,SYN-VESSEL-35,IMO9990035,SYN035,60,15,44,8,2.1,0,A
999000035,2018-04-22T21:53:58,29.11724,-88.84936,0.4,248.0,511.0,SYN-VESSEL-35,IMO9990035,SYN035,60,15,44,8,2.1,0,A
999000035,2018-04-22T21:52:28,29.11724,-88.84931,0.6,13.8,511.0,SYN-VESSEL-35,IMO9990035,SYN035,60,15,44,8,2.1,0,A
999000035,2018-04-22T21:49:08,29.11721,-88.84934,0.3,92.3,511.0,SYN-VESSEL-35,IMO9990035,SYN035,60,15,44,8,2.1,0,A
999000035,2018-04-22T21:50:49,29.11722,-88.84931,0.2,178.8,511.0,SYN-VESSEL-35,IMO9990035,SYN035,60,15,44,8,2.1,0,A
999000035,2018-04-22T21:39:08,29.11718,-88.84948,0.6,344.1,511.0,SYN-VESSEL-35,IMO9990035,SYN035,60,15,44,8,2.1,0,A
999000035,2018-04-22T21:40:09,29.11721,-88.84940,0.3,73.5,511.0,SYN-VESSEL-35,IMO9990035,SYN035,60,15,44,8,2.1,0,A
999000035,2018-04-22T21:47:58,29.11720,-88.84935,0.4,299.9,511.0,SYN-VESSEL-35,IMO9990035,SYN035,60,15,44,8,2.1,0,A
999000035,2018-04-22T21:46:28,29.11714,-88.84934,0.0,224.0,511.0,SYN-VESSEL-35,IMO9990035,SYN035,60,15,44,8,2.1,0,A
999000035,2018-04-22T21:41:30,29.11720,-88.84946,0.6,250.1,511.0,SYN-VESSEL-35,IMO9990035,SYN035,60,15,44,8,2.1,0,A
999000035,2018-04-22T21:58:38,29.11688,-88.84996,8.7,220.2,511.0,SYN-VESSEL-35,IMO9990035,SYN035,60,15,44,8,2.1,0,A
999000035,2018-04-22T22:01:11,29.10896,-88.85699,14.1,221.9,511.0,SYN-VESSEL-35,IMO9990035,SYN035,60,15,44,8,2.1,0,A
999000035,2018-04-22T22:00:04,29.11235,-88.85375,14.4,218.5,511.0,SYN-VESSEL-35,IMO9990035,SYN035,60,15,44,8,2.1,0,A
999000035,2018-04-22T21:59:40,29.11364,-88.85263,13.9,216.6,511.0,SYN-VESSEL-35,IMO9990035,SYN035,60,15,44,8,2.1,0,A
999000035,2018-04-22T22:04:29,29.10694,-88.85772,0.1,266.4,511.0,SYN-VESSEL-35,IMO9990035,SYN035,60,15,44,8,2.1,0,A
999000035,2018-04-22T22:02:17,29.10693,-88.85823,1.9,190.5,511.0,SYN-VESSEL-35,IMO9990035,SYN035,60,15,44,8,2.1,0,A
999000035,2018-04-22T22:05:48,29.10630,-88.86010,13.9,242.9,511.0,SYN-VESSEL-35,IMO9990035,SYN035,60,15,44,8,2.1,0,A
999000035,2018-04-22T22:03:22,29.10677,-88.85803,1.3,97.2,511.0,SYN-VESSEL-35,IMO9990035,SYN035,60,15,44,8,2.1,0,A
999000035,2018-04-22T22:06:54,29.10394,-88.86419,14.3,228.2,511.0,SYN-VESSEL-35,IMO9990035,SYN035,60,15,44,8,2.1,0,A
999000035,2018-04-22T22:10:12,29.09606,-88.87616,14.4,235.5,511.0,SYN-VESSEL-35,IMO9990035,SYN035,60,15,44,8,2.1,0,A
999000035,2018-04-22T22:11:41,29.09297,-88.88177,14.4,237.4,511.0,SYN-VESSEL-35,IMO9990035,SYN035,60,15,44,8,2.1,0,A
999000035,2018-04-22T22:08:54,29.09900,-88.87128,13.9,238.9,511.0,SYN-VESSEL-35,IMO9990035,SYN035,60,15,44,8,2.1,0,A
999000035,2018-04-22T20:26:11,29.08940,-88.73638,2.3,8.3,511.0,SYN-VESSEL-35,IMO9990035,SYN035,60,15,44,8,2.1,0,A
999000035,2018-04-22T20:28:21,29.09023,-88.73587,2.3,44.8,511.0,SYN-VESSEL-35,IMO9990035,SYN035,60,15,44,8,2.1,0,A
999000035,2018-04-22T20:21:41,29.08781,-88.73489,1.2,347.2,511.0,SYN-VESSEL-35,IMO9990035,SYN035,60,15,44,8,2.1,0,A
999000035,2018-04-22T20:24:52,29.08890,-88.73674,1.8,40.3,511.0,SYN-VESSEL-35,IMO9990035,SYN035,60,15,44,8,2.1,0,A
999000035,2018-04-22T20:20:33,29.08758,-88.73488,1.4,61.7,511.0,SYN-VESSEL-35,IMO9990035,SYN035,60,15,44,8,2.1,0,A
999000035,2018-04-22T20:19:21,29.08736,-88.73507,1.5,358.4,511.0,SYN-VESSEL-35,IMO9990035,SYN035,60,15,44,8,2.1,0,A
999000035,2018-04-22T20:17:01,29.08700,-88.73521,1.6,61.9,511.0,SYN-VESSEL-35,IMO9990035,SYN035,60,15,44,8,2.1,0,A
999000035,2018-04-22T20:12:21,29.08575,-88.73585,1.3,298.6,511.0,SYN-VESSEL-35,IMO9990035,SYN035,60,15,44,8,2.1,0,A
999000035,2018-04-22T20:10:33,29.08644,-88.73488,1.8,225.7,511.0,SYN-VESSEL-35,IMO9990035,SYN035,60,15,44,8,2.1,0,A
999000035,2018-04-22T20:15:51,29.08656,-88.73477,1.5,41.4,511.0,SYN-VESSEL-35,IMO9990035,SYN035,60,15,44,8,2.1,0,A
999000035,2018-04-22T20:14:43,29.08649,-88.73504,2.5,51.2,511.0,SYN-VESSEL-35,IMO9990035,SYN035,60,15,44,8,2.1,0,A
999000035,2018-04-22T20:13:33,29.08623,-88.73595,3.1,76.4,511.0,SYN-VESSEL-35,IMO9990035,SYN035,60,15,44,8,2.1,0,A
999000035,2018-04-22T20:08:19,29.08615,-88.73490,2.4,33.6,511.0,SYN-VESSEL-35,IMO9990035,SYN035,60,15,44,8,2.1,0,A
999000035,2018-04-22T20:09:32,29.08635,-88.73493,0.5,140.2,511.0,SYN-VESSEL-35,IMO9990035,SYN035,60,15,44,8,2.1,0,A
999000035,2018-04-22T20:04:19,29.09086,-88.74891,16.0,106.3,511.0,SYN-VESSEL-35,IMO9990035,SYN035,60,15,44,8,2.1,0,A
999000035,2018-04-22T20:06:32,29.08793,-88.73840,15.9,112.7,511.0,SYN-VESSEL-35,IMO9990035,SYN035,60,15,44,8,2.1,0,A
999000035,2018-04-22T20:05:26,29.08977,-88.74354,15.9,108.7,511.0,SYN-VESSEL-35,IMO9990035,SYN035,60,15,44,8,2.1,0,A
999000035,2018-04-22T20:03:01,29.09217,-88.75527,16.3,101.9,511.0,SYN-VESSEL-35,IMO9990035,SYN035,60,15,44,8,2.1,0,A
999000035,2018-04-22T20:01:50,29.09367,-88.76105,15.6,104.7,511.0,SYN-VESSEL-35,IMO9990035,SYN035,60,15,44,8,2.1,0,A
999000035,2018-04-22T20:00:44,29.09442,-88.76644,16.0,92.5,511.0,SYN-VESSEL-35,IMO9990035,SYN035,60,15,44,8,2.1,0,A
999000035,2018-04-22T18:21:54,29.08574,-88.73569,6.9,118.2,511.0,SYN-VESSEL-35,IMO9990035,SYN035,60,15,44,8,2.1,0,A
999000035,2018-04-22T18:15:24,29.07945,-88.76344,14.3,78.4,511.0,SYN-VESSEL-35,IMO9990035,SYN035,60,15,44,8,2.1,0,A
999000035,2018-04-22T18:18:48,29.08311,-88.74813,15.7,70.0,511.0,SYN-VESSEL-35,IMO9990035,SYN035,60,15,44,8,2.1,0,A
999000035,2018-04-22T18:17:00,29.08095,-88.75630,14.6,74.7,511.0,SYN-VESSEL-35,IMO9990035,SYN035,60,15,44,8,2.1,0,A
999000035,2018-04-22T18:24:40,29.08639,-88.73481,2.8,323.3,511.0,SYN-VESSEL-35,IMO9990035,SYN035,60,15,44,8,2.1,0,A
999000035,2018-04-22T18:23:30,29.08594,-88.73491,1.9,4.8,511.0,SYN-VESSEL-35,IMO9990035,SYN035,60,15,44,8,2.1,0,A
999000035,2018-04-22T18:28:19,29.08664,-88.73485,0.2,5.6,511.0,SYN-VESSEL-35,IMO9990035,SYN035,60,15,44,8,2.1,0,A
999000035,2018-04-22T18:32:00,29.08771,-88.73556,1.9,52.7,511.0,SYN-VESSEL-35,IMO9990035,SYN035,60,15,44,8,2.1,0,A
999000035,2018-04-22T18:33:01,29.08785,-88.73494,2.0,75.1,511.0,SYN-VESSEL-35,IMO9990035,SYN035,60,15,44,8,2.1,0,A
999000035,2018-04-22T18:36:49,29.08773,-88.73454,0.7,108.7,511.0,SYN-VESSEL-35,IMO9990035,SYN035,60,15,44,8,2.1,0,A
999000035,2018-04-22T18:38:10,29.08773,-88.73446,0.1,272.7,511.0,SYN-VESSEL-35,IMO9990035,SYN035,60,15,44,8,2.1,0,A
999000035,2018-04-22T18:39:19,29.08768,-88.73441,0.5,13.3,511.0,SYN-VESSEL-35,IMO9990035,SYN035,60,15,44,8,2.1,0,A
999000035,2018-04-22T18:45:09,29.08769,-88.73444,0.3,261.2,511.0,SYN-VESSEL-35,IMO9990035,SYN035,60,15,44,8,2.1,0,A
999000035,2018-04-22T18:41:19,29.08765,-88.73441,0.1,152.1,511.0,SYN-VESSEL-35,IMO9990035,SYN035,60,15,44,8,2.1,0,A
999000035,2018-04-22T18:46:21,29.08770,-88.73445,0.1,67.5,511.0,SYN-VESSEL-35,IMO9990035,SYN035,60,15,44,8,2.1,0,A
999000035,2018-04-22T18:47:31,29.08771,-88.73440,0.1,331.1,511.0,SYN-VESSEL-35,IMO9990035,SYN035,60,15,44,8,2.1,0,A
999000035,2018-04-22T22:23:18,29.06685,-88.92347,13.9,237.5,511.0,SYN-VESSEL-35,IMO9990035,SYN035,60,15,44,8,2.1,0,A
999000035,2018-04-22T22:24:35,29.06424,-88.92835,14.0,236.2,511.0,SYN-VESSEL-35,IMO9990035,SYN035,60,15,44,8,2.1,0,A
999000035,2018-04-22T22:20:48,29.07227,-88.91416,13.7,235.7,511.0,SYN-VESSEL-35,IMO9990035,SYN035,60,15,44,8,2.1,0,A
999000035,2018-04-22T22:12:54,29.09064,-88.88644,13.7,248.4,511.0,SYN-VESSEL-35,IMO9990035,SYN035,60,15,44,8,2.1,0,A
999000035,2018-04-22T22:19:23,29.07547,-88.90897,14.4,239.4,511.0,SYN-VESSEL-35,IMO9990035,SYN035,60,15,44,8,2.1,0,A
999000035,2018-04-22T22:18:00,29.07819,-88.90380,13.8,248.6,511.0,SYN-VESSEL-35,IMO9990035,SYN035,60,15,44,8,2.1,0,A
999000035,2018-04-22T22:14:30,29.08725,-88.89239,13.5,232.3,511.0,SYN-VESSEL-35,IMO9990035,SYN035,60,15,44,8,2.1,0,A
999000035,2018-04-22T22:16:30,29.08193,-88.89880,14.1,227.5,511.0,SYN-VESSEL-35,IMO9990035,SYN035,60,15,44,8,2.1,0,A
999000035,2018-04-22T22:30:18,29.05227,-88.94979,13.6,243.4,511.0,SYN-VESSEL-35,IMO9990035,SYN035,60,15,44,8,2.1,0,A
999000035,2018-04-22T22:25:42,29.06193,-88.93252,14.3,237.4,511.0,SYN-VESSEL-35,IMO9990035,SYN035,60,15,44,8,2.1,0,A
999000035,2018-04-22T22:27:06,29.05910,-88.93769,14.2,229.9,511.0,SYN-VESSEL-35,IMO9990035,SYN035,60,15,44,8,2.1,0,A
999000035,2018-04-22T22:28:18,29.05637,-88.94213,13.8,241.3,511.0,SYN-VESSEL-35,IMO9990035,SYN035,60,15,44,8,2.1,0,A
999000035,2018-04-22T22:35:00,29.04458,-88.96771,4.0,232.6,511.0,SYN-VESSEL-35,IMO9990035,SYN035,60,15,44,8,2.1,0,A
999000035,2018-04-22T22:33:36,29.04685,-88.96333,13.5,245.8,511.0,SYN-VESSEL-35,IMO9990035,SYN035,60,15,44,8,2.1,0,A
999000035,2018-04-22T22:31:42,29.04979,-88.95544,14.2,243.2,511.0,SYN-VESSEL-35,IMO9990035,SYN035,60,15,44,8,2.1,0,A
999000035,2018-04-22T22:38:05,29.04427,-88.96752,0.6,68.5,511.0,SYN-VESSEL-35,IMO9990035,SYN035,60,15,44,8,2.1,0,A
999000035,2018-04-22T22:37:00,29.04422,-88.96777,1.6,108.5,511.0,SYN-VESSEL-35,IMO9990035,SYN035,60,15,44,8,2.1,0,A
999000035,2018-04-22T22:40:56,29.04424,-88.96757,0.8,216.7,511.0,SYN-VESSEL-35,IMO9990035,SYN035,60,15,44,8,2.1,0,A
999000035,2018-04-22T22:39:15,29.04426,-88.96756,0.1,106.1,511.0,SYN-VESSEL-35,IMO9990035,SYN035,60,15,44,8,2.1,0,A
999000035,2018-04-22T22:42:15,29.04443,-88.96854,11.0,308.8,511.0,SYN-VESSEL-35,IMO9990035,SYN035,60,15,44,8,2.1,0,A
999000035,2018-04-22T23:58:26,29.07489,-88.76897,16.3,78.1,511.0,SYN-VESSEL-35,IMO9990035,SYN035,60,15,44,8,2.1,0,A
999000035,2018-04-22T20:47:41,29.09158,-88.73694,14.1,288.3,511.0,SYN-VESSEL-35,IMO9990035,SYN035,60,15,44,8,2.1,0,A
999000035,2018-04-22T20:50:05,29.09531,-88.74684,13.3,289.1,511.0,SYN-VESSEL-35,IMO9990035,SYN035,60,15,44,8,2.1,0,A
999000035,2018-04-22T20:54:41,29.10073,-88.76626,13.3,281.6,511.0,SYN-VESSEL-35,IMO9990035,SYN035,60,15,44,8,2.1,0,A
999000035,2018-04-22T20:53:05,29.09928,-88.75943,14.6,305.5,511.0,SYN-VESSEL-35,IMO9990035,SYN035,60,15,44,8,2.1,0,A
999000035,2018-04-22T20:56:54,29.10370,-88.77558,14.7,284.3,511.0,SYN-VESSEL-35,IMO9990035,SYN035,60,15,44,8,2.1,0,A
999000035,2018-04-22T20:55:47,29.10211,-88.77088,15.0,295.3,511.0,SYN-VESSEL-35,IMO9990035,SYN035,60,15,44,8,2.1,0,A
999000035,2018-04-22T21:00:11,29.10685,-88.78988,15.0,285.5,511.0,SYN-VESSEL-35,IMO9990035,SYN035,60,15,44,8,2.1,0,A
999000035,2018-04-22T20:57:59,29.10483,-88.78019,14.3,288.0,511.0,SYN-VESSEL-35,IMO9990035,SYN035,60,15,44,8,2.1,0,A
999000035,2018-04-22T20:59:11,29.10603,-88.78546,14.0,286.8,511.0,SYN-VESSEL-35,IMO9990035,SYN035,60,15,44,8,2.1,0,A
999000035,2018-04-22T20:46:11,29.09034,-88.73517,1.9,39.3,511.0,SYN-VESSEL-35,IMO9990035,SYN035,60,15,44,8,2.1,0,A
999000035,2018-04-22T20:44:52,29.08974,-88.73558,2.3,8.4,511.0,SYN-VESSEL-35,IMO9990035,SYN035,60,15,44,8,2.1,0,A
999000035,2018-04-22T20:39:03,29.08791,-88.73476,0.3,337.3,511.0,SYN-VESSEL-35,IMO9990035,SYN035,60,15,44,8,2.1,0,A
999000035,2018-04-22T20:40:22,29.08757,-88.73543,6.1,235.5,511.0,SYN-VESSEL-35,IMO9990035,SYN035,60,15,44,8,2.1,0,A
999000035,2018-04-22T20:36:42,29.08786,-88.73472,0.8,269.8,511.0,SYN-VESSEL-35,IMO9990035,SYN035,60,15,44,8,2.1,0,A
999000035,2018-04-22T20:37:51,29.08787,-88.73480,0.5,52.6,511.0,SYN-VESSEL-35,IMO9990035,SYN035,60,15,44,8,2.1,0,A
999000035,2018-04-22T20:34:22,29.08775,-88.73469,1.6,77.1,511.0,SYN-VESSEL-35,IMO9990035,SYN035,60,15,44,8,2.1,0,A
999000035,2018-04-22T20:35:32,29.08783,-88.73447,0.6,4.6,511.0,SYN-VESSEL-35,IMO9990035,SYN035,60,15,44,8,2.1,0,A
999000035,2018-04-22T20:33:11,29.08765,-88.73553,1.7,77.4,511.0,SYN-VESSEL-35,IMO9990035,SYN035,60,15,44,8,2.1,0,A
999000035,2018-04-22T20:32:01,29.08905,-88.73440,5.4,249.0,511.0,SYN-VESSEL-35,IMO9990035,SYN035,60,15,44,8,2.1,0,A
999000035,2018-04-22T20:30:42,29.08967,-88.73459,7.3,149.4,511.0,SYN-VESSEL-35,IMO9990035,SYN035,60,15,44,8,2.1,0,A
999000035,2018-04-22T20:29:32,29.09050,-88.73535,2.0,69.1,511.0,SYN-VESSEL-35,IMO9990035,SYN035,60,15,44,8,2.1,0,A
999000035,2018-04-22T21:04:35,29.11114,-88.80869,14.4,296.8,511.0,SYN-VESSEL-35,IMO9990035,SYN035,60,15,44,8,2.1,0,A
999000035,2018-04-22T21:03:29,29.10941,-88.80423,13.3,279.4,511.0,SYN-VESSEL-35,IMO9990035,SYN035,60,15,44,8,2.1,0,A
999000035,2018-04-22T21:02:18,29.10860,-88.79894,14.4,276.3,511.0,SYN-VESSEL-35,IMO9990035,SYN035,60,15,44,8,2.1,0,A
999000035,2018-04-22T21:01:17,29.10797,-88.79459,14.2,284.4,511.0,SYN-VESSEL-35,IMO9990035,SYN035,60,15,44,8,2.1,0,A
999000035,2018-04-22T18:02:55,29.06364,-88.81748,15.8,71.6,511.0,SYN-VESSEL-35,IMO9990035,SYN035,60,15,44,8,2.1,0,A
999000035,2018-04-22T18:05:24,29.06831,-88.80762,13.4,63.6,511.0,SYN-VESSEL-35,IMO9990035,SYN035,60,15,44,8,2.1,0,A
999000035,2018-04-22T18:00:25,29.06051,-88.82951,15.5,76.1,511.0,SYN-VESSEL-35,IMO9990035,SYN035,60,15,44,8,2.1,0,A
999000035,2018-04-22T18:01:48,29.06214,-88.82277,16.0,75.6,511.0,SYN-VESSEL-35,IMO9990035,SYN035,60,15,44,8,2.1,0,A
999000035,2018-04-22T18:09:54,29.07346,-88.78788,14.7,70.7,511.0,SYN-VESSEL-35,IMO9990035,SYN035,60,15,44,8,2.1,0,A
999000035,2018-04-22T18:11:06,29.07509,-88.78253,14.6,67.4,511.0,SYN-VESSEL-35,IMO9990035,SYN035,60,15,44,8,2.1,0,A
999000035,2018-04-22T18:04:06,29.06518,-88.81196,15.4,69.8,511.0,SYN-VESSEL-35,IMO9990035,SYN035,60,15,44,8,2.1,0,A
999000035,2018-04-22T18:06:31,29.06960,-88.80281,14.5,74.0,511.0,SYN-VESSEL-35,IMO9990035,SYN035,60,15,44,8,2.1,0,A
999000035,2018-04-22T18:07:36,29.07086,-88.79797,14.3,72.5,511.0,SYN-VESSEL-35,IMO9990035,SYN035,60,15,44,8,2.1,0,A
999000035,2018-04-22T18:08:42,29.07208,-88.79317,15.0,72.1,511.0,SYN-VESSEL-35,IMO9990035,SYN035,60,15,44,8,2.1,0,A
999000035,2018-04-22T18:12:49,29.07678,-88.77498,14.5,73.3,511.0,SYN-VESSEL-35,IMO9990035,SYN035,60,15,44,8,2.1,0,A
999000035,2018-04-22T18:14:00,29.07822,-88.76975,14.5,73.3,511.0,SYN-VESSEL-35,IMO9990035,SYN035,60,15,44,8,2.1,0,A
999000035,2018-04-22T23:51:44,29.06569,-88.80231,16.3,69.0,511.0,SYN-VESSEL-35,IMO9990035,SYN035,60,15,44,8,2.1,0,A
999000035,2018-04-22T23:53:09,29.06794,-88.79534,16.2,71.7,511.0,SYN-VESSEL-35,IMO9990035,SYN035,60,15,44,8,2.1,0,A
999000035,2018-04-22T23:48:09,29.06086,-88.81991,16.6,74.9,511.0,SYN-VESSEL-35,IMO9990035,SYN035,60,15,44,8,2.1,0,A
999000035,2018-04-22T23:46:44,29.05936,-88.82710,16.5,73.9,511.0,SYN-VESSEL-35,IMO9990035,SYN035,60,15,44,8,2.1,0,A
999000035,2018-04-22T23:43:14,29.05524,-88.84467,15.9,74.5,511.0,SYN-VESSEL-35,IMO9990035,SYN035,60,15,44,8,2.1,0,A
999000035,2018-04-22T23:45:26,29.05796,-88.83367,16.3,73.3,511.0,SYN-VESSEL-35,IMO9990035,SYN035,60,15,44,8,2.1,0,A
999000035,2018-04-22T23:36:32,29.04794,-88.87758,15.9,73.0,511.0,SYN-VESSEL-35,IMO9990035,SYN035,60,15,44,8,2.1,0,A
999000035,2018-04-22T23:34:57,29.04613,-88.88534,16.8,68.7,511.0,SYN-VESSEL-35,IMO9990035,SYN035,60,15,44,8,2.1,0,A
999000035,2018-04-22T23:38:38,29.04993,-88.86748,16.3,79.1,511.0,SYN-VESSEL-35,IMO9990035,SYN035,60,15,44,8,2.1,0,A
999000035,2018-04-22T23:40:26,29.05194,-88.85848,15.8,65.3,511.0,SYN-VESSEL-35,IMO9990035,SYN035,60,15,44,8,2.1,0,A
999000035,2018-04-22T23:22:03,29.02948,-88.94209,0.3,59.0,511.0,SYN-VESSEL-35,IMO9990035,SYN035,60,15,44,8,2.1,0,A
999000035,2018-04-22T23:20:51,29.02934,-88.94210,2.2,320.7,511.0,SYN-VESSEL-35,IMO9990035,SYN035,60,15,44,8,2.1,0,A
999000035,2018-04-22T23:19:03,29.03158,-88.94233,15.5,152.5,511.0,SYN-VESSEL-35,IMO9990035,SYN035,60,15,44,8,2.1,0,A
999000035,2018-04-22T23:26:09,29.03191,-88.92790,16.1,80.5,511.0,SYN-VESSEL-35,IMO9990035,SYN035,60,15,44,8,2.1,0,A
999000035,2018-04-22T23:24:38,29.03011,-88.93547,15.5,59.1,511.0,SYN-VESSEL-35,IMO9990035,SYN035,60,15,44,8,2.1,0,A
999000035,2018-04-22T23:28:15,29.03469,-88.91743,15.9,57.6,511.0,SYN-VESSEL-35,IMO9990035,SYN035,60,15,44,8,2.1,0,A
999000035,2018-04-22T23:30:02,29.03832,-88.90917,15.9,64.0,511.0,SYN-VESSEL-35,IMO9990035,SYN035,60,15,44,8,2.1,0,A
999000035,2018-04-22T23:33:03,29.04321,-88.89460,16.3,69.2,511.0,SYN-VESSEL-35,IMO9990035,SYN035,60,15,44,8,2.1,0,A
999000035,2018-04-22T23:54:15,29.06900,-88.78971,16.7,76.2,511.0,SYN-VESSEL-35,IMO9990035,SYN035,60,15,44,8,2.1,0,A
999000035,2018-04-22T23:57:09,29.07291,-88.77523,16.4,74.8,511.0,SYN-VESSEL-35,IMO9990035,SYN035,60,15,44,8,2.1,0,A
999000035,2018-04-22T23:55:50,29.07132,-88.78190,15.6,68.0,511.0,SYN-VESSEL-35,IMO9990035,SYN035,60,15,44,8,2.1,0,A
999000035,2018-04-22T19:23:57,29.10700,-88.85793,0.1,138.9,511.0,SYN-VESSEL-35,IMO9990035,SYN035,60,15,44,8,2.1,0,A
999000035,2018-04-22T19:25:06,29.10696,-88.85795,0.5,143.5,511.0,SYN-VESSEL-35,IMO9990035,SYN035,60,15,44,8,2.1,0,A
999000035,2018-04-22T19:29:27,29.10708,-88.85786,1.4,228.0,511.0,SYN-VESSEL-35,IMO9990035,SYN035,60,15,44,8,2.1,0,A
999000035,2018-04-22T19:27:06,29.10707,-88.85789,0.1,69.7,511.0,SYN-VESSEL-35,IMO9990035,SYN035,60,15,44,8,2.1,0,A
999000035,2018-04-22T19:30:55,29.10703,-88.85796,0.4,134.7,511.0,SYN-VESSEL-35,IMO9990035,SYN035,60,15,44,8,2.1,0,A
999000035,2018-04-22T19:32:27,29.10704,-88.85787,0.4,79.9,511.0,SYN-VESSEL-35,IMO9990035,SYN035,60,15,44,8,2.1,0,A
999000035,2018-04-22T19:35:26,29.10709,-88.85794,0.5,47.7,511.0,SYN-VESSEL-35,IMO9990035,SYN035,60,15,44,8,2.1,0,A
999000035,2018-04-22T19:36:36,29.10702,-88.85797,0.3,215.0,511.0,SYN-VESSEL-35,IMO9990035,SYN035,60,15,44,8,2.1,0,A
999000035,2018-04-22T19:37:46,29.10695,-88.85806,1.3,180.4,511.0,SYN-VESSEL-35,IMO9990035,SYN035,60,15,44,8,2.1,0,A
999000035,2018-04-22T19:49:08,29.10195,-88.82427,16.4,98.3,511.0,SYN-VESSEL-35,IMO9990035,SYN035,60,15,44,8,2.1,0,A
999000035,2018-04-22T19:54:02,29.09921,-88.79951,16.0,92.1,511.0,SYN-VESSEL-35,IMO9990035,SYN035,60,15,44,8,2.1,0,A
999000035,2018-04-22T19:40:36,29.10703,-88.85794,0.4,359.3,511.0,SYN-VESSEL-35,IMO9990035,SYN035,60,15,44,8,2.1,0,A
999000035,2018-04-22T19:39:26,29.10691,-88.85801,0.1,77.3,511.0,SYN-VESSEL-35,IMO9990035,SYN035,60,15,44,8,2.1,0,A
999000035,2018-04-22T19:45:43,29.10394,-88.84144,16.4,98.7,511.0,SYN-VESSEL-35,IMO9990035,SYN035,60,15,44,8,2.1,0,A
999000035,2018-04-22T19:42:47,29.10491,-88.85580,13.3,102.3,511.0,SYN-VESSEL-35,IMO9990035,SYN035,60,15,44,8,2.1,0,A
999000035,2018-04-22T19:55:08,29.09813,-88.79411,16.1,107.5,511.0,SYN-VESSEL-35,IMO9990035,SYN035,60,15,44,8,2.1,0,A
999000035,2018-04-22T19:59:13,29.09524,-88.77400,16.0,108.7,511.0,SYN-VESSEL-35,IMO9990035,SYN035,60,15,44,8,2.1,0,A
999000035,2018-04-22T19:57:38,29.09616,-88.78172,15.9,87.1,511.0,SYN-VESSEL-35,IMO9990035,SYN035,60,15,44,8,2.1,0,A
999000035,2018-04-22T19:01:05,29.09915,-88.78527,14.5,284.6,511.0,SYN-VESSEL-35,IMO9990035,SYN035,60,15,44,8,2.1,0,A
999000035,2018-04-22T19:00:00,29.09857,-88.78043,14.3,269.9,511.0,SYN-VESSEL-35,IMO9990035,SYN035,60,15,44,8,2.1,0,A
999000035,2018-04-22T19:02:17,29.10008,-88.79059,14.0,278.5,511.0,SYN-VESSEL-35,IMO9990035,SYN035,60,15,44,8,2.1,0,A
999000035,2018-04-22T19:04:41,29.10181,-88.80123,14.4,276.3,511.0,SYN-VESSEL-35,IMO9990035,SYN035,60,15,44,8,2.1,0,A
999000035,2018-04-22T19:03:18,29.10066,-88.79509,14.6,285.2,511.0,SYN-VESSEL-35,IMO9990035,SYN035,60,15,44,8,2.1,0,A
999000035,2018-04-22T18:59:17,29.09816,-88.77730,14.3,280.3,511.0,SYN-VESSEL-35,IMO9990035,SYN035,60,15,44,8,2.1,0,A
999000035,2018-04-22T18:57:29,29.09707,-88.76929,15.4,278.5,511.0,SYN-VESSEL-35,IMO9990035,SYN035,60,15,44,8,2.1,0,A
999000035,2018-04-22T18:56:17,29.09659,-88.76386,13.6,273.5,511.0,SYN-VESSEL-35,IMO9990035,SYN035,60,15,44,8,2.1,0,A
999000035,2018-04-22T18:53:29,29.09366,-88.75175,14.3,288.2,511.0,SYN-VESSEL-35,IMO9990035,SYN035,60,15,44,8,2.1,0,A
999000035,2018-04-22T18:54:42,29.09463,-88.75713,13.9,282.9,511.0,SYN-VESSEL-35,IMO9990035,SYN035,60,15,44,8,2.1,0,A
999000035,2018-04-22T18:52:12,29.09253,-88.74617,13.7,289.5,511.0,SYN-VESSEL-35,IMO9990035,SYN035,60,15,44,8,2.1,0,A
999000035,2018-04-22T19:15:54,29.10743,-88.85139,14.0,266.0,511.0,SYN-VESSEL-35,IMO9990035,SYN035,60,15,44,8,2.1,0,A
999000035,2018-04-22T19:18:11,29.10619,-88.85846,2.1,258.3,511.0,SYN-VESSEL-35,IMO9990035,SYN035,60,15,44,8,2.1,0,A
999000035,2018-04-22T19:13:00,29.10608,-88.83846,14.3,277.9,511.0,SYN-VESSEL-35,IMO9990035,SYN035,60,15,44,8,2.1,0,A
999000035,2018-04-22T19:14:30,29.10671,-88.84505,14.4,271.9,511.0,SYN-VESSEL-35,IMO9990035,SYN035,60,15,44,8,2.1,0,A
999000035,2018-04-22T19:10:00,29.10401,-88.82519,13.9,269.2,511.0,SYN-VESSEL-35,IMO9990035,SYN035,60,15,44,8,2.1,0,A
999000035,2018-04-22T19:11:06,29.10467,-88.83006,13.7,275.7,511.0,SYN-VESSEL-35,IMO9990035,SYN035,60,15,44,8,2.1,0,A
999000035,2018-04-22T19:05:54,29.10220,-88.80663,14.0,277.9,511.0,SYN-VESSEL-35,IMO9990035,SYN035,60,15,44,8,2.1,0,A
999000035,2018-04-22T19:08:06,29.10349,-88.81659,14.1,271.3,511.0,SYN-VESSEL-35,IMO9990035,SYN035,60,15,44,8,2.1,0,A
999000035,2018-04-22T19:07:00,29.10283,-88.81164,14.3,276.2,511.0,SYN-VESSEL-35,IMO9990035,SYN035,60,15,44,8,2.1,0,A
999000035,2018-04-22T19:21:57,29.10701,-88.85793,0.9,136.8,511.0,SYN-VESSEL-35,IMO9990035,SYN035,60,15,44,8,2.1,0,A
999000035,2018-04-22T19:20:12,29.10696,-88.85799,2.4,323.2,511.0,SYN-VESSEL-35,IMO9990035,SYN035,60,15,44,8,2.1,0,A
999000035,2018-04-22T21:24:09,29.11741,-88.84508,0.3,64.5,511.0,SYN-VESSEL-35,IMO9990035,SYN035,60,15,44,8,2.1,0,A
999000035,2018-04-22T21:21:39,29.11743,-88.84507,0.5,353.5,511.0,SYN-VESSEL-35,IMO9990035,SYN035,60,15,44,8,2.1,0,A
999000035,2018-04-22T21:19:09,29.11739,-88.84520,0.4,166.3,511.0,SYN-VESSEL-35,IMO9990035,SYN035,60,15,44,8,2.1,0,A
999000035,2018-04-22T21:20:29,29.11738,-88.84508,0.6,91.0,511.0,SYN-VESSEL-35,IMO9990035,SYN035,60,15,44,8,2.1,0,A
999000035,2018-04-22T21:17:59,29.11737,-88.84516,0.2,176.3,511.0,SYN-VESSEL-35,IMO9990035,SYN035,60,15,44,8,2.1,0,A
999000035,2018-04-22T21:32:08,29.11612,-88.85026,0.5,23.8,511.0,SYN-VESSEL-35,IMO9990035,SYN035,60,15,44,8,2.1,0,A
999000035,2018-04-22T21:30:19,29.11582,-88.84922,2.6,255.3,511.0,SYN-VESSEL-35,IMO9990035,SYN035,60,15,44,8,2.1,0,A
999000035,2018-04-22T21:25:18,29.11742,-88.84506,0.2,334.7,511.0,SYN-VESSEL-35,IMO9990035,SYN035,60,15,44,8,2.1,0,A
999000035,2018-04-22T21:26:39,29.11711,-88.84604,4.0,246.4,511.0,SYN-VESSEL-35,IMO9990035,SYN035,60,15,44,8,2.1,0,A
999000035,2018-04-22T21:06:47,29.11243,-88.81815,13.6,280.1,511.0,SYN-VESSEL-35,IMO9990035,SYN035,60,15,44,8,2.1,0,A
999000035,2018-04-22T21:05:41,29.11175,-88.81331,13.8,275.6,511.0,SYN-VESSEL-35,IMO9990035,SYN035,60,15,44,8,2.1,0,A
999000035,2018-04-22T21:09:35,29.11487,-88.83025,13.7,275.9,511.0,SYN-VESSEL-35,IMO9990035,SYN035,60,15,44,8,2.1,0,A
999000035,2018-04-22T21:07:48,29.11356,-88.82249,14.2,277.9,511.0,SYN-VESSEL-35,IMO9990035,SYN035,60,15,44,8,2.1,0,A
999000035,2018-04-22T21:11:53,29.11612,-88.84040,14.2,278.7,511.0,SYN-VESSEL-35,IMO9990035,SYN035,60,15,44,8,2.1,0,A
999000035,2018-04-22T21:12:59,29.11694,-88.84501,8.2,281.5,511.0,SYN-VESSEL-35,IMO9990035,SYN035,60,15,44,8,2.1,0,A
999000035,2018-04-22T21:14:29,29.11632,-88.84540,5.1,30.3,511.0,SYN-VESSEL-35,IMO9990035,SYN035,60,15,44,8,2.1,0,A
999000035,2018-04-22T21:10:48,29.11556,-88.83565,15.0,283.4,511.0,SYN-VESSEL-35,IMO9990035,SYN035,60,15,44,8,2.1,0,A
999000035,2018-04-22T21:15:47,29.11688,-88.84501,0.9,297.2,511.0,SYN-VESSEL-35,IMO9990035,SYN035,60,15,44,8,2.1,0,A
999000035,2018-04-22T21:16:53,29.11730,-88.84534,1.6,47.0,511.0,SYN-VESSEL-35,IMO9990035,SYN035,60,15,44,8,2.1,0,A
999000035,2018-04-22T21:35:58,29.11671,-88.84940,4.4,282.3,511.0,SYN-VESSEL-35,IMO9990035,SYN035,60,15,44,8,2.1,0,A
999000035,2018-04-22T21:37:58,29.11708,-88.84937,0.8,58.5,511.0,SYN-VESSEL-35,IMO9990035,SYN035,60,15,44,8,2.1,0,A
999000023,2018-04-22T23:58:08,29.08188,-89.28705,0.2,286.9,511.0,SYN-VESSEL-23,IMO9990023,SYN023,31,0,25,9,,90,A
999000023,2018-04-22T23:59:17,29.08185,-89.28697,0.1,346.0,511.0,SYN-VESSEL-23,IMO9990023,SYN023,31,0,25,9,,90,A
999000023,2018-04-22T18:19:28,29.08207,-89.28683,0.0,189.4,511.0,SYN-VESSEL-23,IMO9990023,SYN023,31,0,25,9,,90,A
999000023,2018-04-22T18:17:58,29.08213,-89.28682,0.1,203.8,511.0,SYN-VESSEL-23,IMO9990023,SYN023,31,0,25,9,,90,A
999000023,2018-04-22T18:15:58,29.08210,-89.28681,0.1,187.0,511.0,SYN-VESSEL-23,IMO9990023,SYN023,31,0,25,9,,90,A
999000023,2018-04-22T18:24:08,29.08204,-89.28685,0.2,237.5,511.0,SYN-VESSEL-23,IMO9990023,SYN023,31,0,25,9,,90,A
999000023,2018-04-22T18:25:18,29.08204,-89.28683,0.1,181.1,511.0,SYN-VESSEL-23,IMO9990023,SYN023,31,0,25,9,,90,A
999000023,2018-04-22T18:27:08,29.08205,-89.28684,0.0,215.1,511.0,SYN-VESSEL-23,IMO9990023,SYN023,31,0,25,9,,90,A
999000023,2018-04-22T18:28:18,29.08204,-89.28685,0.1,211.3,511.0,SYN-VESSEL-23,IMO9990023,SYN023,31,0,25,9,,90,A
999000023,2018-04-22T18:20:57,29.08207,-89.28680,0.1,202.7,511.0,SYN-VESSEL-23,IMO9990023,SYN023,31,0,25,9,,90,A
999000023,2018-04-22T18:23:07,29.08203,-89.28688,0.0,221.3,511.0,SYN-VESSEL-23,IMO9990023,SYN023,31,0,25,9,,90,A
999000023,2018-04-22T18:33:58,29.08204,-89.28686,0.1,201.9,511.0,SYN-VESSEL-23,IMO9990023,SYN023,31,0,25,9,,90,A
999000023,2018-04-22T18:31:58,29.08202,-89.28687,0.1,216.4,511.0,SYN-VESSEL-23,IMO9990023,SYN023,31,0,25,9,,90,A
999000023,2018-04-22T18:29:47,29.08204,-89.28687,0.1,200.9,511.0,SYN-VESSEL-23,IMO9990023,SYN023,31,0,25,9,,90,A
999000023,2018-04-22T18:41:38,29.08201,-89.28687,0.1,214.2,511.0,SYN-VESSEL-23,IMO9990023,SYN023,31,0,25,9,,90,A
999000023,2018-04-22T18:37:58,29.08203,-89.28685,0.0,210.8,511.0,SYN-VESSEL-23,IMO9990023,SYN023,31,0,25,9,,90,A
999000023,2018-04-22T18:48:58,29.08201,-89.28685,0.0,211.0,511.0,SYN-VESSEL-23,IMO9990023,SYN023,31,0,25,9,,90,A
999000023,2018-04-22T18:45:08,29.08203,-89.28685,0.0,203.1,511.0,SYN-VESSEL-23,IMO9990023,SYN023,31,0,25,9,,90,A
999000023,2018-04-22T18:47:37,29.08205,-89.28683,0.1,195.6,511.0,SYN-VESSEL-23,IMO9990023,SYN023,31,0,25,9,,90,A
999000023,2018-04-22T18:46:28,29.08204,-89.28684,0.2,202.9,511.0,SYN-VESSEL-23,IMO9990023,SYN023,31,0,25,9,,90,A
999000023,2018-04-22T21:54:08,29.08185,-89.28695,0.0,229.4,511.0,SYN-VESSEL-23,IMO9990023,SYN023,31,0,25,9,,90,A
999000023,2018-04-22T21:58:37,29.08185,-89.28696,0.0,241.9,511.0,SYN-VESSEL-23,IMO9990023,SYN023,31,0,25,9,,90,A
999000023,2018-04-22T21:57:27,29.08183,-89.28698,0.0,241.3,511.0,SYN-VESSEL-23,IMO9990023,SYN023,31,0,25,9,,90,A
999000023,2018-04-22T22:02:27,29.08190,-89.28693,0.1,353.3,511.0,SYN-VESSEL-23,IMO9990023,SYN023,31,0,25,9,,90,A
999000023,2018-04-22T21:59:48,29.08183,-89.28695,0.0,245.3,511.0,SYN-VESSEL-23,IMO9990023,SYN023,31,0,25,9,,90,A
999000023,2018-04-22T22:00:07,29.08182,-89.28696,0.0,245.6,511.0,SYN-VESSEL-23,IMO9990023,SYN023,31,0,25,9,,90,A
999000023,2018-04-22T21:48:38,29.08185,-89.28697,0.0,234.1,511.0,SYN-VESSEL-23,IMO9990023,SYN023,31,0,25,9,,90,A
999000023,2018-04-22T21:50:38,29.08192,-89.28696,0.0,281.0,511.0,SYN-VESSEL-23,IMO9990023,SYN023,31,0,25,9,,90,A
999000023,2018-04-22T21:38:18,29.08197,-89.28695,0.1,324.4,511.0,SYN-VESSEL-23,IMO9990023,SYN023,31,0,25,9,,90,A
999000023,2018-04-22T21:39:28,29.08194,-89.28695,0.1,215.4,511.0,SYN-VESSEL-23,IMO9990023,SYN023,31,0,25,9,,90,A
999000023,2018-04-22T21:40:37,29.08193,-89.28694,0.0,203.1,511.0,SYN-VESSEL-23,IMO9990023,SYN023,31,0,25,9,,90,A
999000023,2018-04-22T21:44:37,29.08186,-89.28694,0.1,166.5,511.0,SYN-VESSEL-23,IMO9990023,SYN023,31,0,25,9,,90,A
999000023,2018-04-22T21:42:18,29.08191,-89.28691,0.3,182.8,511.0,SYN-VESSEL-23,IMO9990023,SYN023,31,0,25,9,,90,A
999000023,2018-04-22T22:09:08,29.08193,-89.28694,0.0,228.2,511.0,SYN-VESSEL-23,IMO9990023,SYN023,31,0,25,9,,90,A
999000023,2018-04-22T22:05:08,29.08193,-89.28695,0.1,358.7,511.0,SYN-VESSEL-23,IMO9990023,SYN023,31,0,25,9,,90,A
999000023,2018-04-22T22:01:18,29.08186,-89.28696,0.0,304.4,511.0,SYN-VESSEL-23,IMO9990023,SYN023,31,0,25,9,,90,A
999000023,2018-04-22T22:03:38,29.08192,-89.28695,0.1,1.9,511.0,SYN-VESSEL-23,IMO9990023,SYN023,31,0,25,9,,90,A
999000023,2018-04-22T22:06:18,29.08195,-89.28695,0.0,340.7,511.0,SYN-VESSEL-23,IMO9990023,SYN023,31,0,25,9,,90,A
999000023,2018-04-22T22:07:58,29.08195,-89.28695,0.2,293.7,511.0,SYN-VESSEL-23,IMO9990023,SYN023,31,0,25,9,,90,A
999000023,2018-04-22T23:16:48,29.08192,-89.28702,0.2,252.9,511.0,SYN-VESSEL-23,IMO9990023,SYN023,31,0,25,9,,90,A
999000023,2018-04-22T23:12:18,29.08186,-89.28694,0.1,341.5,511.0,SYN-VESSEL-23,IMO9990023,SYN023,31,0,25,9,,90,A
999000023,2018-04-22T23:10:38,29.08183,-89.28694,0.1,219.6,511.0,SYN-VESSEL-23,IMO9990023,SYN023,31,0,25,9,,90,A
999000023,2018-04-22T23:15:38,29.08193,-89.28696,0.1,330.7,511.0,SYN-VESSEL-23,IMO9990023,SYN023,31,0,25,9,,90,A
999000023,2018-04-22T23:13:27,29.08189,-89.28695,0.1,350.7,511.0,SYN-VESSEL-23,IMO9990023,SYN023,31,0,25,9,,90,A
999000023,2018-04-22T23:04:58,29.08183,-89.28691,0.1,209.1,511.0,SYN-VESSEL-23,IMO9990023,SYN023,31,0,25,9,,90,A
999000023,2018-04-22T23:09:18,29.08185,-89.28691,0.1,229.8,511.0,SYN-VESSEL-23,IMO9990023,SYN023,31,0,25,9,,90,A
999000023,2018-04-22T23:06:38,29.08184,-89.28690,0.1,206.2,511.0,SYN-VESSEL-23,IMO9990023,SYN023,31,0,25,9,,90,A
999000023,2018-04-22T23:07:46,29.08183,-89.28691,0.0,217.3,511.0,SYN-VESSEL-23,IMO9990023,SYN023,31,0,25,9,,90,A
999000023,2018-04-22T23:02:38,29.08183,-89.28692,0.0,221.7,511.0,SYN-VESSEL-23,IMO9990023,SYN023,31,0,25,9,,90,A
999000023,2018-04-22T23:01:27,29.08182,-89.28693,0.1,232.1,511.0,SYN-VESSEL-23,IMO9990023,SYN023,31,0,25,9,,90,A
999000023,2018-04-22T23:03:48,29.08184,-89.28689,0.1,217.8,511.0,SYN-VESSEL-23,IMO9990023,SYN023,31,0,25,9,,90,A
999000023,2018-04-22T22:59:27,29.08184,-89.28690,0.1,243.7,511.0,SYN-VESSEL-23,IMO9990023,SYN023,31,0,25,9,,90,A
999000023,2018-04-22T23:00:18,29.08182,-89.28694,0.0,236.2,511.0,SYN-VESSEL-23,IMO9990023,SYN023,31,0,25,9,,90,A
999000023,2018-04-22T22:58:18,29.08182,-89.28688,0.0,243.2,511.0,SYN-VESSEL-23,IMO9990023,SYN023,31,0,25,9,,90,A
999000023,2018-04-22T22:57:17,29.08182,-89.28689,0.0,248.0,511.0,SYN-VESSEL-23,IMO9990023,SYN023,31,0,25,9,,90,A
999000023,2018-04-22T22:54:27,29.08182,-89.28692,0.0,265.8,511.0,SYN-VESSEL-23,IMO9990023,SYN023,31,0,25,9,,90,A
999000023,2018-04-22T22:53:17,29.08183,-89.28693,0.0,270.2,511.0,SYN-VESSEL-23,IMO9990023,SYN023,31,0,25,9,,90,A
999000023,2018-04-22T22:51:27,29.08184,-89.28690,0.0,262.2,511.0,SYN-VESSEL-23,IMO9990023,SYN023,31,0,25,9,,90,A
999000023,2018-04-22T22:46:18,29.08187,-89.28693,0.0,279.9,511.0,SYN-VESSEL-23,IMO9990023,SYN023,31,0,25,9,,90,A
999000023,2018-04-22T22:48:18,29.08184,-89.28692,0.0,277.1,511.0,SYN-VESSEL-23,IMO9990023,SYN023,31,0,25,9,,90,A
999000023,2018-04-22T18:08:27,29.08211,-89.28683,0.2,187.1,511.0,SYN-VESSEL-23,IMO9990023,SYN023,31,0,25,9,,90,A
999000023,2018-04-22T18:07:18,29.08208,-89.28682,0.1,180.4,511.0,SYN-VESSEL-23,IMO9990023,SYN023,31,0,25,9,,90,A
999000023,2018-04-22T18:09:58,29.08213,-89.28679,0.2,138.4,511.0,SYN-VESSEL-23,IMO9990023,SYN023,31,0,25,9,,90,A
999000023,2018-04-22T18:11:07,29.08213,-89.28681,0.1,150.3,511.0,SYN-VESSEL-23,IMO9990023,SYN023,31,0,25,9,,90,A
999000023,2018-04-22T18:14:28,29.08210,-89.28682,0.1,176.8,511.0,SYN-VESSEL-23,IMO9990023,SYN023,31,0,25,9,,90,A
999000023,2018-04-22T18:13:17,29.08213,-89.28683,0.1,148.4,511.0,SYN-VESSEL-23,IMO9990023,SYN023,31,0,25,9,,90,A
999000023,2018-04-22T18:12:08,29.08216,-89.28683,0.0,77.0,511.0,SYN-VESSEL-23,IMO9990023,SYN023,31,0,25,9,,90,A
999000023,2018-04-22T18:02:27,29.08207,-89.28682,0.1,190.1,511.0,SYN-VESSEL-23,IMO9990023,SYN023,31,0,25,9,,90,A
999000023,2018-04-22T18:03:47,29.08208,-89.28682,0.1,204.6,511.0,SYN-VESSEL-23,IMO9990023,SYN023,31,0,25,9,,90,A
999000023,2018-04-22T18:04:57,29.08205,-89.28682,0.1,219.0,511.0,SYN-VESSEL-23,IMO9990023,SYN023,31,0,25,9,,90,A
999000023,2018-04-22T18:06:07,29.08205,-89.28683,0.2,204.3,511.0,SYN-VESSEL-23,IMO9990023,SYN023,31,0,25,9,,90,A
999000023,2018-04-22T18:00:08,29.08213,-89.28681,0.1,187.5,511.0,SYN-VESSEL-23,IMO9990023,SYN023,31,0,25,9,,90,A
999000023,2018-04-22T18:01:18,29.08210,-89.28681,0.1,179.4,511.0,SYN-VESSEL-23,IMO9990023,SYN023,31,0,25,9,,90,A
999000023,2018-04-22T18:59:27,29.08209,-89.28684,0.1,173.3,511.0,SYN-VESSEL-23,IMO9990023,SYN023,31,0,25,9,,90,A
999000023,2018-04-22T19:00:08,29.08206,-89.28688,0.1,175.2,511.0,SYN-VESSEL-23,IMO9990023,SYN023,31,0,25,9,,90,A
999000023,2018-04-22T19:01:18,29.08205,-89.28684,0.1,180.8,511.0,SYN-VESSEL-23,IMO9990023,SYN023,31,0,25,9,,90,A
999000023,2018-04-22T18:58:18,29.08209,-89.28686,0.1,179.2,511.0,SYN-VESSEL-23,IMO9990023,SYN023,31,0,25,9,,90,A
999000023,2018-04-22T18:56:07,29.08211,-89.28687,0.1,325.8,511.0,SYN-VESSEL-23,IMO9990023,SYN023,31,0,25,9,,90,A
999000023,2018-04-22T18:54:08,29.08210,-89.28684,0.1,337.6,511.0,SYN-VESSEL-23,IMO9990023,SYN023,31,0,25,9,,90,A
999000023,2018-04-22T18:52:58,29.08208,-89.28684,0.1,325.3,511.0,SYN-VESSEL-23,IMO9990023,SYN023,31,0,25,9,,90,A
999000023,2018-04-22T19:06:17,29.08200,-89.28686,0.0,204.1,511.0,SYN-VESSEL-23,IMO9990023,SYN023,31,0,25,9,,90,A
999000023,2018-04-22T19:04:48,29.08202,-89.28687,0.1,212.7,511.0,SYN-VESSEL-23,IMO9990023,SYN023,31,0,25,9,,90,A
999000023,2018-04-22T19:03:38,29.08201,-89.28687,0.1,201.8,511.0,SYN-VESSEL-23,IMO9990023,SYN023,31,0,25,9,,90,A
999000023,2018-04-22T19:02:28,29.08204,-89.28683,0.1,190.2,511.0,SYN-VESSEL-23,IMO9990023,SYN023,31,0,25,9,,90,A
999000023,2018-04-22T19:11:27,29.08201,-89.28686,0.1,103.2,511.0,SYN-VESSEL-23,IMO9990023,SYN023,31,0,25,9,,90,A
999000023,2018-04-22T19:08:48,29.08201,-89.28689,0.0,198.9,511.0,SYN-VESSEL-23,IMO9990023,SYN023,31,0,25,9,,90,A
999000023,2018-04-22T19:07:28,29.08202,-89.28689,0.1,206.0,511.0,SYN-VESSEL-23,IMO9990023,SYN023,31,0,25,9,,90,A
999000023,2018-04-22T19:09:58,29.08198,-89.28688,0.2,182.4,511.0,SYN-VESSEL-23,IMO9990023,SYN023,31,0,25,9,,90,A
999000023,2018-04-22T19:14:27,29.08208,-89.28683,0.1,350.8,511.0,SYN-VESSEL-23,IMO9990023,SYN023,31,0,25,9,,90,A
999000023,2018-04-22T19:12:58,29.08208,-89.28684,0.1,12.9,511.0,SYN-VESSEL-23,IMO9990023,SYN023,31,0,25,9,,90,A
999000023,2018-04-22T19:16:48,29.08210,-89.28684,0.0,317.1,511.0,SYN-VESSEL-23,IMO9990023,SYN023,31,0,25,9,,90,A
999000023,2018-04-22T19:18:08,29.08211,-89.28684,0.0,294.0,511.0,SYN-VESSEL-23,IMO9990023,SYN023,31,0,25,9,,90,A
999000023,2018-04-22T19:19:38,29.08212,-89.28684,0.0,281.6,511.0,SYN-VESSEL-23,IMO9990023,SYN023,31,0,25,9,,90,A
999000023,2018-04-22T19:20:48,29.08212,-89.28685,0.3,236.5,511.0,SYN-VESSEL-23,IMO9990023,SYN023,31,0,25,9,,90,A
999000023,2018-04-22T19:54:18,29.08204,-89.28688,0.1,224.4,511.0,SYN-VESSEL-23,IMO9990023,SYN023,31,0,25,9,,90,A
999000023,2018-04-22T19:52:18,29.08208,-89.28687,0.1,340.8,511.0,SYN-VESSEL-23,IMO9990023,SYN023,31,0,25,9,,90,A
999000023,2018-04-22T19:50:07,29.08200,-89.28690,0.1,10.6,511.0,SYN-VESSEL-23,IMO9990023,SYN023,31,0,25,9,,90,A
999000023,2018-04-22T19:58:37,29.08196,-89.28691,0.0,189.7,511.0,SYN-VESSEL-23,IMO9990023,SYN023,31,0,25,9,,90,A
999000023,2018-04-22T19:56:47,29.08199,-89.28695,0.1,189.6,511.0,SYN-VESSEL-23,IMO9990023,SYN023,31,0,25,9,,90,A
999000023,2018-04-22T19:44:27,29.08198,-89.28686,0.1,193.1,511.0,SYN-VESSEL-23,IMO9990023,SYN023,31,0,25,9,,90,A
999000023,2018-04-22T19:48:07,29.08199,-89.28688,0.1,58.9,511.0,SYN-VESSEL-23,IMO9990023,SYN023,31,0,25,9,,90,A
999000023,2018-04-22T19:35:37,29.08201,-89.28692,0.1,10.5,511.0,SYN-VESSEL-23,IMO9990023,SYN023,31,0,25,9,,90,A
999000023,2018-04-22T19:39:07,29.08210,-89.28689,0.2,307.7,511.0,SYN-VESSEL-23,IMO9990023,SYN023,31,0,25,9,,90,A
999000023,2018-04-22T19:41:47,29.08204,-89.28682,0.1,170.4,511.0,SYN-VESSEL-23,IMO9990023,SYN023,31,0,25,9,,90,A
999000023,2018-04-22T19:22:38,29.08209,-89.28685,0.1,181.5,511.0,SYN-VESSEL-23,IMO9990023,SYN023,31,0,25,9,,90,A
999000023,2018-04-22T19:23:58,29.08206,-89.28683,0.1,185.5,511.0,SYN-VESSEL-23,IMO9990023,SYN023,31,0,25,9,,90,A
999000023,2018-04-22T19:26:57,29.08202,-89.28688,0.1,204.6,511.0,SYN-VESSEL-23,IMO9990023,SYN023,31,0,25,9,,90,A
999000023,2018-04-22T19:28:57,29.08202,-89.28689,0.1,211.9,511.0,SYN-VESSEL-23,IMO9990023,SYN023,31,0,25,9,,90,A
999000023,2018-04-22T19:30:08,29.08200,-89.28688,0.1,212.2,511.0,SYN-VESSEL-23,IMO9990023,SYN023,31,0,25,9,,90,A
999000023,2018-04-22T19:31:37,29.08201,-89.28688,0.1,125.8,511.0,SYN-VESSEL-23,IMO9990023,SYN023,31,0,25,9,,90,A
999000023,2018-04-22T19:33:37,29.08204,-89.28688,0.1,50.4,511.0,SYN-VESSEL-23,IMO9990023,SYN023,31,0,25,9,,90,A
999000023,2018-04-22T20:21:58,29.08196,-89.28689,0.1,180.2,511.0,SYN-VESSEL-23,IMO9990023,SYN023,31,0,25,9,,90,A
999000023,2018-04-22T20:23:17,29.08195,-89.28689,0.0,171.7,511.0,SYN-VESSEL-23,IMO9990023,SYN023,31,0,25,9,,90,A
999000023,2018-04-22T20:20:17,29.08201,-89.28693,0.1,187.7,511.0,SYN-VESSEL-23,IMO9990023,SYN023,31,0,25,9,,90,A
999000023,2018-04-22T20:24:58,29.08193,-89.28688,0.1,189.4,511.0,SYN-VESSEL-23,IMO9990023,SYN023,31,0,25,9,,90,A
999000023,2018-04-22T20:26:08,29.08192,-89.28687,0.1,200.6,511.0,SYN-VESSEL-23,IMO9990023,SYN023,31,0,25,9,,90,A
999000023,2018-04-22T20:13:48,29.08197,-89.28689,0.0,238.5,511.0,SYN-VESSEL-23,IMO9990023,SYN023,31,0,25,9,,90,A
999000023,2018-04-22T20:15:07,29.08200,-89.28691,0.1,297.3,511.0,SYN-VESSEL-23,IMO9990023,SYN023,31,0,25,9,,90,A
999000023,2018-04-22T20:17:38,29.08203,-89.28693,0.1,312.7,511.0,SYN-VESSEL-23,IMO9990023,SYN023,31,0,25,9,,90,A
999000023,2018-04-22T20:18:47,29.08204,-89.28692,0.1,251.1,511.0,SYN-VESSEL-23,IMO9990023,SYN023,31,0,25,9,,90,A
999000023,2018-04-22T20:08:28,29.08198,-89.28689,0.0,349.0,511.0,SYN-VESSEL-23,IMO9990023,SYN023,31,0,25,9,,90,A
999000023,2018-04-22T20:10:07,29.08200,-89.28690,0.0,304.4,511.0,SYN-VESSEL-23,IMO9990023,SYN023,31,0,25,9,,90,A
999000023,2018-04-22T20:11:28,29.08199,-89.28687,0.0,238.9,511.0,SYN-VESSEL-23,IMO9990023,SYN023,31,0,25,9,,90,A
999000023,2018-04-22T20:12:38,29.08196,-89.28690,0.0,244.5,511.0,SYN-VESSEL-23,IMO9990023,SYN023,31,0,25,9,,90,A
999000023,2018-04-22T20:00:07,29.08196,-89.28687,0.0,195.1,511.0,SYN-VESSEL-23,IMO9990023,SYN023,31,0,25,9,,90,A
999000023,2018-04-22T19:59:48,29.08198,-89.28687,0.0,194.8,511.0,SYN-VESSEL-23,IMO9990023,SYN023,31,0,25,9,,90,A
999000023,2018-04-22T20:01:17,29.08196,-89.28691,0.1,210.8,511.0,SYN-VESSEL-23,IMO9990023,SYN023,31,0,25,9,,90,A
999000023,2018-04-22T20:05:58,29.08197,-89.28690,0.1,347.3,511.0,SYN-VESSEL-23,IMO9990023,SYN023,31,0,25,9,,90,A
999000023,2018-04-22T20:07:07,29.08199,-89.28687,0.0,352.9,511.0,SYN-VESSEL-23,IMO9990023,SYN023,31,0,25,9,,90,A
999000023,2018-04-22T20:02:27,29.08198,-89.28687,0.0,206.9,511.0,SYN-VESSEL-23,IMO9990023,SYN023,31,0,25,9,,90,A
999000023,2018-04-22T20:03:37,29.08193,-89.28690,0.2,216.6,511.0,SYN-VESSEL-23,IMO9990023,SYN023,31,0,25,9,,90,A
999000023,2018-04-22T20:04:48,29.08199,-89.28688,0.1,302.2,511.0,SYN-VESSEL-23,IMO9990023,SYN023,31,0,25,9,,90,A
999000023,2018-04-22T23:51:18,29.08186,-89.28692,0.0,199.4,511.0,SYN-VESSEL-23,IMO9990023,SYN023,31,0,25,9,,90,A
999000023,2018-04-22T23:53:18,29.08192,-89.28694,0.1,231.6,511.0,SYN-VESSEL-23,IMO9990023,SYN023,31,0,25,9,,90,A
999000023,2018-04-22T23:47:18,29.08188,-89.28694,0.2,345.7,511.0,SYN-VESSEL-23,IMO9990023,SYN023,31,0,25,9,,90,A
999000023,2018-04-22T23:56:08,29.08189,-89.28699,0.2,193.5,511.0,SYN-VESSEL-23,IMO9990023,SYN023,31,0,25,9,,90,A
999000023,2018-04-22T23:28:08,29.08180,-89.28701,0.0,222.4,511.0,SYN-VESSEL-23,IMO9990023,SYN023,31,0,25,9,,90,A
999000023,2018-04-22T23:24:58,29.08184,-89.28696,0.0,196.6,511.0,SYN-VESSEL-23,IMO9990023,SYN023,31,0,25,9,,90,A
999000023,2018-04-22T23:26:58,29.08182,-89.28697,0.2,221.7,511.0,SYN-VESSEL-23,IMO9990023,SYN023,31,0,25,9,,90,A
999000023,2018-04-22T23:30:07,29.08186,-89.28696,0.0,238.9,511.0,SYN-VESSEL-23,IMO9990023,SYN023,31,0,25,9,,90,A
999000023,2018-04-22T23:19:18,29.08188,-89.28696,0.1,182.5,511.0,SYN-VESSEL-23,IMO9990023,SYN023,31,0,25,9,,90,A
999000023,2018-04-22T23:21:58,29.08185,-89.28696,0.1,197.6,511.0,SYN-VESSEL-23,IMO9990023,SYN023,31,0,25,9,,90,A
999000023,2018-04-22T23:41:18,29.08186,-89.28696,0.1,313.7,511.0,SYN-VESSEL-23,IMO9990023,SYN023,31,0,25,9,,90,A
999000023,2018-04-22T23:44:18,29.08183,-89.28696,0.1,0.5,511.0,SYN-VESSEL-23,IMO9990023,SYN023,31,0,25,9,,90,A
999000023,2018-04-22T23:45:27,29.08184,-89.28697,0.1,6.0,511.0,SYN-VESSEL-23,IMO9990023,SYN023,31,0,25,9,,90,A
999000023,2018-04-22T23:37:08,29.08183,-89.28698,0.1,300.2,511.0,SYN-VESSEL-23,IMO9990023,SYN023,31,0,25,9,,90,A
999000023,2018-04-22T23:34:17,29.08178,-89.28704,0.0,282.7,511.0,SYN-VESSEL-23,IMO9990023,SYN023,31,0,25,9,,90,A
999000023,2018-04-22T23:33:07,29.08183,-89.28697,0.0,273.4,511.0,SYN-VESSEL-23,IMO9990023,SYN023,31,0,25,9,,90,A
999000023,2018-04-22T22:42:08,29.08185,-89.28689,0.0,228.5,511.0,SYN-VESSEL-23,IMO9990023,SYN023,31,0,25,9,,90,A
999000023,2018-04-22T22:39:17,29.08183,-89.28692,0.0,190.1,511.0,SYN-VESSEL-23,IMO9990023,SYN023,31,0,25,9,,90,A
999000023,2018-04-22T22:40:57,29.08186,-89.28691,0.0,215.5,511.0,SYN-VESSEL-23,IMO9990023,SYN023,31,0,25,9,,90,A
999000023,2018-04-22T22:16:17,29.08185,-89.28696,0.0,158.7,511.0,SYN-VESSEL-23,IMO9990023,SYN023,31,0,25,9,,90,A
999000023,2018-04-22T22:13:58,29.08187,-89.28695,0.1,200.9,511.0,SYN-VESSEL-23,IMO9990023,SYN023,31,0,25,9,,90,A
999000023,2018-04-22T22:15:08,29.08185,-89.28698,0.2,213.4,511.0,SYN-VESSEL-23,IMO9990023,SYN023,31,0,25,9,,90,A
999000023,2018-04-22T22:12:48,29.08190,-89.28696,0.1,191.4,511.0,SYN-VESSEL-23,IMO9990023,SYN023,31,0,25,9,,90,A
999000023,2018-04-22T22:10:58,29.08190,-89.28694,0.1,191.6,511.0,SYN-VESSEL-23,IMO9990023,SYN023,31,0,25,9,,90,A
999000023,2018-04-22T22:19:48,29.08187,-89.28696,0.0,131.1,511.0,SYN-VESSEL-23,IMO9990023,SYN023,31,0,25,9,,90,A
999000023,2018-04-22T22:18:37,29.08185,-89.28696,0.0,133.1,511.0,SYN-VESSEL-23,IMO9990023,SYN023,31,0,25,9,,90,A
999000023,2018-04-22T22:23:08,29.08186,-89.28692,0.0,159.9,511.0,SYN-VESSEL-23,IMO9990023,SYN023,31,0,25,9,,90,A
999000023,2018-04-22T22:20:49,29.08189,-89.28695,0.0,138.8,511.0,SYN-VESSEL-23,IMO9990023,SYN023,31,0,25,9,,90,A
999000023,2018-04-22T22:17:28,29.08188,-89.28695,0.1,110.3,511.0,SYN-VESSEL-23,IMO9990023,SYN023,31,0,25,9,,90,A
999000023,2018-04-22T22:26:57,29.08190,-89.28692,0.1,47.9,511.0,SYN-VESSEL-23,IMO9990023,SYN023,31,0,25,9,,90,A
999000023,2018-04-22T22:28:08,29.08194,-89.28695,0.0,18.0,511.0,SYN-VESSEL-23,IMO9990023,SYN023,31,0,25,9,,90,A
999000023,2018-04-22T22:24:57,29.08191,-89.28697,0.0,184.4,511.0,SYN-VESSEL-23,IMO9990023,SYN023,31,0,25,9,,90,A
999000023,2018-04-22T22:31:07,29.08196,-89.28692,0.0,246.0,511.0,SYN-VESSEL-23,IMO9990023,SYN023,31,0,25,9,,90,A
999000023,2018-04-22T22:34:17,29.08189,-89.28696,0.1,216.1,511.0,SYN-VESSEL-23,IMO9990023,SYN023,31,0,25,9,,90,A
999000023,2018-04-22T22:33:07,29.08191,-89.28693,0.0,200.7,511.0,SYN-VESSEL-23,IMO9990023,SYN023,31,0,25,9,,90,A
999000023,2018-04-22T22:36:17,29.08189,-89.28693,0.1,227.2,511.0,SYN-VESSEL-23,IMO9990023,SYN023,31,0,25,9,,90,A
999000023,2018-04-22T20:34:27,29.08194,-89.28689,0.1,261.7,511.0,SYN-VESSEL-23,IMO9990023,SYN023,31,0,25,9,,90,A
999000023,2018-04-22T20:27:18,29.08192,-89.28689,0.1,206.6,511.0,SYN-VESSEL-23,IMO9990023,SYN023,31,0,25,9,,90,A
999000023,2018-04-22T20:29:37,29.08192,-89.28690,0.0,237.8,511.0,SYN-VESSEL-23,IMO9990023,SYN023,31,0,25,9,,90,A
999000023,2018-04-22T20:28:28,29.08190,-89.28689,0.1,216.3,511.0,SYN-VESSEL-23,IMO9990023,SYN023,31,0,25,9,,90,A
999000023,2018-04-22T20:32:57,29.08195,-89.28689,0.1,250.5,511.0,SYN-VESSEL-23,IMO9990023,SYN023,31,0,25,9,,90,A
999000023,2018-04-22T20:39:08,29.08194,-89.28691,0.1,295.2,511.0,SYN-VESSEL-23,IMO9990023,SYN023,31,0,25,9,,90,A
999000023,2018-04-22T20:36:57,29.08192,-89.28690,0.1,270.8,511.0,SYN-VESSEL-23,IMO9990023,SYN023,31,0,25,9,,90,A
999000023,2018-04-22T20:41:38,29.08191,-89.28691,0.1,277.8,511.0,SYN-VESSEL-23,IMO9990023,SYN023,31,0,25,9,,90,A
999000023,2018-04-22T20:40:27,29.08193,-89.28692,0.1,281.2,511.0,SYN-VESSEL-23,IMO9990023,SYN023,31,0,25,9,,90,A
999000023,2018-04-22T20:43:07,29.08189,-89.28687,0.0,287.2,511.0,SYN-VESSEL-23,IMO9990023,SYN023,31,0,25,9,,90,A
999000023,2018-04-22T20:50:18,29.08189,-89.28690,0.1,275.4,511.0,SYN-VESSEL-23,IMO9990023,SYN023,31,0,25,9,,90,A
999000023,2018-04-22T20:48:18,29.08190,-89.28690,0.1,287.1,511.0,SYN-VESSEL-23,IMO9990023,SYN023,31,0,25,9,,90,A
999000023,2018-04-22T20:46:38,29.08190,-89.28690,0.0,302.8,511.0,SYN-VESSEL-23,IMO9990023,SYN023,31,0,25,9,,90,A
999000023,2018-04-22T20:45:07,29.08188,-89.28692,0.1,290.7,511.0,SYN-VESSEL-23,IMO9990023,SYN023,31,0,25,9,,90,A
999000023,2018-04-22T20:51:57,29.08190,-89.28690,0.0,270.7,511.0,SYN-VESSEL-23,IMO9990023,SYN023,31,0,25,9,,90,A
999000023,2018-04-22T20:58:07,29.08194,-89.28687,0.0,346.6,511.0,SYN-VESSEL-23,IMO9990023,SYN023,31,0,25,9,,90,A
999000023,2018-04-22T20:53:57,29.08189,-89.28692,0.0,269.4,511.0,SYN-VESSEL-23,IMO9990023,SYN023,31,0,25,9,,90,A
999000023,2018-04-22T20:55:07,29.08189,-89.28692,0.0,276.5,511.0,SYN-VESSEL-23,IMO9990023,SYN023,31,0,25,9,,90,A
999000023,2018-04-22T20:56:18,29.08195,-89.28688,0.0,333.1,511.0,SYN-VESSEL-23,IMO9990023,SYN023,31,0,25,9,,90,A
999000023,2018-04-22T20:59:18,29.08192,-89.28686,0.0,338.0,511.0,SYN-VESSEL-23,IMO9990023,SYN023,31,0,25,9,,90,A
999000023,2018-04-22T21:00:07,29.08195,-89.28688,0.1,337.5,511.0,SYN-VESSEL-23,IMO9990023,SYN023,31,0,25,9,,90,A
999000023,2018-04-22T21:01:08,29.08205,-89.28691,0.1,333.6,511.0,SYN-VESSEL-23,IMO9990023,SYN023,31,0,25,9,,90,A
999000023,2018-04-22T21:02:18,29.08205,-89.28690,0.1,331.1,511.0,SYN-VESSEL-23,IMO9990023,SYN023,31,0,25,9,,90,A
999000023,2018-04-22T21:03:28,29.08203,-89.28692,0.1,323.6,511.0,SYN-VESSEL-23,IMO9990023,SYN023,31,0,25,9,,90,A
999000023,2018-04-22T21:32:57,29.08189,-89.28691,0.2,338.5,511.0,SYN-VESSEL-23,IMO9990023,SYN023,31,0,25,9,,90,A
999000044,2018-04-22T23:45:19,29.17840,-89.26169,3.3,340.2,511.0,SYN-VESSEL-44,IMO9990044,SYN044,31,5,17,9,,0,A
999000044,2018-04-22T23:44:09,29.17741,-89.26125,3.1,340.1,511.0,SYN-VESSEL-44,IMO9990044,SYN044,31,5,17,9,,0,A
999000044,2018-04-22T23:48:39,29.18118,-89.26334,3.5,322.4,511.0,SYN-VESSEL-44,IMO9990044,SYN044,31,5,17,9,,0,A
999000044,2018-04-22T23:47:30,29.18024,-89.26268,3.5,335.2,511.0,SYN-VESSEL-44,IMO9990044,SYN044,31,5,17,9,,0,A
999000044,2018-04-22T23:41:59,29.17550,-89.26076,3.5,340.9,511.0,SYN-VESSEL-44,IMO9990044,SYN044,31,5,17,9,,0,A
999000044,2018-04-22T23:39:30,29.17331,-89.26011,3.4,345.6,511.0,SYN-VESSEL-44,IMO9990044,SYN044,31,5,17,9,,0,A
999000044,2018-04-22T23:34:09,29.16809,-89.25904,3.9,351.5,511.0,SYN-VESSEL-44,IMO9990044,SYN044,31,5,17,9,,0,A
999000044,2018-04-22T23:36:59,29.17094,-89.25948,3.4,349.8,511.0,SYN-VESSEL-44,IMO9990044,SYN044,31,5,17,9,,0,A
999000044,2018-04-22T23:21:39,29.15181,-89.25826,5.1,350.8,511.0,SYN-VESSEL-44,IMO9990044,SYN044,31,5,17,9,,0,A
999000044,2018-04-22T23:20:20,29.15002,-89.25798,5.0,356.4,511.0,SYN-VESSEL-44,IMO9990044,SYN044,31,5,17,9,,0,A
999000044,2018-04-22T23:18:39,29.14760,-89.25810,5.3,6.4,511.0,SYN-VESSEL-44,IMO9990044,SYN044,31,5,17,9,,0,A
999000044,2018-04-22T23:24:39,29.15598,-89.25875,5.0,3.1,511.0,SYN-VESSEL-44,IMO9990044,SYN044,31,5,17,9,,0,A
999000044,2018-04-22T23:32:59,29.16681,-89.25883,4.0,354.6,511.0,SYN-VESSEL-44,IMO9990044,SYN044,31,5,17,9,,0,A
999000044,2018-04-22T23:30:59,29.16449,-89.25870,4.2,357.5,511.0,SYN-VESSEL-44,IMO9990044,SYN044,31,5,17,9,,0,A
999000044,2018-04-22T23:29:50,29.16309,-89.25868,4.5,0.8,511.0,SYN-VESSEL-44,IMO9990044,SYN044,31,5,17,9,,0,A
999000044,2018-04-22T23:27:00,29.15927,-89.25880,5.0,358.5,511.0,SYN-VESSEL-44,IMO9990044,SYN044,31,5,17,9,,0,A
999000044,2018-04-22T23:49:49,29.18202,-89.26416,3.4,317.3,511.0,SYN-VESSEL-44,IMO9990044,SYN044,31,5,17,9,,0,A
999000044,2018-04-22T23:55:09,29.18635,-89.26801,4.2,323.8,511.0,SYN-VESSEL-44,IMO9990044,SYN044,31,5,17,9,,0,A
999000044,2018-04-22T23:50:58,29.18290,-89.26498,3.6,324.0,511.0,SYN-VESSEL-44,IMO9990044,SYN044,31,5,17,9,,0,A
999000044,2018-04-22T23:57:09,29.18816,-89.26943,3.7,324.5,511.0,SYN-VESSEL-44,IMO9990044,SYN044,31,5,17,9,,0,A
999000044,2018-04-22T23:58:19,29.18914,-89.27015,3.7,328.7,511.0,SYN-VESSEL-44,IMO9990044,SYN044,31,5,17,9,,0,A
999000044,2018-04-22T23:59:29,29.19022,-89.27082,3.7,334.4,511.0,SYN-VESSEL-44,IMO9990044,SYN044,31,5,17,9,,0,A
999000044,2018-04-22T22:45:28,29.10737,-89.26949,4.5,23.2,511.0,SYN-VESSEL-44,IMO9990044,SYN044,31,5,17,9,,0,A
999000044,2018-04-22T22:44:19,29.10608,-89.27021,4.6,26.3,511.0,SYN-VESSEL-44,IMO9990044,SYN044,31,5,17,9,,0,A
999000044,2018-04-22T22:23:40,29.08330,-89.28350,4.3,34.7,511.0,SYN-VESSEL-44,IMO9990044,SYN044,31,5,17,9,,0,A
999000044,2018-04-22T22:24:49,29.08446,-89.28265,4.3,32.5,511.0,SYN-VESSEL-44,IMO9990044,SYN044,31,5,17,9,,0,A
999000044,2018-04-22T22:22:29,29.08211,-89.28446,4.3,35.5,511.0,SYN-VESSEL-44,IMO9990044,SYN044,31,5,17,9,,0,A
999000044,2018-04-22T22:20:09,29.07991,-89.28630,4.2,36.5,511.0,SYN-VESSEL-44,IMO9990044,SYN044,31,5,17,9,,0,A
999000044,2018-04-22T22:17:09,29.07725,-89.28883,4.2,38.3,511.0,SYN-VESSEL-44,IMO9990044,SYN044,31,5,17,9,,0,A
999000044,2018-04-22T22:21:19,29.08101,-89.28538,4.2,37.2,511.0,SYN-VESSEL-44,IMO9990044,SYN044,31,5,17,9,,0,A
999000044,2018-04-22T22:11:50,29.07269,-89.29372,4.3,46.6,511.0,SYN-VESSEL-44,IMO9990044,SYN044,31,5,17,9,,0,A
999000044,2018-04-22T22:14:00,29.07454,-89.29167,4.2,45.2,511.0,SYN-VESSEL-44,IMO9990044,SYN044,31,5,17,9,,0,A
999000044,2018-04-22T22:15:50,29.07606,-89.28992,4.2,39.7,511.0,SYN-VESSEL-44,IMO9990044,SYN044,31,5,17,9,,0,A
999000044,2018-04-22T22:18:40,29.07855,-89.28753,4.1,42.1,511.0,SYN-VESSEL-44,IMO9990044,SYN044,31,5,17,9,,0,A
999000044,2018-04-22T22:40:30,29.10146,-89.27237,4.7,22.0,511.0,SYN-VESSEL-44,IMO9990044,SYN044,31,5,17,9,,0,A
999000044,2018-04-22T22:39:00,29.09958,-89.27320,4.8,24.1,511.0,SYN-VESSEL-44,IMO9990044,SYN044,31,5,17,9,,0,A
999000044,2018-04-22T22:34:39,29.09467,-89.27602,4.5,22.5,511.0,SYN-VESSEL-44,IMO9990044,SYN044,31,5,17,9,,0,A
999000044,2018-04-22T22:35:49,29.09597,-89.27533,4.5,27.0,511.0,SYN-VESSEL-44,IMO9990044,SYN044,31,5,17,9,,0,A
999000044,2018-04-22T22:37:49,29.09818,-89.27400,4.6,27.6,511.0,SYN-VESSEL-44,IMO9990044,SYN044,31,5,17,9,,0,A
999000044,2018-04-22T22:31:49,29.09158,-89.27773,4.2,34.7,511.0,SYN-VESSEL-44,IMO9990044,SYN044,31,5,17,9,,0,A
999000044,2018-04-22T22:26:59,29.08669,-89.28123,4.3,25.3,511.0,SYN-VESSEL-44,IMO9990044,SYN044,31,5,17,9,,0,A
999000044,2018-04-22T22:30:10,29.08993,-89.27899,4.4,38.1,511.0,SYN-VESSEL-44,IMO9990044,SYN044,31,5,17,9,,0,A
999000044,2018-04-22T22:28:59,29.08877,-89.27993,4.3,32.4,511.0,SYN-VESSEL-44,IMO9990044,SYN044,31,5,17,9,,0,A
999000023,2018-04-22T21:29:57,29.08190,-89.28692,0.1,200.1,511.0,SYN-VESSEL-23,IMO9990023,SYN023,31,0,25,9,,90,A
999000023,2018-04-22T21:28:37,29.08194,-89.28694,0.1,200.5,511.0,SYN-VESSEL-23,IMO9990023,SYN023,31,0,25,9,,90,A
999000023,2018-04-22T21:34:57,29.08197,-89.28694,0.1,351.6,511.0,SYN-VESSEL-23,IMO9990023,SYN023,31,0,25,9,,90,A
999000023,2018-04-22T21:36:28,29.08200,-89.28696,0.1,337.4,511.0,SYN-VESSEL-23,IMO9990023,SYN023,31,0,25,9,,90,A
999000023,2018-04-22T21:18:08,29.08199,-89.28691,0.1,351.8,511.0,SYN-VESSEL-23,IMO9990023,SYN023,31,0,25,9,,90,A
999000023,2018-04-22T21:16:18,29.08193,-89.28692,0.1,343.9,511.0,SYN-VESSEL-23,IMO9990023,SYN023,31,0,25,9,,90,A
999000023,2018-04-22T21:13:47,29.08192,-89.28692,0.1,213.7,511.0,SYN-VESSEL-23,IMO9990023,SYN023,31,0,25,9,,90,A
999000023,2018-04-22T21:19:18,29.08199,-89.28692,0.1,343.1,511.0,SYN-VESSEL-23,IMO9990023,SYN023,31,0,25,9,,90,A
999000023,2018-04-22T21:21:28,29.08201,-89.28691,0.1,290.3,511.0,SYN-VESSEL-23,IMO9990023,SYN023,31,0,25,9,,90,A
999000023,2018-04-22T21:23:07,29.08196,-89.28691,0.1,205.4,511.0,SYN-VESSEL-23,IMO9990023,SYN023,31,0,25,9,,90,A
999000023,2018-04-22T21:24:18,29.08197,-89.28692,0.1,199.6,511.0,SYN-VESSEL-23,IMO9990023,SYN023,31,0,25,9,,90,A
999000023,2018-04-22T21:26:57,29.08197,-89.28694,0.0,234.6,511.0,SYN-VESSEL-23,IMO9990023,SYN023,31,0,25,9,,90,A
999000023,2018-04-22T21:15:08,29.08189,-89.28691,0.1,289.1,511.0,SYN-VESSEL-23,IMO9990023,SYN023,31,0,25,9,,90,A
999000023,2018-04-22T21:12:27,29.08192,-89.28690,0.1,207.0,511.0,SYN-VESSEL-23,IMO9990023,SYN023,31,0,25,9,,90,A
999000023,2018-04-22T21:10:27,29.08196,-89.28692,0.0,200.2,511.0,SYN-VESSEL-23,IMO9990023,SYN023,31,0,25,9,,90,A
999000023,2018-04-22T21:04:38,29.08208,-89.28693,0.4,280.5,511.0,SYN-VESSEL-23,IMO9990023,SYN023,31,0,25,9,,90,A
999000023,2018-04-22T21:05:47,29.08206,-89.28692,0.1,208.8,511.0,SYN-VESSEL-23,IMO9990023,SYN023,31,0,25,9,,90,A
999000023,2018-04-22T21:09:08,29.08199,-89.28693,0.1,191.9,511.0,SYN-VESSEL-23,IMO9990023,SYN023,31,0,25,9,,90,A
999000023,2018-04-22T21:07:27,29.08200,-89.28691,0.1,194.6,511.0,SYN-VESSEL-23,IMO9990023,SYN023,31,0,25,9,,90,A
999000021,2018-04-22T18:38:05,29.02244,-88.84204,10.5,59.6,59.0,SYN-VESSEL-21,IMO9990021,SYN021,31,0,37,11,,,A
999000021,2018-04-22T18:39:24,29.02445,-88.83816,10.7,59.2,57.0,SYN-VESSEL-21,IMO9990021,SYN021,31,0,37,11,,,A
999000021,2018-04-22T18:30:45,29.01151,-88.86319,10.6,59.4,59.0,SYN-VESSEL-21,IMO9990021,SYN021,31,0,37,11,,,A
999000021,2018-04-22T18:34:24,29.01696,-88.85267,10.5,59.6,59.0,SYN-VESSEL-21,IMO9990021,SYN021,31,0,37,11,,,A
999000021,2018-04-22T18:46:54,29.03639,-88.81661,10.8,57.9,57.0,SYN-VESSEL-21,IMO9990021,SYN021,31,0,37,11,,,A
999000021,2018-04-22T18:49:34,29.04061,-88.80900,10.6,57.8,57.0,SYN-VESSEL-21,IMO9990021,SYN021,31,0,37,11,,,A
999000021,2018-04-22T18:43:05,29.03029,-88.82763,10.7,58.1,57.0,SYN-VESSEL-21,IMO9990021,SYN021,31,0,37,11,,,A
999000021,2018-04-22T18:44:54,29.03321,-88.82234,10.7,57.5,57.0,SYN-VESSEL-21,IMO9990021,SYN021,31,0,37,11,,,A
999000021,2018-04-22T18:20:15,28.99604,-88.89278,10.3,59.6,59.0,SYN-VESSEL-21,IMO9990021,SYN021,31,0,37,11,,,A
999000021,2018-04-22T18:21:34,28.99795,-88.88917,10.2,59.1,59.0,SYN-VESSEL-21,IMO9990021,SYN021,31,0,37,11,,,A
999000021,2018-04-22T18:18:25,28.99335,-88.89794,10.1,59.7,59.0,SYN-VESSEL-21,IMO9990021,SYN021,31,0,37,11,,,A
999000021,2018-04-22T18:17:15,28.99169,-88.90113,10.2,59.5,59.0,SYN-VESSEL-21,IMO9990021,SYN021,31,0,37,11,,,A
999000021,2018-04-22T18:24:45,29.00263,-88.88019,10.3,59.1,59.0,SYN-VESSEL-21,IMO9990021,SYN021,31,0,37,11,,,A
999000021,2018-04-22T18:23:34,29.00086,-88.88357,10.3,59.5,59.0,SYN-VESSEL-21,IMO9990021,SYN021,31,0,37,11,,,A
999000021,2018-04-22T18:29:25,29.00953,-88.86700,10.4,59.4,59.0,SYN-VESSEL-21,IMO9990021,SYN021,31,0,37,11,,,A
999000021,2018-04-22T18:27:54,29.00729,-88.87127,10.3,59.2,59.0,SYN-VESSEL-21,IMO9990021,SYN021,31,0,37,11,,,A
999000021,2018-04-22T18:53:14,29.04647,-88.79845,10.7,57.9,57.0,SYN-VESSEL-21,IMO9990021,SYN021,31,0,37,11,,,A
999000021,2018-04-22T18:48:14,29.03851,-88.81279,10.8,57.8,57.0,SYN-VESSEL-21,IMO9990021,SYN021,31,0,37,11,,,A
999000021,2018-04-22T18:51:34,29.04382,-88.80322,10.7,57.4,57.0,SYN-VESSEL-21,IMO9990021,SYN021,31,0,37,11,,,A
999000021,2018-04-22T18:09:34,28.98054,-88.92231,10.0,58.4,59.0,SYN-VESSEL-21,IMO9990021,SYN021,31,0,37,11,,,A
999000021,2018-04-22T18:12:04,28.98415,-88.91551,10.1,59.0,59.0,SYN-VESSEL-21,IMO9990021,SYN021,31,0,37,11,,,A
999000021,2018-04-22T18:10:43,28.98221,-88.91917,10.1,59.1,59.0,SYN-VESSEL-21,IMO9990021,SYN021,31,0,37,11,,,A
999000021,2018-04-22T18:07:13,28.97712,-88.92870,10.0,58.5,59.0,SYN-VESSEL-21,IMO9990021,SYN021,31,0,37,11,,,A
999000021,2018-04-22T18:08:24,28.97882,-88.92553,10.0,58.5,59.0,SYN-VESSEL-21,IMO9990021,SYN021,31,0,37,11,,,A
999000021,2018-04-22T18:06:05,28.97543,-88.93181,10.0,58.5,59.0,SYN-VESSEL-21,IMO9990021,SYN021,31,0,37,11,,,A
999000021,2018-04-22T18:04:44,28.97349,-88.93543,10.0,58.3,59.0,SYN-VESSEL-21,IMO9990021,SYN021,31,0,37,11,,,A
999000021,2018-04-22T18:03:34,28.97177,-88.93859,9.9,58.1,59.0,SYN-VESSEL-21,IMO9990021,SYN021,31,0,37,11,,,A
999000021,2018-04-22T18:00:05,28.96660,-88.94804,10.2,58.0,59.0,SYN-VESSEL-21,IMO9990021,SYN021,31,0,37,11,,,A
999000021,2018-04-22T18:02:24,28.97002,-88.94179,10.0,58.6,59.0,SYN-VESSEL-21,IMO9990021,SYN021,31,0,37,11,,,A
999000021,2018-04-22T18:01:15,28.96834,-88.94490,10.0,58.1,59.0,SYN-VESSEL-21,IMO9990021,SYN021,31,0,37,11,,,A
999000021,2018-04-22T18:14:25,28.98756,-88.90904,10.2,58.9,59.0,SYN-VESSEL-21,IMO9990021,SYN021,31,0,37,11,,,A
999000021,2018-04-22T18:16:03,28.98994,-88.90448,10.1,59.1,59.0,SYN-VESSEL-21,IMO9990021,SYN021,31,0,37,11,,,A
999000021,2018-04-22T18:13:13,28.98584,-88.91230,10.2,59.1,59.0,SYN-VESSEL-21,IMO9990021,SYN021,31,0,37,11,,,A
999000021,2018-04-22T19:27:05,29.13387,-88.80646,10.5,341.6,337.0,SYN-VESSEL-21,IMO9990021,SYN021,31,0,37,11,,,A
999000021,2018-04-22T19:29:14,29.13994,-88.80877,10.5,341.8,337.0,SYN-VESSEL-21,IMO9990021,SYN021,31,0,37,11,,,A
999000021,2018-04-22T19:23:55,29.12498,-88.80303,10.4,340.9,337.0,SYN-VESSEL-21,IMO9990021,SYN021,31,0,37,11,,,A
999000021,2018-04-22T19:22:43,29.12167,-88.80174,10.6,341.5,337.0,SYN-VESSEL-21,IMO9990021,SYN021,31,0,37,11,,,A
999000021,2018-04-22T19:30:34,29.14367,-88.81019,10.5,341.0,337.0,SYN-VESSEL-21,IMO9990021,SYN021,31,0,37,11,,,A
999000021,2018-04-22T19:32:05,29.14787,-88.81179,10.6,341.5,337.0,SYN-VESSEL-21,IMO9990021,SYN021,31,0,37,11,,,A
999000021,2018-04-22T19:37:45,29.16363,-88.81804,10.6,340.6,336.0,SYN-VESSEL-21,IMO9990021,SYN021,31,0,37,11,,,A
999000021,2018-04-22T19:34:05,29.15346,-88.81394,10.5,341.2,337.0,SYN-VESSEL-21,IMO9990021,SYN021,31,0,37,11,,,A
999000021,2018-04-22T19:47:34,29.19065,-88.82939,10.5,339.2,334.0,SYN-VESSEL-21,IMO9990021,SYN021,31,0,37,11,,,A
999000021,2018-04-22T19:48:55,29.19427,-88.83095,10.3,339.4,334.0,SYN-VESSEL-21,IMO9990021,SYN021,31,0,37,11,,,A
999000021,2018-04-22T19:50:15,29.19787,-88.83253,10.4,339.5,334.0,SYN-VESSEL-21,IMO9990021,SYN021,31,0,37,11,,,A
999000021,2018-04-22T19:43:14,29.17874,-88.82436,10.4,338.7,335.0,SYN-VESSEL-21,IMO9990021,SYN021,31,0,37,11,,,A
999000021,2018-04-22T19:40:44,29.17191,-88.82149,10.5,340.2,336.0,SYN-VESSEL-21,IMO9990021,SYN021,31,0,37,11,,,A
999000021,2018-04-22T19:20:04,29.11421,-88.79881,10.6,340.4,337.0,SYN-VESSEL-21,IMO9990021,SYN021,31,0,37,11,,,A
999000021,2018-04-22T19:01:15,29.06199,-88.78122,9.8,1.3,355.0,SYN-VESSEL-21,IMO9990021,SYN021,31,0,37,11,,,A
999000021,2018-04-22T19:00:04,29.05879,-88.78153,9.7,11.0,2.0,SYN-VESSEL-21,IMO9990021,SYN021,31,0,37,11,,,A
999000021,2018-04-22T18:59:10,29.05648,-88.78234,9.9,29.9,13.0,SYN-VESSEL-21,IMO9990021,SYN021,31,0,37,11,,,A
999000021,2018-04-22T19:02:24,29.06524,-88.78133,10.1,356.4,351.0,SYN-VESSEL-21,IMO9990021,SYN021,31,0,37,11,,,A
999000021,2018-04-22T19:03:34,29.06854,-88.78172,10.1,351.2,345.0,SYN-VESSEL-21,IMO9990021,SYN021,31,0,37,11,,,A
999000021,2018-04-22T18:58:08,29.05428,-88.78437,10.6,53.9,37.0,SYN-VESSEL-21,IMO9990021,SYN021,31,0,37,11,,,A
999000021,2018-04-22T18:56:04,29.05095,-88.79035,10.7,57.7,57.0,SYN-VESSEL-21,IMO9990021,SYN021,31,0,37,11,,,A
999000021,2018-04-22T19:14:04,29.09759,-88.79219,10.6,340.7,337.0,SYN-VESSEL-21,IMO9990021,SYN021,31,0,37,11,,,A
999000021,2018-04-22T19:16:24,29.10404,-88.79475,10.4,340.3,337.0,SYN-VESSEL-21,IMO9990021,SYN021,31,0,37,11,,,A
999000021,2018-04-22T19:18:55,29.11099,-88.79752,10.5,340.9,337.0,SYN-VESSEL-21,IMO9990021,SYN021,31,0,37,11,,,A
999000021,2018-04-22T19:08:34,29.08236,-88.78625,10.5,342.7,338.0,SYN-VESSEL-21,IMO9990021,SYN021,31,0,37,11,,,A
999000021,2018-04-22T19:12:15,29.09254,-88.79017,10.4,339.8,337.0,SYN-VESSEL-21,IMO9990021,SYN021,31,0,37,11,,,A
999000021,2018-04-22T19:10:24,29.08748,-88.78821,10.4,342.0,338.0,SYN-VESSEL-21,IMO9990021,SYN021,31,0,37,11,,,A
999000021,2018-04-22T19:06:14,29.07594,-88.78396,10.2,341.9,339.0,SYN-VESSEL-21,IMO9990021,SYN021,31,0,37,11,,,A
999000021,2018-04-22T19:04:45,29.07179,-88.78253,10.3,345.6,340.0,SYN-VESSEL-21,IMO9990021,SYN021,31,0,37,11,,,A
999000021,2018-04-22T19:07:24,29.07915,-88.78512,10.3,342.1,339.0,SYN-VESSEL-21,IMO9990021,SYN021,31,0,37,11,,,A
999000059,2018-04-22T23:16:59,29.11176,-89.26907,12.2,206.2,205.0,SYN-VESSEL-59,IMO9990059,SYN059,70,0,190,32,12.5,70,A
999000059,2018-04-22T23:18:39,29.10660,-89.27191,12.3,205.5,206.0,SYN-VESSEL-59,IMO9990059,SYN059,70,0,190,32,12.5,70,A
999000059,2018-04-22T23:20:39,29.10034,-89.27528,12.4,204.7,205.0,SYN-VESSEL-59,IMO9990059,SYN059,70,0,190,32,12.5,70,A
999000059,2018-04-22T23:22:29,29.09461,-89.27837,12.4,204.7,205.0,SYN-VESSEL-59,IMO9990059,SYN059,70,0,190,32,12.5,70,A
999000059,2018-04-22T23:23:40,29.09088,-89.28034,12.5,205.9,206.0,SYN-VESSEL-59,IMO9990059,SYN059,70,0,190,32,12.5,70,A
999000059,2018-04-22T23:30:40,29.07226,-89.29681,11.8,226.5,227.0,SYN-VESSEL-59,IMO9990059,SYN059,70,0,190,32,12.5,70,A
999000059,2018-04-22T23:27:39,29.07937,-89.28867,12.2,227.3,226.0,SYN-VESSEL-59,IMO9990059,SYN059,70,0,190,32,12.5,70,A
999000059,2018-04-22T23:24:50,29.08725,-89.28235,12.4,207.6,207.0,SYN-VESSEL-59,IMO9990059,SYN059,70,0,190,32,12.5,70,A
999000059,2018-04-22T22:55:19,29.18230,-89.26280,11.9,158.4,160.0,SYN-VESSEL-59,IMO9990059,SYN059,70,0,190,32,12.5,70,A
999000059,2018-04-22T22:54:09,29.18586,-89.26447,11.7,157.0,158.0,SYN-VESSEL-59,IMO9990059,SYN059,70,0,190,32,12.5,70,A
999000059,2018-04-22T22:56:30,29.17854,-89.26123,12.3,160.6,163.0,SYN-VESSEL-59,IMO9990059,SYN059,70,0,190,32,12.5,70,A
999000059,2018-04-22T22:53:00,29.18928,-89.26615,11.5,154.3,157.0,SYN-VESSEL-59,IMO9990059,SYN059,70,0,190,32,12.5,70,A
999000059,2018-04-22T22:51:09,29.19462,-89.26907,11.7,149.6,156.0,SYN-VESSEL-59,IMO9990059,SYN059,70,0,190,32,12.5,70,A
999000059,2018-04-22T22:49:19,29.19980,-89.27253,11.8,149.6,152.0,SYN-VESSEL-59,IMO9990059,SYN059,70,0,190,32,12.5,70,A
999000059,2018-04-22T22:58:59,29.17025,-89.25814,12.7,162.3,163.0,SYN-VESSEL-59,IMO9990059,SYN059,70,0,190,32,12.5,70,A
999000059,2018-04-22T23:00:09,29.16627,-89.25664,12.9,161.8,164.0,SYN-VESSEL-59,IMO9990059,SYN059,70,0,190,32,12.5,70,A
999000059,2018-04-22T23:01:19,29.16231,-89.25531,12.9,167.7,176.0,SYN-VESSEL-59,IMO9990059,SYN059,70,0,190,32,12.5,70,A
999000059,2018-04-22T23:14:39,29.11886,-89.26529,12.0,199.9,204.0,SYN-VESSEL-59,IMO9990059,SYN059,70,0,190,32,12.5,70,A
999000059,2018-04-22T23:12:30,29.12574,-89.26222,12.3,202.9,205.0,SYN-VESSEL-59,IMO9990059,SYN059,70,0,190,32,12.5,70,A
999000059,2018-04-22T23:08:39,29.13782,-89.25722,11.7,188.3,193.0,SYN-VESSEL-59,IMO9990059,SYN059,70,0,190,32,12.5,70,A
999000059,2018-04-22T23:11:19,29.12941,-89.26046,12.1,200.1,203.0,SYN-VESSEL-59,IMO9990059,SYN059,70,0,190,32,12.5,70,A
999000059,2018-04-22T23:09:49,29.13420,-89.25848,11.9,200.6,200.0,SYN-VESSEL-59,IMO9990059,SYN059,70,0,190,32,12.5,70,A
999000059,2018-04-22T23:02:29,29.15814,-89.25499,12.6,181.9,188.0,SYN-VESSEL-59,IMO9990059,SYN059,70,0,190,32,12.5,70,A
999000059,2018-04-22T23:03:39,29.15410,-89.25531,12.4,185.2,188.0,SYN-VESSEL-59,IMO9990059,SYN059,70,0,190,32,12.5,70,A
999000059,2018-04-22T23:06:09,29.14587,-89.25661,11.5,181.4,178.0,SYN-VESSEL-59,IMO9990059,SYN059,70,0,190,32,12.5,70,A
999000059,2018-04-22T23:04:59,29.14961,-89.25607,12.0,189.2,190.0,SYN-VESSEL-59,IMO9990059,SYN059,70,0,190,32,12.5,70,A
999000059,2018-04-22T23:07:10,29.14257,-89.25657,11.4,183.4,185.0,SYN-VESSEL-59,IMO9990059,SYN059,70,0,190,32,12.5,70,A
999000059,2018-04-22T23:15:50,29.11524,-89.26719,12.1,205.3,204.0,SYN-VESSEL-59,IMO9990059,SYN059,70,0,190,32,12.5,70,A
999000058,2018-04-22T21:35:42,29.12501,-89.26190,14.4,196.5,195.0,SYN-VESSEL-58,IMO9990058,SYN058,70,0,199,,,,A
999000058,2018-04-22T21:38:42,29.11363,-89.26705,14.9,206.9,205.0,SYN-VESSEL-58,IMO9990058,SYN058,70,0,199,,,,A
999000058,2018-04-22T21:16:02,29.19694,-89.27049,15.4,149.9,150.0,SYN-VESSEL-58,IMO9990058,SYN058,70,0,199,,,,A
999000058,2018-04-22T21:17:44,29.19083,-89.26642,14.3,151.8,154.0,SYN-VESSEL-58,IMO9990058,SYN058,70,0,199,,,,A
999000058,2018-04-22T21:20:02,29.18274,-89.26219,13.9,159.0,161.0,SYN-VESSEL-58,IMO9990058,SYN058,70,0,199,,,,A
999000058,2018-04-22T21:22:56,29.17159,-89.25837,14.8,164.9,165.0,SYN-VESSEL-58,IMO9990058,SYN058,70,0,199,,,,A
999000058,2018-04-22T21:21:44,29.17631,-89.25983,14.5,163.1,165.0,SYN-VESSEL-58,IMO9990058,SYN058,70,0,199,,,,A
999000058,2018-04-22T21:26:31,29.15765,-89.25519,12.5,179.9,183.0,SYN-VESSEL-58,IMO9990058,SYN058,70,0,199,,,,A
999000058,2018-04-22T21:25:14,29.16236,-89.25571,14.3,167.8,174.0,SYN-VESSEL-58,IMO9990058,SYN058,70,0,199,,,,A
999000058,2018-04-22T21:24:02,29.16723,-89.25703,15.1,163.7,166.0,SYN-VESSEL-58,IMO9990058,SYN058,70,0,199,,,,A
999000058,2018-04-22T21:29:19,29.14822,-89.25602,12.6,184.4,183.0,SYN-VESSEL-58,IMO9990058,SYN058,70,0,199,,,,A
999000058,2018-04-22T21:28:14,29.15185,-89.25559,12.3,186.9,186.0,SYN-VESSEL-58,IMO9990058,SYN058,70,0,199,,,,A
999000058,2018-04-22T21:30:58,29.14240,-89.25660,12.9,185.1,183.0,SYN-VESSEL-58,IMO9990058,SYN058,70,0,199,,,,A
999000058,2018-04-22T21:32:08,29.13820,-89.25727,13.3,192.2,193.0,SYN-VESSEL-58,IMO9990058,SYN058,70,0,199,,,,A
999000058,2018-04-22T21:40:12,29.10809,-89.27029,14.9,207.6,205.0,SYN-VESSEL-58,IMO9990058,SYN058,70,0,199,,,,A
999000058,2018-04-22T21:42:42,29.09896,-89.27550,14.8,205.5,203.0,SYN-VESSEL-58,IMO9990058,SYN058,70,0,199,,,,A
999000058,2018-04-22T21:47:40,29.08152,-89.28549,13.1,219.9,228.0,SYN-VESSEL-58,IMO9990058,SYN058,70,0,199,,,,A
999000058,2018-04-22T21:44:48,29.09108,-89.27968,14.7,204.5,203.0,SYN-VESSEL-58,IMO9990058,SYN058,70,0,199,,,,A
999000058,2018-04-22T21:46:30,29.08514,-89.28302,13.4,209.1,208.0,SYN-VESSEL-58,IMO9990058,SYN058,70,0,199,,,,A
999000058,2018-04-22T21:50:54,29.07341,-89.29577,13.5,225.3,223.0,SYN-VESSEL-58,IMO9990058,SYN058,70,0,199,,,,A
999000058,2018-04-22T21:48:42,29.07885,-89.28865,13.4,228.0,229.0,SYN-VESSEL-58,IMO9990058,SYN058,70,0,199,,,,A
999000015,2018-04-22T20:54:19,29.08163,-89.28790,0.0,6.6,60.0,SYN-VESSEL-15,IMO9990015,SYN015,31,3,19,7,,31,A
999000015,2018-04-22T20:55:29,29.08162,-89.28788,0.4,145.3,65.0,SYN-VESSEL-15,IMO9990015,SYN015,31,3,19,7,,31,A
999000015,2018-04-22T20:45:41,29.08163,-89.28790,0.0,203.9,60.0,SYN-VESSEL-15,IMO9990015,SYN015,31,3,19,7,,31,A
999000015,2018-04-22T20:46:50,29.08163,-89.28790,0.0,157.8,61.0,SYN-VESSEL-15,IMO9990015,SYN015,31,3,19,7,,31,A
999000015,2018-04-22T20:48:01,29.08163,-89.28788,0.0,36.1,60.0,SYN-VESSEL-15,IMO9990015,SYN015,31,3,19,7,,31,A
999000015,2018-04-22T20:49:10,29.08163,-89.28788,0.0,0.2,60.0,SYN-VESSEL-15,IMO9990015,SYN015,31,3,19,7,,31,A
999000015,2018-04-22T20:56:39,29.08152,-89.28782,0.4,115.1,74.0,SYN-VESSEL-15,IMO9990015,SYN015,31,3,19,7,,31,A
999000015,2018-04-22T20:57:40,29.08143,-89.28773,0.2,151.1,72.0,SYN-VESSEL-15,IMO9990015,SYN015,31,3,19,7,,31,A
999000015,2018-04-22T20:58:50,29.08137,-89.28767,0.2,131.7,73.0,SYN-VESSEL-15,IMO9990015,SYN015,31,3,19,7,,31,A
999000015,2018-04-22T21:02:21,29.08120,-89.28737,0.4,104.3,73.0,SYN-VESSEL-15,IMO9990015,SYN015,31,3,19,7,,31,A
999000015,2018-04-22T21:00:01,29.08132,-89.28762,0.2,109.0,79.0,SYN-VESSEL-15,IMO9990015,SYN015,31,3,19,7,,31,A
999000015,2018-04-22T21:01:09,29.08127,-89.28752,0.4,116.2,80.0,SYN-VESSEL-15,IMO9990015,SYN015,31,3,19,7,,31,A
999000015,2018-04-22T20:39:20,29.08165,-89.28788,0.0,73.2,62.0,SYN-VESSEL-15,IMO9990015,SYN015,31,3,19,7,,31,A
999000015,2018-04-22T20:37:59,29.08163,-89.28788,0.0,36.0,59.0,SYN-VESSEL-15,IMO9990015,SYN015,31,3,19,7,,31,A
999000015,2018-04-22T20:35:59,29.08163,-89.28788,0.0,219.0,59.0,SYN-VESSEL-15,IMO9990015,SYN015,31,3,19,7,,31,A
999000015,2018-04-22T20:30:49,29.08165,-89.28790,0.0,221.4,60.0,SYN-VESSEL-15,IMO9990015,SYN015,31,3,19,7,,31,A
999000015,2018-04-22T20:33:59,29.08163,-89.28790,0.2,196.2,58.0,SYN-VESSEL-15,IMO9990015,SYN015,31,3,19,7,,31,A
999000015,2018-04-22T20:43:20,29.08165,-89.28790,0.0,162.0,60.0,SYN-VESSEL-15,IMO9990015,SYN015,31,3,19,7,,31,A
999000015,2018-04-22T20:44:30,29.08163,-89.28790,0.0,20.6,61.0,SYN-VESSEL-15,IMO9990015,SYN015,31,3,19,7,,31,A
999000015,2018-04-22T21:03:30,29.08115,-89.28720,0.4,116.5,60.0,SYN-VESSEL-15,IMO9990015,SYN015,31,3,19,7,,31,A
999000015,2018-04-22T23:16:19,29.08107,-89.28720,0.6,103.4,56.0,SYN-VESSEL-15,IMO9990015,SYN015,31,3,19,7,,31,A
999000015,2018-04-22T23:18:00,29.08110,-89.28737,0.6,273.2,65.0,SYN-VESSEL-15,IMO9990015,SYN015,31,3,19,7,,31,A
999000015,2018-04-22T22:53:00,29.08142,-89.28787,0.0,195.4,45.0,SYN-VESSEL-15,IMO9990015,SYN015,31,3,19,7,,31,A
999000015,2018-04-22T22:55:00,29.08142,-89.28788,0.0,164.9,45.0,SYN-VESSEL-15,IMO9990015,SYN015,31,3,19,7,,31,A
999000015,2018-04-22T22:47:19,29.08143,-89.28787,0.0,85.0,45.0,SYN-VESSEL-15,IMO9990015,SYN015,31,3,19,7,,31,A
999000015,2018-04-22T22:51:09,29.08142,-89.28788,0.0,280.9,45.0,SYN-VESSEL-15,IMO9990015,SYN015,31,3,19,7,,31,A
999000015,2018-04-22T22:58:00,29.08142,-89.28787,0.0,118.4,45.0,SYN-VESSEL-15,IMO9990015,SYN015,31,3,19,7,,31,A
999000015,2018-04-22T22:59:49,29.08143,-89.28787,0.0,285.3,45.0,SYN-VESSEL-15,IMO9990015,SYN015,31,3,19,7,,31,A
999000015,2018-04-22T23:00:00,29.08143,-89.28787,0.0,359.7,46.0,SYN-VESSEL-15,IMO9990015,SYN015,31,3,19,7,,31,A
999000015,2018-04-22T23:01:10,29.08142,-89.28787,0.0,191.7,45.0,SYN-VESSEL-15,IMO9990015,SYN015,31,3,19,7,,31,A
999000015,2018-04-22T23:04:31,29.08143,-89.28790,0.0,181.2,45.0,SYN-VESSEL-15,IMO9990015,SYN015,31,3,19,7,,31,A
999000015,2018-04-22T23:02:11,29.08142,-89.28788,0.0,254.0,45.0,SYN-VESSEL-15,IMO9990015,SYN015,31,3,19,7,,31,A
999000015,2018-04-22T23:03:20,29.08143,-89.28790,0.0,39.7,45.0,SYN-VESSEL-15,IMO9990015,SYN015,31,3,19,7,,31,A
999000015,2018-04-22T23:08:01,29.08143,-89.28787,0.0,289.8,45.0,SYN-VESSEL-15,IMO9990015,SYN015,31,3,19,7,,31,A
999000015,2018-04-22T23:06:49,29.08143,-89.28788,0.0,284.4,45.0,SYN-VESSEL-15,IMO9990015,SYN015,31,3,19,7,,31,A
999000015,2018-04-22T23:05:39,29.08143,-89.28788,0.0,48.6,45.0,SYN-VESSEL-15,IMO9990015,SYN015,31,3,19,7,,31,A
999000015,2018-04-22T23:12:00,29.08142,-89.28787,0.6,142.3,66.0,SYN-VESSEL-15,IMO9990015,SYN015,31,3,19,7,,31,A
999000015,2018-04-22T23:09:19,29.08143,-89.28788,0.2,322.1,45.0,SYN-VESSEL-15,IMO9990015,SYN015,31,3,19,7,,31,A
999000015,2018-04-22T23:10:50,29.08157,-89.28795,0.2,222.5,67.0,SYN-VESSEL-15,IMO9990015,SYN015,31,3,19,7,,31,A
999000015,2018-04-22T23:14:00,29.08118,-89.28760,0.6,128.7,60.0,SYN-VESSEL-15,IMO9990015,SYN015,31,3,19,7,,31,A
999000015,2018-04-22T23:15:09,29.08112,-89.28740,0.6,111.0,60.0,SYN-VESSEL-15,IMO9990015,SYN015,31,3,19,7,,31,A
999000015,2018-04-22T19:19:50,29.08123,-89.28700,0.2,181.2,51.0,SYN-VESSEL-15,IMO9990015,SYN015,31,3,19,7,,31,A
999000015,2018-04-22T19:16:19,29.08123,-89.28705,0.4,31.1,64.0,SYN-VESSEL-15,IMO9990015,SYN015,31,3,19,7,,31,A
999000015,2018-04-22T19:17:20,29.08123,-89.28702,0.2,323.6,57.0,SYN-VESSEL-15,IMO9990015,SYN015,31,3,19,7,,31,A
999000015,2018-04-22T19:14:09,29.08132,-89.28737,0.4,114.7,76.0,SYN-VESSEL-15,IMO9990015,SYN015,31,3,19,7,,31,A
999000015,2018-04-22T19:15:10,29.08127,-89.28723,0.4,129.6,73.0,SYN-VESSEL-15,IMO9990015,SYN015,31,3,19,7,,31,A
999000015,2018-04-22T19:08:30,29.08170,-89.28785,0.2,184.4,59.0,SYN-VESSEL-15,IMO9990015,SYN015,31,3,19,7,,31,A
999000015,2018-04-22T19:06:49,29.08172,-89.28785,0.2,298.6,61.0,SYN-VESSEL-15,IMO9990015,SYN015,31,3,19,7,,31,A
999000015,2018-04-22T19:11:31,29.08153,-89.28772,0.6,65.1,74.0,SYN-VESSEL-15,IMO9990015,SYN015,31,3,19,7,,31,A
999000015,2018-04-22T19:13:03,29.08138,-89.28753,0.4,48.3,59.0,SYN-VESSEL-15,IMO9990015,SYN015,31,3,19,7,,31,A
999000015,2018-04-22T19:10:19,29.08168,-89.28783,0.6,125.6,72.0,SYN-VESSEL-15,IMO9990015,SYN015,31,3,19,7,,31,A
999000015,2018-04-22T18:59:19,29.08128,-89.28737,0.4,291.5,35.0,SYN-VESSEL-15,IMO9990015,SYN015,31,3,19,7,,31,A
999000015,2018-04-22T18:53:14,29.08133,-89.28740,0.4,100.1,46.0,SYN-VESSEL-15,IMO9990015,SYN015,31,3,19,7,,31,A
999000015,2018-04-22T18:54:19,29.08130,-89.28727,0.6,110.9,65.0,SYN-VESSEL-15,IMO9990015,SYN015,31,3,19,7,,31,A
999000015,2018-04-22T18:57:47,29.08123,-89.28717,0.6,258.6,23.0,SYN-VESSEL-15,IMO9990015,SYN015,31,3,19,7,,31,A
999000015,2018-04-22T18:56:33,29.08123,-89.28700,0.4,263.7,43.0,SYN-VESSEL-15,IMO9990015,SYN015,31,3,19,7,,31,A
999000015,2018-04-22T19:01:09,29.08138,-89.28757,0.6,311.1,34.0,SYN-VESSEL-15,IMO9990015,SYN015,31,3,19,7,,31,A
999000015,2018-04-22T19:00:00,29.08132,-89.28743,0.6,303.4,35.0,SYN-VESSEL-15,IMO9990015,SYN015,31,3,19,7,,31,A
999000015,2018-04-22T19:04:40,29.08173,-89.28785,0.2,350.4,61.0,SYN-VESSEL-15,IMO9990015,SYN015,31,3,19,7,,31,A
999000015,2018-04-22T19:05:41,29.08172,-89.28785,0.0,197.6,61.0,SYN-VESSEL-15,IMO9990015,SYN015,31,3,19,7,,31,A
999000015,2018-04-22T19:03:30,29.08162,-89.28778,0.4,319.4,49.0,SYN-VESSEL-15,IMO9990015,SYN015,31,3,19,7,,31,A
999000015,2018-04-22T19:02:19,29.08148,-89.28768,0.8,330.5,39.0,SYN-VESSEL-15,IMO9990015,SYN015,31,3,19,7,,31,A
999000015,2018-04-22T18:41:19,29.08157,-89.28762,0.0,192.5,50.0,SYN-VESSEL-15,IMO9990015,SYN015,31,3,19,7,,31,A
999000015,2018-04-22T18:37:49,29.08157,-89.28762,0.0,33.8,51.0,SYN-VESSEL-15,IMO9990015,SYN015,31,3,19,7,,31,A
999000015,2018-04-22T18:35:31,29.08157,-89.28763,0.0,44.8,52.0,SYN-VESSEL-15,IMO9990015,SYN015,31,3,19,7,,31,A
999000015,2018-04-22T18:36:40,29.08157,-89.28763,0.0,82.8,51.0,SYN-VESSEL-15,IMO9990015,SYN015,31,3,19,7,,31,A
999000015,2018-04-22T18:34:19,29.08157,-89.28762,0.0,239.4,52.0,SYN-VESSEL-15,IMO9990015,SYN015,31,3,19,7,,31,A
999000015,2018-04-22T18:43:14,29.08157,-89.28767,1.0,226.0,108.0,SYN-VESSEL-15,IMO9990015,SYN015,31,3,19,7,,31,A
999000015,2018-04-22T18:52:10,29.08138,-89.28750,0.4,135.6,49.0,SYN-VESSEL-15,IMO9990015,SYN015,31,3,19,7,,31,A
999000015,2018-04-22T18:47:50,29.08152,-89.28768,0.0,164.4,52.0,SYN-VESSEL-15,IMO9990015,SYN015,31,3,19,7,,31,A
999000015,2018-04-22T18:25:19,29.08157,-89.28762,0.2,344.2,54.0,SYN-VESSEL-15,IMO9990015,SYN015,31,3,19,7,,31,A
999000015,2018-04-22T18:26:31,29.08158,-89.28762,0.0,182.2,59.0,SYN-VESSEL-15,IMO9990015,SYN015,31,3,19,7,,31,A
999000015,2018-04-22T18:27:39,29.08157,-89.28763,0.0,359.8,55.0,SYN-VESSEL-15,IMO9990015,SYN015,31,3,19,7,,31,A
999000015,2018-04-22T18:30:39,29.08157,-89.28762,0.2,170.9,54.0,SYN-VESSEL-15,IMO9990015,SYN015,31,3,19,7,,31,A
999000015,2018-04-22T18:33:00,29.08157,-89.28762,0.0,99.7,52.0,SYN-VESSEL-15,IMO9990015,SYN015,31,3,19,7,,31,A
999000015,2018-04-22T18:23:50,29.08158,-89.28763,0.4,186.5,62.0,SYN-VESSEL-15,IMO9990015,SYN015,31,3,19,7,,31,A
999000015,2018-04-22T18:21:19,29.08173,-89.28772,0.4,309.0,65.0,SYN-VESSEL-15,IMO9990015,SYN015,31,3,19,7,,31,A
999000015,2018-04-22T18:22:23,29.08177,-89.28775,0.6,157.0,76.0,SYN-VESSEL-15,IMO9990015,SYN015,31,3,19,7,,31,A
999000015,2018-04-22T18:17:39,29.08145,-89.28747,0.2,209.7,44.0,SYN-VESSEL-15,IMO9990015,SYN015,31,3,19,7,,31,A
999000015,2018-04-22T18:16:29,29.08145,-89.28745,0.0,231.7,44.0,SYN-VESSEL-15,IMO9990015,SYN015,31,3,19,7,,31,A
999000015,2018-04-22T18:18:49,29.08152,-89.28755,0.4,287.1,44.0,SYN-VESSEL-15,IMO9990015,SYN015,31,3,19,7,,31,A
999000015,2018-04-22T23:33:29,29.08148,-89.28795,0.0,16.4,58.0,SYN-VESSEL-15,IMO9990015,SYN015,31,3,19,7,,31,A
999000015,2018-04-22T23:34:40,29.08150,-89.28797,0.0,174.7,57.0,SYN-VESSEL-15,IMO9990015,SYN015,31,3,19,7,,31,A
999000015,2018-04-22T23:28:59,29.08150,-89.28797,0.2,41.8,58.0,SYN-VESSEL-15,IMO9990015,SYN015,31,3,19,7,,31,A
999000015,2018-04-22T23:31:29,29.08150,-89.28797,0.0,221.5,58.0,SYN-VESSEL-15,IMO9990015,SYN015,31,3,19,7,,31,A
999000015,2018-04-22T23:26:41,29.08150,-89.28795,0.0,140.5,63.0,SYN-VESSEL-15,IMO9990015,SYN015,31,3,19,7,,31,A
999000015,2018-04-22T23:27:50,29.08150,-89.28797,0.0,59.2,59.0,SYN-VESSEL-15,IMO9990015,SYN015,31,3,19,7,,31,A
999000015,2018-04-22T23:20:39,29.08125,-89.28775,0.4,314.3,38.0,SYN-VESSEL-15,IMO9990015,SYN015,31,3,19,7,,31,A
999000015,2018-04-22T23:24:36,29.08150,-89.28797,0.0,126.2,59.0,SYN-VESSEL-15,IMO9990015,SYN015,31,3,19,7,,31,A
999000015,2018-04-22T23:23:24,29.08157,-89.28798,0.2,164.4,64.0,SYN-VESSEL-15,IMO9990015,SYN015,31,3,19,7,,31,A
999000015,2018-04-22T23:25:40,29.08150,-89.28797,0.0,185.6,58.0,SYN-VESSEL-15,IMO9990015,SYN015,31,3,19,7,,31,A
999000015,2018-04-22T23:54:00,29.08113,-89.28760,0.8,313.8,23.0,SYN-VESSEL-15,IMO9990015,SYN015,31,3,19,7,,31,A
999000015,2018-04-22T23:52:19,29.08108,-89.28750,0.0,114.0,25.0,SYN-VESSEL-15,IMO9990015,SYN015,31,3,19,7,,31,A
999000015,2018-04-22T23:51:07,29.08108,-89.28750,0.2,306.4,30.0,SYN-VESSEL-15,IMO9990015,SYN015,31,3,19,7,,31,A
999000015,2018-04-22T23:47:19,29.08108,-89.28740,0.4,91.3,62.0,SYN-VESSEL-15,IMO9990015,SYN015,31,3,19,7,,31,A
999000015,2018-04-22T23:48:39,29.08105,-89.28717,0.2,113.1,50.0,SYN-VESSEL-15,IMO9990015,SYN015,31,3,19,7,,31,A
999000015,2018-04-22T23:36:40,29.08148,-89.28797,0.0,253.4,58.0,SYN-VESSEL-15,IMO9990015,SYN015,31,3,19,7,,31,A
999000015,2018-04-22T23:38:40,29.08148,-89.28795,0.0,352.2,58.0,SYN-VESSEL-15,IMO9990015,SYN015,31,3,19,7,,31,A
999000015,2018-04-22T23:46:00,29.08120,-89.28763,0.6,133.1,73.0,SYN-VESSEL-15,IMO9990015,SYN015,31,3,19,7,,31,A
999000015,2018-04-22T23:44:00,29.08135,-89.28785,0.4,85.0,58.0,SYN-VESSEL-15,IMO9990015,SYN015,31,3,19,7,,31,A
999000015,2018-04-22T23:42:39,29.08148,-89.28795,0.4,139.5,63.0,SYN-VESSEL-15,IMO9990015,SYN015,31,3,19,7,,31,A
999000015,2018-04-22T23:55:10,29.08125,-89.28780,0.6,295.9,36.0,SYN-VESSEL-15,IMO9990015,SYN015,31,3,19,7,,31,A
999000015,2018-04-22T23:57:03,29.08153,-89.28798,0.2,199.5,64.0,SYN-VESSEL-15,IMO9990015,SYN015,31,3,19,7,,31,A
999000015,2018-04-22T19:53:01,29.08118,-89.28708,0.6,99.0,56.0,SYN-VESSEL-15,IMO9990015,SYN015,31,3,19,7,,31,A
999000015,2018-04-22T19:51:51,29.08122,-89.28728,0.6,125.9,65.0,SYN-VESSEL-15,IMO9990015,SYN015,31,3,19,7,,31,A
999000015,2018-04-22T19:54:54,29.08118,-89.28725,0.2,264.6,43.0,SYN-VESSEL-15,IMO9990015,SYN015,31,3,19,7,,31,A
999000015,2018-04-22T19:46:22,29.08167,-89.28787,0.4,247.8,65.0,SYN-VESSEL-15,IMO9990015,SYN015,31,3,19,7,,31,A
999000015,2018-04-22T19:49:09,29.08143,-89.28767,0.6,146.1,81.0,SYN-VESSEL-15,IMO9990015,SYN015,31,3,19,7,,31,A
999000015,2018-04-22T19:45:09,29.08160,-89.28782,0.2,322.5,56.0,SYN-VESSEL-15,IMO9990015,SYN015,31,3,19,7,,31,A
999000015,2018-04-22T19:42:00,29.08128,-89.28747,0.6,304.1,26.0,SYN-VESSEL-15,IMO9990015,SYN015,31,3,19,7,,31,A
999000015,2018-04-22T19:39:00,29.08122,-89.28705,0.4,102.7,52.0,SYN-VESSEL-15,IMO9990015,SYN015,31,3,19,7,,31,A
999000015,2018-04-22T19:40:27,29.08122,-89.28723,0.6,275.7,50.0,SYN-VESSEL-15,IMO9990015,SYN015,31,3,19,7,,31,A
999000015,2018-04-22T19:43:09,29.08138,-89.28763,0.6,309.6,35.0,SYN-VESSEL-15,IMO9990015,SYN015,31,3,19,7,,31,A
999000015,2018-04-22T19:30:39,29.08162,-89.28783,0.4,165.3,67.0,SYN-VESSEL-15,IMO9990015,SYN015,31,3,19,7,,31,A
999000015,2018-04-22T19:32:03,29.08147,-89.28770,0.4,131.5,68.0,SYN-VESSEL-15,IMO9990015,SYN015,31,3,19,7,,31,A
999000015,2018-04-22T19:33:49,29.08135,-89.28753,0.2,253.5,69.0,SYN-VESSEL-15,IMO9990015,SYN015,31,3,19,7,,31,A
999000015,2018-04-22T19:37:09,29.08128,-89.28733,0.4,118.1,70.0,SYN-VESSEL-15,IMO9990015,SYN015,31,3,19,7,,31,A
999000015,2018-04-22T19:35:59,29.08133,-89.28748,0.4,122.7,70.0,SYN-VESSEL-15,IMO9990015,SYN015,31,3,19,7,,31,A
999000015,2018-04-22T19:29:19,29.08165,-89.28785,0.4,299.3,55.0,SYN-VESSEL-15,IMO9990015,SYN015,31,3,19,7,,31,A
999000015,2018-04-22T19:26:20,29.08143,-89.28767,0.4,315.1,45.0,SYN-VESSEL-15,IMO9990015,SYN015,31,3,19,7,,31,A
999000015,2018-04-22T19:25:00,29.08135,-89.28752,0.6,275.3,48.0,SYN-VESSEL-15,IMO9990015,SYN015,31,3,19,7,,31,A
999000015,2018-04-22T19:21:32,29.08122,-89.28707,0.8,234.6,41.0,SYN-VESSEL-15,IMO9990015,SYN015,31,3,19,7,,31,A
999000015,2018-04-22T19:23:20,29.08128,-89.28735,0.6,277.3,42.0,SYN-VESSEL-15,IMO9990015,SYN015,31,3,19,7,,31,A
999000015,2018-04-22T23:59:30,29.08122,-89.28772,0.6,129.6,54.0,SYN-VESSEL-15,IMO9990015,SYN015,31,3,19,7,,31,A
999000015,2018-04-22T22:15:00,29.08152,-89.28793,0.8,342.2,55.0,SYN-VESSEL-15,IMO9990015,SYN015,31,3,19,7,,31,A
999000015,2018-04-22T22:18:29,29.08138,-89.28785,0.2,85.2,54.0,SYN-VESSEL-15,IMO9990015,SYN015,31,3,19,7,,31,A
999000015,2018-04-22T22:16:27,29.08152,-89.28793,0.4,118.5,65.0,SYN-VESSEL-15,IMO9990015,SYN015,31,3,19,7,,31,A
999000015,2018-04-22T22:13:09,29.08128,-89.28775,0.4,324.9,38.0,SYN-VESSEL-15,IMO9990015,SYN015,31,3,19,7,,31,A
999000015,2018-04-22T22:12:00,29.08118,-89.28760,0.4,301.6,32.0,SYN-VESSEL-15,IMO9990015,SYN015,31,3,19,7,,31,A
999000015,2018-04-22T22:24:21,29.08140,-89.28785,0.2,66.9,53.0,SYN-VESSEL-15,IMO9990015,SYN015,31,3,19,7,,31,A
999000015,2018-04-22T22:27:03,29.08122,-89.28762,0.6,126.3,76.0,SYN-VESSEL-15,IMO9990015,SYN015,31,3,19,7,,31,A
999000015,2018-04-22T22:20:00,29.08140,-89.28783,0.2,141.3,53.0,SYN-VESSEL-15,IMO9990015,SYN015,31,3,19,7,,31,A
999000015,2018-04-22T22:22:00,29.08140,-89.28787,0.2,44.4,52.0,SYN-VESSEL-15,IMO9990015,SYN015,31,3,19,7,,31,A
999000015,2018-04-22T22:38:09,29.08140,-89.28783,0.4,341.2,43.0,SYN-VESSEL-15,IMO9990015,SYN015,31,3,19,7,,31,A
999000015,2018-04-22T22:36:09,29.08115,-89.28760,0.2,305.3,23.0,SYN-VESSEL-15,IMO9990015,SYN015,31,3,19,7,,31,A
999000015,2018-04-22T22:39:30,29.08142,-89.28787,0.0,82.7,46.0,SYN-VESSEL-15,IMO9990015,SYN015,31,3,19,7,,31,A
999000015,2018-04-22T22:41:09,29.08143,-89.28785,0.0,109.2,45.0,SYN-VESSEL-15,IMO9990015,SYN015,31,3,19,7,,31,A
999000015,2018-04-22T22:45:19,29.08142,-89.28787,0.0,65.0,45.0,SYN-VESSEL-15,IMO9990015,SYN015,31,3,19,7,,31,A
999000015,2018-04-22T22:44:00,29.08142,-89.28785,0.0,90.5,44.0,SYN-VESSEL-15,IMO9990015,SYN015,31,3,19,7,,31,A
999000015,2018-04-22T22:29:30,29.08108,-89.28723,0.6,96.4,58.0,SYN-VESSEL-15,IMO9990015,SYN015,31,3,19,7,,31,A
999000015,2018-04-22T22:31:20,29.08110,-89.28727,0.4,309.4,68.0,SYN-VESSEL-15,IMO9990015,SYN015,31,3,19,7,,31,A
999000015,2018-04-22T22:33:07,29.08113,-89.28750,0.6,287.6,36.0,SYN-VESSEL-15,IMO9990015,SYN015,31,3,19,7,,31,A
999000015,2018-04-22T22:34:39,29.08117,-89.28760,0.2,117.0,35.0,SYN-VESSEL-15,IMO9990015,SYN015,31,3,19,7,,31,A
999000015,2018-04-22T18:00:00,29.08133,-89.28720,0.6,278.5,25.0,SYN-VESSEL-15,IMO9990015,SYN015,31,3,19,7,,31,A
999000015,2018-04-22T18:05:49,29.08177,-89.28773,0.6,166.1,77.0,SYN-VESSEL-15,IMO9990015,SYN015,31,3,19,7,,31,A
999000015,2018-04-22T18:03:31,29.08165,-89.28767,0.4,281.0,57.0,SYN-VESSEL-15,IMO9990015,SYN015,31,3,19,7,,31,A
999000015,2018-04-22T18:04:40,29.08177,-89.28773,0.2,336.2,68.0,SYN-VESSEL-15,IMO9990015,SYN015,31,3,19,7,,31,A
999000015,2018-04-22T18:01:10,29.08143,-89.28737,0.6,304.4,38.0,SYN-VESSEL-15,IMO9990015,SYN015,31,3,19,7,,31,A
999000015,2018-04-22T18:02:19,29.08152,-89.28755,0.6,334.4,45.0,SYN-VESSEL-15,IMO9990015,SYN015,31,3,19,7,,31,A
999000015,2018-04-22T18:12:11,29.08133,-89.28700,0.2,145.1,52.0,SYN-VESSEL-15,IMO9990015,SYN015,31,3,19,7,,31,A
999000015,2018-04-22T18:13:29,29.08133,-89.28717,0.6,282.0,52.0,SYN-VESSEL-15,IMO9990015,SYN015,31,3,19,7,,31,A
999000015,2018-04-22T18:11:06,29.08135,-89.28713,0.4,102.1,64.0,SYN-VESSEL-15,IMO9990015,SYN015,31,3,19,7,,31,A
999000015,2018-04-22T18:09:31,29.08140,-89.28727,0.6,130.2,67.0,SYN-VESSEL-15,IMO9990015,SYN015,31,3,19,7,,31,A
999000015,2018-04-22T18:08:24,29.08147,-89.28745,0.8,126.7,76.0,SYN-VESSEL-15,IMO9990015,SYN015,31,3,19,7,,31,A
999000015,2018-04-22T18:07:01,29.08160,-89.28762,0.4,161.6,70.0,SYN-VESSEL-15,IMO9990015,SYN015,31,3,19,7,,31,A
999000015,2018-04-22T18:14:39,29.08140,-89.28737,0.6,293.3,33.0,SYN-VESSEL-15,IMO9990015,SYN015,31,3,19,7,,31,A
999000015,2018-04-22T20:01:20,29.08150,-89.28780,0.2,19.1,51.0,SYN-VESSEL-15,IMO9990015,SYN015,31,3,19,7,,31,A
999000015,2018-04-22T20:03:40,29.08165,-89.28788,0.6,123.2,68.0,SYN-VESSEL-15,IMO9990015,SYN015,31,3,19,7,,31,A
999000015,2018-04-22T20:02:30,29.08160,-89.28785,0.4,332.4,55.0,SYN-VESSEL-15,IMO9990015,SYN015,31,3,19,7,,31,A
999000015,2018-04-22T20:00:00,29.08142,-89.28770,0.2,321.1,41.0,SYN-VESSEL-15,IMO9990015,SYN015,31,3,19,7,,31,A
999000015,2018-04-22T19:59:49,29.08140,-89.28768,0.4,306.3,40.0,SYN-VESSEL-15,IMO9990015,SYN015,31,3,19,7,,31,A
999000015,2018-04-22T20:04:49,29.08152,-89.28778,0.6,150.0,66.0,SYN-VESSEL-15,IMO9990015,SYN015,31,3,19,7,,31,A
999000015,2018-04-22T20:05:50,29.08138,-89.28767,0.6,142.0,55.0,SYN-VESSEL-15,IMO9990015,SYN015,31,3,19,7,,31,A
999000015,2018-04-22T20:09:41,29.08122,-89.28737,0.6,311.9,43.0,SYN-VESSEL-15,IMO9990015,SYN015,31,3,19,7,,31,A
999000015,2018-04-22T20:10:54,29.08128,-89.28752,0.6,276.6,48.0,SYN-VESSEL-15,IMO9990015,SYN015,31,3,19,7,,31,A
999000015,2018-04-22T20:08:20,29.08122,-89.28740,0.2,125.3,37.0,SYN-VESSEL-15,IMO9990015,SYN015,31,3,19,7,,31,A
999000015,2018-04-22T20:07:00,29.08128,-89.28752,0.4,117.5,44.0,SYN-VESSEL-15,IMO9990015,SYN015,31,3,19,7,,31,A
999000015,2018-04-22T20:15:09,29.08127,-89.28743,0.6,113.3,69.0,SYN-VESSEL-15,IMO9990015,SYN015,31,3,19,7,,31,A
999000015,2018-04-22T20:16:21,29.08123,-89.28730,0.2,124.0,66.0,SYN-VESSEL-15,IMO9990015,SYN015,31,3,19,7,,31,A
999000015,2018-04-22T20:12:09,29.08130,-89.28755,0.0,249.4,57.0,SYN-VESSEL-15,IMO9990015,SYN015,31,3,19,7,,31,A
999000015,2018-04-22T20:13:21,29.08132,-89.28757,0.0,272.6,59.0,SYN-VESSEL-15,IMO9990015,SYN015,31,3,19,7,,31,A
999000015,2018-04-22T20:21:30,29.08123,-89.28747,0.6,289.1,26.0,SYN-VESSEL-15,IMO9990015,SYN015,31,3,19,7,,31,A
999000015,2018-04-22T20:17:29,29.08120,-89.28718,0.4,116.5,57.0,SYN-VESSEL-15,IMO9990015,SYN015,31,3,19,7,,31,A
999000015,2018-04-22T20:19:30,29.08118,-89.28720,0.4,266.4,54.0,SYN-VESSEL-15,IMO9990015,SYN015,31,3,19,7,,31,A
999000015,2018-04-22T20:26:10,29.08150,-89.28780,0.2,275.4,49.0,SYN-VESSEL-15,IMO9990015,SYN015,31,3,19,7,,31,A
999000015,2018-04-22T20:24:10,29.08140,-89.28772,0.2,333.3,39.0,SYN-VESSEL-15,IMO9990015,SYN015,31,3,19,7,,31,A
999000015,2018-04-22T20:23:00,29.08135,-89.28765,0.4,326.1,35.0,SYN-VESSEL-15,IMO9990015,SYN015,31,3,19,7,,31,A
999000015,2018-04-22T20:29:10,29.08165,-89.28790,0.0,354.2,60.0,SYN-VESSEL-15,IMO9990015,SYN015,31,3,19,7,,31,A
999000015,2018-04-22T20:27:39,29.08160,-89.28787,0.4,332.1,56.0,SYN-VESSEL-15,IMO9990015,SYN015,31,3,19,7,,31,A
999000015,2018-04-22T21:22:38,29.08112,-89.28732,0.6,264.6,56.0,SYN-VESSEL-15,IMO9990015,SYN015,31,3,19,7,,31,A
999000015,2018-04-22T21:18:10,29.08125,-89.28753,0.6,128.7,90.0,SYN-VESSEL-15,IMO9990015,SYN015,31,3,19,7,,31,A
999000015,2018-04-22T21:20:30,29.08115,-89.28718,0.4,104.0,69.0,SYN-VESSEL-15,IMO9990015,SYN015,31,3,19,7,,31,A
999000015,2018-04-22T21:24:20,29.08122,-89.28758,0.6,301.4,32.0,SYN-VESSEL-15,IMO9990015,SYN015,31,3,19,7,,31,A
999000015,2018-04-22T21:25:30,29.08123,-89.28762,0.2,269.9,47.0,SYN-VESSEL-15,IMO9990015,SYN015,31,3,19,7,,31,A
999000015,2018-04-22T21:30:20,29.08155,-89.28792,0.6,320.0,53.0,SYN-VESSEL-15,IMO9990015,SYN015,31,3,19,7,,31,A
999000015,2018-04-22T21:28:20,29.08133,-89.28775,0.6,309.4,35.0,SYN-VESSEL-15,IMO9990015,SYN015,31,3,19,7,,31,A
999000015,2018-04-22T21:32:30,29.08148,-89.28788,0.4,148.5,80.0,SYN-VESSEL-15,IMO9990015,SYN015,31,3,19,7,,31,A
999000015,2018-04-22T21:33:31,29.08137,-89.28777,0.6,137.9,82.0,SYN-VESSEL-15,IMO9990015,SYN015,31,3,19,7,,31,A
999000015,2018-04-22T21:36:39,29.08115,-89.28738,0.4,104.9,65.0,SYN-VESSEL-15,IMO9990015,SYN015,31,3,19,7,,31,A
999000015,2018-04-22T21:31:23,29.08160,-89.28797,0.2,131.3,70.0,SYN-VESSEL-15,IMO9990015,SYN015,31,3,19,7,,31,A
999000015,2018-04-22T21:15:24,29.08150,-89.28787,0.6,129.0,77.0,SYN-VESSEL-15,IMO9990015,SYN015,31,3,19,7,,31,A
999000015,2018-04-22T21:14:00,29.08163,-89.28793,0.2,323.4,59.0,SYN-VESSEL-15,IMO9990015,SYN015,31,3,19,7,,31,A
999000015,2018-04-22T21:12:09,29.08147,-89.28783,0.4,341.9,43.0,SYN-VESSEL-15,IMO9990015,SYN015,31,3,19,7,,31,A
999000015,2018-04-22T21:17:00,29.08133,-89.28768,0.4,131.3,87.0,SYN-VESSEL-15,IMO9990015,SYN015,31,3,19,7,,31,A
999000015,2018-04-22T21:04:31,29.08113,-89.28707,0.2,53.9,52.0,SYN-VESSEL-15,IMO9990015,SYN015,31,3,19,7,,31,A
999000015,2018-04-22T21:05:40,29.08112,-89.28717,0.8,267.1,46.0,SYN-VESSEL-15,IMO9990015,SYN015,31,3,19,7,,31,A
999000015,2018-04-22T21:06:46,29.08113,-89.28732,0.4,255.7,27.0,SYN-VESSEL-15,IMO9990015,SYN015,31,3,19,7,,31,A
999000015,2018-04-22T21:11:00,29.08137,-89.28775,0.4,305.1,36.0,SYN-VESSEL-15,IMO9990015,SYN015,31,3,19,7,,31,A
999000015,2018-04-22T21:09:09,29.08125,-89.28758,0.6,307.3,25.0,SYN-VESSEL-15,IMO9990015,SYN015,31,3,19,7,,31,A
999000015,2018-04-22T21:08:00,29.08118,-89.28745,0.4,299.1,18.0,SYN-VESSEL-15,IMO9990015,SYN015,31,3,19,7,,31,A
999000015,2018-04-22T21:38:09,29.08112,-89.28718,0.6,99.6,55.0,SYN-VESSEL-15,IMO9990015,SYN015,31,3,19,7,,31,A
999000015,2018-04-22T21:46:40,29.08148,-89.28790,0.4,323.0,46.0,SYN-VESSEL-15,IMO9990015,SYN015,31,3,19,7,,31,A
999000015,2018-04-22T21:42:39,29.08123,-89.28765,0.6,317.2,24.0,SYN-VESSEL-15,IMO9990015,SYN015,31,3,19,7,,31,A
999000015,2018-04-22T21:40:30,29.08112,-89.28735,0.4,258.1,53.0,SYN-VESSEL-15,IMO9990015,SYN015,31,3,19,7,,31,A
999000015,2018-04-22T21:39:17,29.08110,-89.28725,0.4,289.7,59.0,SYN-VESSEL-15,IMO9990015,SYN015,31,3,19,7,,31,A
999000015,2018-04-22T21:47:49,29.08158,-89.28798,0.0,144.0,60.0,SYN-VESSEL-15,IMO9990015,SYN015,31,3,19,7,,31,A
999000015,2018-04-22T21:52:49,29.08158,-89.28795,0.4,346.7,58.0,SYN-VESSEL-15,IMO9990015,SYN015,31,3,19,7,,31,A
999000015,2018-04-22T21:54:09,29.08158,-89.28795,0.2,71.1,59.0,SYN-VESSEL-15,IMO9990015,SYN015,31,3,19,7,,31,A
999000015,2018-04-22T21:58:49,29.08158,-89.28795,0.0,63.9,59.0,SYN-VESSEL-15,IMO9990015,SYN015,31,3,19,7,,31,A
999000015,2018-04-22T21:57:40,29.08157,-89.28793,0.0,138.0,58.0,SYN-VESSEL-15,IMO9990015,SYN015,31,3,19,7,,31,A
999000015,2018-04-22T21:59:50,29.08158,-89.28795,0.0,87.9,59.0,SYN-VESSEL-15,IMO9990015,SYN015,31,3,19,7,,31,A
999000015,2018-04-22T21:56:30,29.08157,-89.28793,0.0,165.9,59.0,SYN-VESSEL-15,IMO9990015,SYN015,31,3,19,7,,31,A
999000015,2018-04-22T21:55:21,29.08157,-89.28793,0.2,49.6,58.0,SYN-VESSEL-15,IMO9990015,SYN015,31,3,19,7,,31,A
999000015,2018-04-22T22:01:21,29.08148,-89.28788,0.4,149.4,58.0,SYN-VESSEL-15,IMO9990015,SYN015,31,3,19,7,,31,A
999000015,2018-04-22T22:02:40,29.08135,-89.28778,0.4,151.2,63.0,SYN-VESSEL-15,IMO9990015,SYN015,31,3,19,7,,31,A
999000015,2018-04-22T22:00:01,29.08158,-89.28795,0.0,55.1,59.0,SYN-VESSEL-15,IMO9990015,SYN015,31,3,19,7,,31,A
999000015,2018-04-22T22:03:41,29.08127,-89.28768,0.4,119.2,62.0,SYN-VESSEL-15,IMO9990015,SYN015,31,3,19,7,,31,A
999000015,2018-04-22T22:07:10,29.08110,-89.28720,0.6,120.7,67.0,SYN-VESSEL-15,IMO9990015,SYN015,31,3,19,7,,31,A
999000015,2018-04-22T22:08:49,29.08110,-89.28722,0.4,310.5,64.0,SYN-VESSEL-15,IMO9990015,SYN015,31,3,19,7,,31,A
999000015,2018-04-22T22:06:01,29.08113,-89.28740,0.4,107.4,65.0,SYN-VESSEL-15,IMO9990015,SYN015,31,3,19,7,,31,A
999000015,2018-04-22T22:04:50,29.08120,-89.28755,0.6,138.8,72.0,SYN-VESSEL-15,IMO9990015,SYN015,31,3,19,7,,31,A
999000015,2018-04-22T22:10:14,29.08112,-89.28738,0.4,300.5,51.0,SYN-VESSEL-15,IMO9990015,SYN015,31,3,19,7,,31,A
999000044,2018-04-22T22:07:50,29.06932,-89.29761,4.2,48.0,511.0,SYN-VESSEL-44,IMO9990044,SYN044,31,5,17,9,,0,A
999000044,2018-04-22T22:06:20,29.06818,-89.29912,4.2,53.2,511.0,SYN-VESSEL-44,IMO9990044,SYN044,31,5,17,9,,0,A
999000044,2018-04-22T22:09:00,29.07025,-89.29643,4.3,44.6,511.0,SYN-VESSEL-44,IMO9990044,SYN044,31,5,17,9,,0,A
999000044,2018-04-22T22:10:20,29.07143,-89.29516,4.4,43.1,511.0,SYN-VESSEL-44,IMO9990044,SYN044,31,5,17,9,,0,A
999000044,2018-04-22T23:15:09,29.14251,-89.25828,5.1,6.9,511.0,SYN-VESSEL-44,IMO9990044,SYN044,31,5,17,9,,0,A
999000044,2018-04-22T23:17:20,29.14570,-89.25827,5.2,354.7,511.0,SYN-VESSEL-44,IMO9990044,SYN044,31,5,17,9,,0,A
999000044,2018-04-22T23:03:29,29.12723,-89.26349,4.7,15.4,511.0,SYN-VESSEL-44,IMO9990044,SYN044,31,5,17,9,,0,A
999000044,2018-04-22T23:01:09,29.12436,-89.26455,4.6,15.8,511.0,SYN-VESSEL-44,IMO9990044,SYN044,31,5,17,9,,0,A
999000044,2018-04-22T23:02:18,29.12581,-89.26406,4.6,18.1,511.0,SYN-VESSEL-44,IMO9990044,SYN044,31,5,17,9,,0,A
999000044,2018-04-22T23:07:00,29.13164,-89.26182,4.7,20.4,511.0,SYN-VESSEL-44,IMO9990044,SYN044,31,5,17,9,,0,A
999000044,2018-04-22T23:05:49,29.13016,-89.26240,4.8,19.9,511.0,SYN-VESSEL-44,IMO9990044,SYN044,31,5,17,9,,0,A
999000044,2018-04-22T23:04:40,29.12873,-89.26297,4.8,19.0,511.0,SYN-VESSEL-44,IMO9990044,SYN044,31,5,17,9,,0,A
999000044,2018-04-22T23:10:29,29.13605,-89.26012,5.1,19.7,511.0,SYN-VESSEL-44,IMO9990044,SYN044,31,5,17,9,,0,A
999000044,2018-04-22T23:12:29,29.13878,-89.25914,5.1,16.4,511.0,SYN-VESSEL-44,IMO9990044,SYN044,31,5,17,9,,0,A
999000044,2018-04-22T23:14:00,29.14090,-89.25855,5.2,11.2,511.0,SYN-VESSEL-44,IMO9990044,SYN044,31,5,17,9,,0,A
999000044,2018-04-22T23:09:19,29.13452,-89.26071,4.9,15.8,511.0,SYN-VESSEL-44,IMO9990044,SYN044,31,5,17,9,,0,A
999000044,2018-04-22T23:08:09,29.13306,-89.26132,4.7,18.9,511.0,SYN-VESSEL-44,IMO9990044,SYN044,31,5,17,9,,0,A
999000044,2018-04-22T22:56:39,29.11887,-89.26548,4.2,12.0,511.0,SYN-VESSEL-44,IMO9990044,SYN044,31,5,17,9,,0,A
999000044,2018-04-22T22:58:40,29.12126,-89.26507,4.4,1.0,511.0,SYN-VESSEL-44,IMO9990044,SYN044,31,5,17,9,,0,A
999000044,2018-04-22T23:00:00,29.12293,-89.26492,4.5,9.9,511.0,SYN-VESSEL-44,IMO9990044,SYN044,31,5,17,9,,0,A
999000044,2018-04-22T22:59:50,29.12272,-89.26498,4.5,8.3,511.0,SYN-VESSEL-44,IMO9990044,SYN044,31,5,17,9,,0,A
999000044,2018-04-22T22:50:59,29.11297,-89.26694,3.7,9.9,511.0,SYN-VESSEL-44,IMO9990044,SYN044,31,5,17,9,,0,A
999000044,2018-04-22T22:48:09,29.11029,-89.26816,3.8,26.3,511.0,SYN-VESSEL-44,IMO9990044,SYN044,31,5,17,9,,0,A
999000044,2018-04-22T22:47:00,29.10914,-89.26875,4.1,21.8,511.0,SYN-VESSEL-44,IMO9990044,SYN044,31,5,17,9,,0,A
999000044,2018-04-22T22:52:09,29.11415,-89.26664,3.7,20.1,511.0,SYN-VESSEL-44,IMO9990044,SYN044,31,5,17,9,,0,A
999000044,2018-04-22T22:53:39,29.11561,-89.26605,3.7,13.5,511.0,SYN-VESSEL-44,IMO9990044,SYN044,31,5,17,9,,0,A
999000051,2018-04-22T21:03:23,28.96706,-89.08582,8.0,50.4,52.0,SYN-VESSEL-51,,SYN051,90,0,,,,90,A
999000051,2018-04-22T21:04:32,28.96869,-89.08343,8.4,53.2,51.0,SYN-VESSEL-51,,SYN051,90,0,,,,90,A
999000051,2018-04-22T21:02:22,28.96560,-89.08784,8.3,53.6,52.0,SYN-VESSEL-51,,SYN051,90,0,,,,90,A
999000051,2018-04-22T21:01:11,28.96391,-89.09029,8.3,51.4,50.0,SYN-VESSEL-51,,SYN051,90,0,,,,90,A
999000051,2018-04-22T21:00:01,28.96220,-89.09274,8.3,50.9,50.0,SYN-VESSEL-51,,SYN051,90,0,,,,90,A
999000051,2018-04-22T20:58:42,28.96033,-89.09544,8.2,52.0,52.0,SYN-VESSEL-51,,SYN051,90,0,,,,90,A
999000051,2018-04-22T20:57:02,28.95795,-89.09873,8.0,50.2,53.0,SYN-VESSEL-51,,SYN051,90,0,,,,90,A
999000051,2018-04-22T20:55:42,28.95603,-89.10132,7.9,51.0,51.0,SYN-VESSEL-51,,SYN051,90,0,,,,90,A
999000051,2018-04-22T20:51:52,28.95103,-89.10909,7.9,54.2,56.0,SYN-VESSEL-51,,SYN051,90,0,,,,90,A
999000051,2018-04-22T20:50:22,28.94922,-89.11213,7.9,54.0,55.0,SYN-VESSEL-51,,SYN051,90,0,,,,90,A
999000051,2018-04-22T20:49:21,28.94792,-89.11420,7.7,54.7,56.0,SYN-VESSEL-51,,SYN051,90,0,,,,90,A
999000051,2018-04-22T20:33:31,28.93046,-89.14703,7.4,69.4,68.0,SYN-VESSEL-51,,SYN051,90,0,,,,90,A
999000051,2018-04-22T20:30:41,28.92832,-89.15336,7.6,68.6,67.0,SYN-VESSEL-51,,SYN051,90,0,,,,90,A
999000051,2018-04-22T20:34:52,28.93150,-89.14402,7.6,68.0,67.0,SYN-VESSEL-51,,SYN051,90,0,,,,90,A
999000051,2018-04-22T20:37:32,28.93385,-89.13816,7.5,57.1,53.0,SYN-VESSEL-51,,SYN051,90,0,,,,90,A
999000051,2018-04-22T20:44:52,28.94259,-89.12329,7.7,56.9,54.0,SYN-VESSEL-51,,SYN051,90,0,,,,90,A
999000051,2018-04-22T20:43:01,28.94043,-89.12711,7.7,57.6,56.0,SYN-VESSEL-51,,SYN051,90,0,,,,90,A
999000051,2018-04-22T20:46:01,28.94393,-89.12092,7.7,56.6,56.0,SYN-VESSEL-51,,SYN051,90,0,,,,90,A
999000051,2018-04-22T20:41:32,28.93866,-89.13013,7.7,56.0,55.0,SYN-VESSEL-51,,SYN051,90,0,,,,90,A
999000051,2018-04-22T20:39:32,28.93628,-89.13415,7.7,57.4,56.0,SYN-VESSEL-51,,SYN051,90,0,,,,90,A
999000051,2018-04-22T20:27:02,28.92553,-89.16161,7.7,70.4,68.0,SYN-VESSEL-51,,SYN051,90,0,,,,90,A
999000051,2018-04-22T20:29:32,28.92741,-89.15596,7.7,69.2,68.0,SYN-VESSEL-51,,SYN051,90,0,,,,90,A
999000051,2018-04-22T20:02:21,28.90805,-89.21894,7.7,72.6,69.0,SYN-VESSEL-51,,SYN051,90,0,,,,90,A
999000051,2018-04-22T20:00:01,28.90652,-89.22447,7.8,70.6,69.0,SYN-VESSEL-51,,SYN051,90,0,,,,90,A
999000051,2018-04-22T20:01:12,28.90729,-89.22166,7.9,72.1,67.0,SYN-VESSEL-51,,SYN051,90,0,,,,90,A
999000051,2018-04-22T20:05:52,28.91062,-89.21078,7.8,69.6,68.0,SYN-VESSEL-51,,SYN051,90,0,,,,90,A
999000051,2018-04-22T20:03:32,28.90887,-89.21612,7.8,70.3,67.0,SYN-VESSEL-51,,SYN051,90,0,,,,90,A
999000051,2018-04-22T20:04:51,28.90986,-89.21315,7.8,71.3,69.0,SYN-VESSEL-51,,SYN051,90,0,,,,90,A
999000051,2018-04-22T20:08:52,28.91283,-89.20377,7.8,71.5,68.0,SYN-VESSEL-51,,SYN051,90,0,,,,90,A
999000051,2018-04-22T20:07:12,28.91163,-89.20764,7.8,70.5,67.0,SYN-VESSEL-51,,SYN051,90,0,,,,90,A
999000051,2018-04-22T20:10:01,28.91362,-89.20108,7.7,70.4,66.0,SYN-VESSEL-51,,SYN051,90,0,,,,90,A
999000051,2018-04-22T20:13:22,28.91590,-89.19333,7.7,72.0,67.0,SYN-VESSEL-51,,SYN051,90,0,,,,90,A
999000051,2018-04-22T20:17:02,28.91838,-89.18473,7.8,71.2,67.0,SYN-VESSEL-51,,SYN051,90,0,,,,90,A
999000051,2018-04-22T20:15:32,28.91736,-89.18821,7.8,71.5,66.0,SYN-VESSEL-51,,SYN051,90,0,,,,90,A
999000051,2018-04-22T20:11:11,28.91440,-89.19839,7.7,71.0,66.0,SYN-VESSEL-51,,SYN051,90,0,,,,90,A
999000051,2018-04-22T20:12:21,28.91521,-89.19566,7.8,73.8,70.0,SYN-VESSEL-51,,SYN051,90,0,,,,90,A
999000051,2018-04-22T20:20:02,28.92040,-89.17768,7.9,72.4,67.0,SYN-VESSEL-51,,SYN051,90,0,,,,90,A
999000051,2018-04-22T20:21:22,28.92136,-89.17450,7.8,71.3,67.0,SYN-VESSEL-51,,SYN051,90,0,,,,90,A
999000051,2018-04-22T20:18:32,28.91940,-89.18115,7.7,71.2,69.0,SYN-VESSEL-51,,SYN051,90,0,,,,90,A
999000051,2018-04-22T20:22:32,28.92218,-89.17184,7.7,71.0,68.0,SYN-VESSEL-51,,SYN051,90,0,,,,90,A
999000051,2018-04-22T20:25:02,28.92404,-89.16612,7.6,69.3,68.0,SYN-VESSEL-51,,SYN051,90,0,,,,90,A
999000051,2018-04-22T22:15:22,29.09202,-88.93773,9.7,45.3,41.0,SYN-VESSEL-51,,SYN051,90,0,,,,90,A
999000051,2018-04-22T22:16:42,29.09448,-88.93474,9.7,46.7,40.0,SYN-VESSEL-51,,SYN051,90,0,,,,90,A
999000051,2018-04-22T22:18:42,29.09825,-88.93031,9.8,46.7,42.0,SYN-VESSEL-51,,SYN051,90,0,,,,90,A
999000051,2018-04-22T22:12:22,29.08637,-88.94443,9.7,45.5,43.0,SYN-VESSEL-51,,SYN051,90,0,,,,90,A
999000051,2018-04-22T22:14:11,29.08979,-88.94038,9.8,48.2,44.0,SYN-VESSEL-51,,SYN051,90,0,,,,90,A
999000051,2018-04-22T22:21:42,29.10389,-88.92366,9.8,47.2,42.0,SYN-VESSEL-51,,SYN051,90,0,,,,90,A
999000051,2018-04-22T22:20:31,29.10167,-88.92627,9.8,44.6,39.0,SYN-VESSEL-51,,SYN051,90,0,,,,90,A
999000051,2018-04-22T22:23:51,29.10799,-88.91903,9.7,43.8,39.0,SYN-VESSEL-51,,SYN051,90,0,,,,90,A
999000051,2018-04-22T22:41:42,29.14229,-88.88022,9.7,44.5,38.0,SYN-VESSEL-51,,SYN051,90,0,,,,90,A
999000051,2018-04-22T22:38:52,29.13681,-88.88638,9.7,43.5,40.0,SYN-VESSEL-51,,SYN051,90,0,,,,90,A
999000051,2018-04-22T22:37:02,29.13328,-88.89041,9.9,45.9,38.0,SYN-VESSEL-51,,SYN051,90,0,,,,90,A
999000051,2018-04-22T22:26:42,29.11350,-88.91292,9.8,46.4,41.0,SYN-VESSEL-51,,SYN051,90,0,,,,90,A
999000051,2018-04-22T22:28:01,29.11604,-88.91008,9.8,44.3,38.0,SYN-VESSEL-51,,SYN051,90,0,,,,90,A
999000051,2018-04-22T22:29:32,29.11901,-88.90675,9.8,45.3,40.0,SYN-VESSEL-51,,SYN051,90,0,,,,90,A
999000051,2018-04-22T22:32:12,29.12414,-88.90102,9.7,44.3,38.0,SYN-VESSEL-51,,SYN051,90,0,,,,90,A
999000051,2018-04-22T22:33:22,29.12630,-88.89852,9.7,46.1,38.0,SYN-VESSEL-51,,SYN051,90,0,,,,90,A
999000051,2018-04-22T22:34:51,29.12911,-88.89523,9.7,46.1,38.0,SYN-VESSEL-51,,SYN051,90,0,,,,90,A
999000051,2018-04-22T22:42:52,29.14455,-88.87776,9.7,43.8,40.0,SYN-VESSEL-51,,SYN051,90,0,,,,90,A
999000051,2018-04-22T22:44:01,29.14678,-88.87537,9.4,42.9,38.0,SYN-VESSEL-51,,SYN051,90,0,,,,90,A
999000051,2018-04-22T21:19:02,28.99119,-89.05468,8.4,45.1,46.0,SYN-VESSEL-51,,SYN051,90,0,,,,90,A
999000051,2018-04-22T21:20:22,28.99343,-89.05220,8.6,44.3,46.0,SYN-VESSEL-51,,SYN051,90,0,,,,90,A
999000051,2018-04-22T21:22:41,28.99732,-89.04774,8.6,45.9,45.0,SYN-VESSEL-51,,SYN051,90,0,,,,90,A
999000051,2018-04-22T21:24:22,29.00018,-89.04454,8.6,44.2,45.0,SYN-VESSEL-51,,SYN051,90,0,,,,90,A
999000051,2018-04-22T21:26:02,29.00301,-89.04130,8.5,44.0,44.0,SYN-VESSEL-51,,SYN051,90,0,,,,90,A
999000051,2018-04-22T21:32:01,29.01323,-89.02979,8.8,44.9,44.0,SYN-VESSEL-51,,SYN051,90,0,,,,90,A
999000051,2018-04-22T21:30:52,29.01128,-89.03199,8.7,45.9,45.0,SYN-VESSEL-51,,SYN051,90,0,,,,90,A
999000051,2018-04-22T21:29:51,29.00955,-89.03400,8.7,44.8,45.0,SYN-VESSEL-51,,SYN051,90,0,,,,90,A
999000051,2018-04-22T21:27:12,29.00498,-89.03911,8.6,45.1,46.0,SYN-VESSEL-51,,SYN051,90,0,,,,90,A
999000051,2018-04-22T21:28:41,29.00753,-89.03625,8.7,45.0,46.0,SYN-VESSEL-51,,SYN051,90,0,,,,90,A
999000051,2018-04-22T21:13:31,28.98194,-89.06495,8.4,42.7,45.0,SYN-VESSEL-51,,SYN051,90,0,,,,90,A
999000051,2018-04-22T21:11:51,28.97925,-89.06819,8.5,51.6,50.0,SYN-VESSEL-51,,SYN051,90,0,,,,90,A
999000051,2018-04-22T21:15:42,28.98556,-89.06086,8.5,44.2,44.0,SYN-VESSEL-51,,SYN051,90,0,,,,90,A
999000051,2018-04-22T21:17:02,28.98784,-89.05839,8.3,44.4,45.0,SYN-VESSEL-51,,SYN051,90,0,,,,90,A
999000051,2018-04-22T21:05:42,28.97042,-89.08099,8.3,50.4,50.0,SYN-VESSEL-51,,SYN051,90,0,,,,90,A
999000051,2018-04-22T21:06:51,28.97204,-89.07862,8.4,52.1,50.0,SYN-VESSEL-51,,SYN051,90,0,,,,90,A
999000051,2018-04-22T21:09:51,28.97639,-89.07233,8.4,52.2,52.0,SYN-VESSEL-51,,SYN051,90,0,,,,90,A
999000051,2018-04-22T21:08:03,28.97378,-89.07610,8.5,52.7,52.0,SYN-VESSEL-51,,SYN051,90,0,,,,90,A
999000051,2018-04-22T21:33:23,29.01561,-89.02707,8.9,43.4,44.0,SYN-VESSEL-51,,SYN051,90,0,,,,90,A
999000051,2018-04-22T21:34:32,29.01764,-89.02477,9.0,45.9,47.0,SYN-VESSEL-51,,SYN051,90,0,,,,90,A
999000051,2018-04-22T22:08:42,29.07946,-88.95247,9.8,45.8,42.0,SYN-VESSEL-51,,SYN051,90,0,,,,90,A
999000051,2018-04-22T22:09:52,29.08167,-88.94988,9.6,45.1,41.0,SYN-VESSEL-51,,SYN051,90,0,,,,90,A
999000051,2018-04-22T22:11:11,29.08412,-88.94699,9.6,47.0,42.0,SYN-VESSEL-51,,SYN051,90,0,,,,90,A
999000051,2018-04-22T22:01:12,29.06524,-88.96843,9.4,44.7,41.0,SYN-VESSEL-51,,SYN051,90,0,,,,90,A
999000051,2018-04-22T22:00:02,29.06301,-88.97089,9.6,44.7,42.0,SYN-VESSEL-51,,SYN051,90,0,,,,90,A
999000051,2018-04-22T21:59:52,29.06273,-88.97122,9.7,45.1,41.0,SYN-VESSEL-51,,SYN051,90,0,,,,90,A
999000051,2018-04-22T22:02:22,29.06749,-88.96597,9.5,44.3,40.0,SYN-VESSEL-51,,SYN051,90,0,,,,90,A
999000051,2018-04-22T22:03:31,29.06966,-88.96358,9.5,44.9,41.0,SYN-VESSEL-51,,SYN051,90,0,,,,90,A
999000051,2018-04-22T22:05:52,29.07406,-88.95864,9.6,44.0,39.0,SYN-VESSEL-51,,SYN051,90,0,,,,90,A
999000051,2018-04-22T22:04:42,29.07185,-88.96112,9.4,45.4,41.0,SYN-VESSEL-51,,SYN051,90,0,,,,90,A
999000051,2018-04-22T22:07:31,29.07719,-88.95507,9.7,44.3,39.0,SYN-VESSEL-51,,SYN051,90,0,,,,90,A
999000051,2018-04-22T21:48:51,29.04295,-88.99502,9.4,47.9,46.0,SYN-VESSEL-51,,SYN051,90,0,,,,90,A
999000051,2018-04-22T21:50:02,29.04501,-88.99241,9.2,47.7,46.0,SYN-VESSEL-51,,SYN051,90,0,,,,90,A
999000051,2018-04-22T21:51:12,29.04700,-88.98981,9.2,50.0,46.0,SYN-VESSEL-51,,SYN051,90,0,,,,90,A
999000051,2018-04-22T21:57:52,29.05890,-88.97543,9.5,44.6,41.0,SYN-VESSEL-51,,SYN051,90,0,,,,90,A
999000051,2018-04-22T21:55:52,29.05509,-88.97953,9.4,47.5,43.0,SYN-VESSEL-51,,SYN051,90,0,,,,90,A
999000051,2018-04-22T21:53:52,29.05160,-88.98392,9.4,47.4,44.0,SYN-VESSEL-51,,SYN051,90,0,,,,90,A
999000051,2018-04-22T21:40:12,29.02783,-89.01336,9.1,44.7,45.0,SYN-VESSEL-51,,SYN051,90,0,,,,90,A
999000051,2018-04-22T21:35:41,29.01972,-89.02243,9.0,44.7,46.0,SYN-VESSEL-51,,SYN051,90,0,,,,90,A
999000051,2018-04-22T21:39:01,29.02567,-89.01581,9.2,44.7,45.0,SYN-VESSEL-51,,SYN051,90,0,,,,90,A
999000051,2018-04-22T21:43:01,29.03284,-89.00748,9.3,44.8,44.0,SYN-VESSEL-51,,SYN051,90,0,,,,90,A
999000051,2018-04-22T21:44:02,29.03460,-89.00535,9.0,47.2,46.0,SYN-VESSEL-51,,SYN051,90,0,,,,90,A
999000051,2018-04-22T21:41:21,29.02987,-89.01099,9.2,46.0,46.0,SYN-VESSEL-51,,SYN051,90,0,,,,90,A
999000051,2018-04-22T21:46:02,29.03805,-89.00111,9.1,47.1,45.0,SYN-VESSEL-51,,SYN051,90,0,,,,90,A
999000051,2018-04-22T19:31:32,28.88408,-89.28953,7.7,65.9,65.0,SYN-VESSEL-51,,SYN051,90,0,,,,90,A
999000051,2018-04-22T19:34:41,28.88685,-89.28248,7.7,64.8,66.0,SYN-VESSEL-51,,SYN051,90,0,,,,90,A
999000051,2018-04-22T19:37:22,28.88921,-89.27653,7.6,65.4,66.0,SYN-VESSEL-51,,SYN051,90,0,,,,90,A
999000051,2018-04-22T19:27:12,28.88065,-89.29905,7.6,68.6,64.0,SYN-VESSEL-51,,SYN051,90,0,,,,90,A
999000051,2018-04-22T19:30:21,28.88310,-89.29215,7.5,67.9,66.0,SYN-VESSEL-51,,SYN051,90,0,,,,90,A
999000051,2018-04-22T19:52:01,28.90113,-89.24326,7.9,71.9,70.0,SYN-VESSEL-51,,SYN051,90,0,,,,90,A
999000051,2018-04-22T19:54:32,28.90285,-89.23727,7.7,73.8,70.0,SYN-VESSEL-51,,SYN051,90,0,,,,90,A
999000051,2018-04-22T19:53:22,28.90208,-89.24005,7.9,70.1,66.0,SYN-VESSEL-51,,SYN051,90,0,,,,90,A
999000051,2018-04-22T19:41:51,28.89327,-89.26656,7.8,66.0,66.0,SYN-VESSEL-51,,SYN051,90,0,,,,90,A
999000051,2018-04-22T19:40:22,28.89195,-89.26984,7.7,66.1,65.0,SYN-VESSEL-51,,SYN051,90,0,,,,90,A
999000051,2018-04-22T19:38:32,28.89028,-89.27393,7.8,64.5,64.0,SYN-VESSEL-51,,SYN051,90,0,,,,90,A
999000051,2018-04-22T19:46:52,28.89744,-89.25522,7.8,68.8,69.0,SYN-VESSEL-51,,SYN051,90,0,,,,90,A
999000051,2018-04-22T19:43:31,28.89477,-89.26278,7.6,67.8,70.0,SYN-VESSEL-51,,SYN051,90,0,,,,90,A
999000051,2018-04-22T19:45:31,28.89637,-89.25825,7.9,67.8,66.0,SYN-VESSEL-51,,SYN051,90,0,,,,90,A
999000051,2018-04-22T19:59:21,28.90603,-89.22602,7.9,71.7,68.0,SYN-VESSEL-51,,SYN051,90,0,,,,90,A
999000051,2018-04-22T23:10:31,29.19595,-88.82214,9.1,44.3,38.0,SYN-VESSEL-51,,SYN051,90,0,,,,90,A
999000051,2018-04-22T23:09:21,29.19391,-88.82454,9.0,45.7,39.0,SYN-VESSEL-51,,SYN051,90,0,,,,90,A
999000051,2018-04-22T23:11:41,29.19802,-88.81977,9.1,45.1,38.0,SYN-VESSEL-51,,SYN051,90,0,,,,90,A
999000051,2018-04-22T23:05:02,29.18618,-88.83314,9.2,43.6,38.0,SYN-VESSEL-51,,SYN051,90,0,,,,90,A
999000051,2018-04-22T23:06:41,29.18918,-88.82987,9.0,43.3,37.0,SYN-VESSEL-51,,SYN051,90,0,,,,90,A
999000051,2018-04-22T23:07:52,29.19126,-88.82753,9.1,45.7,40.0,SYN-VESSEL-51,,SYN051,90,0,,,,90,A
999000051,2018-04-22T23:02:32,29.18150,-88.83822,9.3,43.2,38.0,SYN-VESSEL-51,,SYN051,90,0,,,,90,A
999000051,2018-04-22T23:03:52,29.18400,-88.83555,9.1,43.5,40.0,SYN-VESSEL-51,,SYN051,90,0,,,,90,A
999000051,2018-04-22T22:56:31,29.17011,-88.85029,9.3,42.6,38.0,SYN-VESSEL-51,,SYN051,90,0,,,,90,A
999000051,2018-04-22T22:55:21,29.16791,-88.85265,9.1,42.3,38.0,SYN-VESSEL-51,,SYN051,90,0,,,,90,A
999000051,2018-04-22T22:53:42,29.16481,-88.85598,9.1,41.8,39.0,SYN-VESSEL-51,,SYN051,90,0,,,,90,A
999000051,2018-04-22T22:52:11,29.16200,-88.85901,9.4,43.6,38.0,SYN-VESSEL-51,,SYN051,90,0,,,,90,A
999000051,2018-04-22T22:45:12,29.14904,-88.87295,9.3,44.2,39.0,SYN-VESSEL-51,,SYN051,90,0,,,,90,A
999000051,2018-04-22T22:47:22,29.15311,-88.86867,9.2,43.9,39.0,SYN-VESSEL-51,,SYN051,90,0,,,,90,A
999000051,2018-04-22T22:46:13,29.15093,-88.87098,9.1,43.1,39.0,SYN-VESSEL-51,,SYN051,90,0,,,,90,A
999000051,2018-04-22T22:58:42,29.17421,-88.84588,9.3,42.6,38.0,SYN-VESSEL-51,,SYN051,90,0,,,,90,A
999000051,2018-04-22T23:01:11,29.17896,-88.84093,9.4,43.9,40.0,SYN-VESSEL-51,,SYN051,90,0,,,,90,A
999000051,2018-04-22T23:00:02,29.17676,-88.84324,9.2,42.9,39.0,SYN-VESSEL-51,,SYN051,90,0,,,,90,A
999000051,2018-04-22T22:59:52,29.17645,-88.84357,9.2,43.1,39.0,SYN-VESSEL-51,,SYN051,90,0,,,,90,A
999000062,2018-04-22T18:24:22,29.18960,-89.26608,9.9,332.0,332.0,SYN-VESSEL-62,IMO9990062,SYN062,80,0,144,24,9.5,,A
999000062,2018-04-22T18:23:11,29.18677,-89.26437,9.7,336.0,332.0,SYN-VESSEL-62,IMO9990062,SYN062,80,0,144,24,9.5,,A
999000062,2018-04-22T18:27:10,29.19665,-89.27043,10.3,329.0,328.0,SYN-VESSEL-62,IMO9990062,SYN062,80,0,144,24,9.5,,A
999000062,2018-04-22T18:16:02,29.16902,-89.25682,9.6,341.0,339.0,SYN-VESSEL-62,IMO9990062,SYN062,80,0,144,24,9.5,,A
999000062,2018-04-22T18:17:50,29.17345,-89.25870,9.4,339.0,340.0,SYN-VESSEL-62,IMO9990062,SYN062,80,0,144,24,9.5,,A
999000062,2018-04-22T18:20:50,29.18090,-89.26170,9.5,339.0,340.0,SYN-VESSEL-62,IMO9990062,SYN062,80,0,144,24,9.5,,A
999000062,2018-04-22T18:22:02,29.18395,-89.26293,9.6,340.0,338.0,SYN-VESSEL-62,IMO9990062,SYN062,80,0,144,24,9.5,,A
999000062,2018-04-22T18:19:02,29.17642,-89.25990,9.4,339.0,340.0,SYN-VESSEL-62,IMO9990062,SYN062,80,0,144,24,9.5,,A
999000062,2018-04-22T18:10:32,29.15283,-89.25542,11.7,2.0,2.0,SYN-VESSEL-62,IMO9990062,SYN062,80,0,144,24,9.5,,A
999000062,2018-04-22T18:12:41,29.15973,-89.25482,11.2,4.0,357.0,SYN-VESSEL-62,IMO9990062,SYN062,80,0,144,24,9.5,,A
999000062,2018-04-22T18:09:21,29.14898,-89.25563,11.5,4.0,2.0,SYN-VESSEL-62,IMO9990062,SYN062,80,0,144,24,9.5,,A
999000062,2018-04-22T18:05:51,29.13805,-89.25707,10.6,8.0,10.0,SYN-VESSEL-62,IMO9990062,SYN062,80,0,144,24,9.5,,A
999000062,2018-04-22T18:07:02,29.14162,-89.25642,11.1,9.0,10.0,SYN-VESSEL-62,IMO9990062,SYN062,80,0,144,24,9.5,,A
999000062,2018-04-22T18:08:12,29.14522,-89.25595,11.4,4.0,5.0,SYN-VESSEL-62,IMO9990062,SYN062,80,0,144,24,9.5,,A
999000062,2018-04-22T18:01:10,29.12488,-89.26222,10.7,23.0,22.0,SYN-VESSEL-62,IMO9990062,SYN062,80,0,144,24,9.5,,A
999000062,2018-04-22T18:02:21,29.12817,-89.26063,10.8,22.0,23.0,SYN-VESSEL-62,IMO9990062,SYN062,80,0,144,24,9.5,,A
999000062,2018-04-22T18:03:30,29.13143,-89.25917,10.7,20.0,19.0,SYN-VESSEL-62,IMO9990062,SYN062,80,0,144,24,9.5,,A
999000062,2018-04-22T18:04:40,29.13465,-89.25790,10.6,19.0,19.0,SYN-VESSEL-62,IMO9990062,SYN062,80,0,144,24,9.5,,A
999000062,2018-04-22T18:00:00,29.12168,-89.26388,10.8,26.0,25.0,SYN-VESSEL-62,IMO9990062,SYN062,80,0,144,24,9.5,,A
999000062,2018-04-22T18:00:00,29.12168,-89.26388,10.8,26.0,25.0,SYN-VESSEL-62,IMO9990062,SYN062,80,0,144,24,9.5,,A
999000062,2018-04-22T18:14:50,29.16588,-89.25578,10.0,346.0,345.0,SYN-VESSEL-62,IMO9990062,SYN062,80,0,144,24,9.5,,A
999000052,2018-04-22T20:25:26,29.17845,-89.26357,0.0,208.8,186.0,SYN-VESSEL-52,,SYN052,90,15,,,,,A
999000052,2018-04-22T20:24:15,29.17845,-89.26357,0.0,219.4,186.0,SYN-VESSEL-52,,SYN052,90,15,,,,,A
999000052,2018-04-22T20:22:26,29.17848,-89.26358,0.0,225.1,186.0,SYN-VESSEL-52,,SYN052,90,15,,,,,A
999000052,2018-04-22T20:20:35,29.17848,-89.26357,0.0,321.4,185.0,SYN-VESSEL-52,,SYN052,90,15,,,,,A
999000052,2018-04-22T20:19:25,29.17848,-89.26357,0.0,105.4,185.0,SYN-VESSEL-52,,SYN052,90,15,,,,,A
999000052,2018-04-22T20:12:25,29.17847,-89.26357,0.0,247.3,186.0,SYN-VESSEL-52,,SYN052,90,15,,,,,A
999000052,2018-04-22T20:17:35,29.17845,-89.26353,0.0,301.6,183.0,SYN-VESSEL-52,,SYN052,90,15,,,,,A
999000052,2018-04-22T20:14:35,29.17845,-89.26357,0.0,258.9,185.0,SYN-VESSEL-52,,SYN052,90,15,,,,,A
999000052,2018-04-22T20:15:55,29.17845,-89.26355,0.0,65.1,183.0,SYN-VESSEL-52,,SYN052,90,15,,,,,A
999000052,2018-04-22T20:00:16,29.17847,-89.26358,0.0,290.0,185.0,SYN-VESSEL-52,,SYN052,90,15,,,,,A
999000052,2018-04-22T19:59:56,29.17847,-89.26358,0.2,82.2,186.0,SYN-VESSEL-52,,SYN052,90,15,,,,,A
999000052,2018-04-22T20:01:26,29.17848,-89.26357,0.0,218.3,185.0,SYN-VESSEL-52,,SYN052,90,15,,,,,A
999000052,2018-04-22T20:02:36,29.17847,-89.26357,0.0,268.8,185.0,SYN-VESSEL-52,,SYN052,90,15,,,,,A
999000052,2018-04-22T20:03:45,29.17847,-89.26357,0.0,317.8,185.0,SYN-VESSEL-52,,SYN052,90,15,,,,,A
999000052,2018-04-22T20:04:57,29.17847,-89.26357,0.0,171.1,185.0,SYN-VESSEL-52,,SYN052,90,15,,,,,A
999000052,2018-04-22T20:07:06,29.17848,-89.26358,0.0,162.5,186.0,SYN-VESSEL-52,,SYN052,90,15,,,,,A
999000052,2018-04-22T20:06:05,29.17847,-89.26358,0.0,110.5,185.0,SYN-VESSEL-52,,SYN052,90,15,,,,,A
999000052,2018-04-22T20:08:25,29.17848,-89.26357,0.0,261.5,186.0,SYN-VESSEL-52,,SYN052,90,15,,,,,A
999000052,2018-04-22T20:10:25,29.17847,-89.26357,0.0,158.6,185.0,SYN-VESSEL-52,,SYN052,90,15,,,,,A
999000052,2018-04-22T20:28:05,29.17847,-89.26357,0.0,200.5,186.0,SYN-VESSEL-52,,SYN052,90,15,,,,,A
999000052,2018-04-22T20:26:35,29.17845,-89.26358,0.0,195.5,185.0,SYN-VESSEL-52,,SYN052,90,15,,,,,A
999000052,2018-04-22T20:29:45,29.17845,-89.26357,0.0,356.5,186.0,SYN-VESSEL-52,,SYN052,90,15,,,,,A
999000052,2018-04-22T23:16:26,29.17877,-89.26297,0.4,85.3,171.0,SYN-VESSEL-52,,SYN052,90,15,,,,,A
999000052,2018-04-22T23:02:27,29.17880,-89.26280,0.4,249.6,161.0,SYN-VESSEL-52,,SYN052,90,15,,,,,A
999000052,2018-04-22T23:04:57,29.17877,-89.26293,0.2,247.1,170.0,SYN-VESSEL-52,,SYN052,90,15,,,,,A
999000052,2018-04-22T23:03:46,29.17877,-89.26288,0.2,267.9,167.0,SYN-VESSEL-52,,SYN052,90,15,,,,,A
999000052,2018-04-22T23:07:16,29.17875,-89.26302,0.2,278.1,175.0,SYN-VESSEL-52,,SYN052,90,15,,,,,A
999000052,2018-04-22T23:06:06,29.17875,-89.26297,0.2,208.7,172.0,SYN-VESSEL-52,,SYN052,90,15,,,,,A
999000052,2018-04-22T23:08:27,29.17875,-89.26307,0.2,279.2,178.0,SYN-VESSEL-52,,SYN052,90,15,,,,,A
999000052,2018-04-22T23:09:57,29.17875,-89.26312,0.0,120.0,183.0,SYN-VESSEL-52,,SYN052,90,15,,,,,A
999000052,2018-04-22T23:11:06,29.17875,-89.26310,0.4,88.5,181.0,SYN-VESSEL-52,,SYN052,90,15,,,,,A
999000052,2018-04-22T23:12:27,29.17875,-89.26302,0.0,4.3,175.0,SYN-VESSEL-52,,SYN052,90,15,,,,,A
999000052,2018-04-22T23:13:56,29.17875,-89.26310,0.4,271.4,181.0,SYN-VESSEL-52,,SYN052,90,15,,,,,A
999000052,2018-04-22T23:15:06,29.17875,-89.26310,0.2,91.2,181.0,SYN-VESSEL-52,,SYN052,90,15,,,,,A
999000052,2018-04-22T22:57:26,29.17880,-89.26277,0.2,65.6,159.0,SYN-VESSEL-52,,SYN052,90,15,,,,,A
999000052,2018-04-22T22:59:37,29.17890,-89.26257,0.6,50.4,143.0,SYN-VESSEL-52,,SYN052,90,15,,,,,A
999000052,2018-04-22T23:01:17,29.17885,-89.26268,0.4,236.5,152.0,SYN-VESSEL-52,,SYN052,90,15,,,,,A
999000052,2018-04-22T23:00:07,29.17890,-89.26257,0.6,237.1,143.0,SYN-VESSEL-52,,SYN052,90,15,,,,,A
999000052,2018-04-22T22:49:56,29.17877,-89.26300,0.2,263.5,174.0,SYN-VESSEL-52,,SYN052,90,15,,,,,A
999000052,2018-04-22T22:51:07,29.17877,-89.26307,0.2,275.0,177.0,SYN-VESSEL-52,,SYN052,90,15,,,,,A
999000052,2018-04-22T22:46:37,29.17880,-89.26285,0.0,267.4,164.0,SYN-VESSEL-52,,SYN052,90,15,,,,,A
999000052,2018-04-22T22:48:26,29.17878,-89.26295,0.2,259.8,171.0,SYN-VESSEL-52,,SYN052,90,15,,,,,A
999000052,2018-04-22T22:53:07,29.17875,-89.26312,0.2,76.0,181.0,SYN-VESSEL-52,,SYN052,90,15,,,,,A
999000052,2018-04-22T22:54:16,29.17877,-89.26298,0.4,67.0,172.0,SYN-VESSEL-52,,SYN052,90,15,,,,,A
999000052,2018-04-22T22:55:26,29.17878,-89.26287,0.4,65.7,165.0,SYN-VESSEL-52,,SYN052,90,15,,,,,A
999000052,2018-04-22T22:09:36,29.17910,-89.26242,0.0,185.8,127.0,SYN-VESSEL-52,,SYN052,90,15,,,,,A
999000052,2018-04-22T22:08:27,29.17910,-89.26242,0.0,210.7,127.0,SYN-VESSEL-52,,SYN052,90,15,,,,,A
999000052,2018-04-22T22:11:10,29.17920,-89.26232,0.6,34.2,117.0,SYN-VESSEL-52,,SYN052,90,15,,,,,A
999000052,2018-04-22T21:56:56,29.17890,-89.26268,0.4,65.4,150.0,SYN-VESSEL-52,,SYN052,90,15,,,,,A
999000052,2018-04-22T21:53:57,29.17880,-89.26310,0.2,336.2,180.0,SYN-VESSEL-52,,SYN052,90,15,,,,,A
999000052,2018-04-22T21:54:58,29.17882,-89.26295,0.4,81.1,169.0,SYN-VESSEL-52,,SYN052,90,15,,,,,A
999000052,2018-04-22T21:52:36,29.17880,-89.26312,0.0,316.2,181.0,SYN-VESSEL-52,,SYN052,90,15,,,,,A
999000052,2018-04-22T21:51:16,29.17880,-89.26313,0.0,90.0,182.0,SYN-VESSEL-52,,SYN052,90,15,,,,,A
999000052,2018-04-22T21:48:16,29.17882,-89.26315,0.0,83.6,182.0,SYN-VESSEL-52,,SYN052,90,15,,,,,A
999000052,2018-04-22T21:43:36,29.17883,-89.26277,0.0,325.4,159.0,SYN-VESSEL-52,,SYN052,90,15,,,,,A
999000052,2018-04-22T21:41:36,29.17885,-89.26278,0.0,154.6,160.0,SYN-VESSEL-52,,SYN052,90,15,,,,,A
999000052,2018-04-22T21:46:53,29.17883,-89.26302,0.6,257.0,174.0,SYN-VESSEL-52,,SYN052,90,15,,,,,A
999000052,2018-04-22T22:02:27,29.17908,-89.26242,0.4,47.6,128.0,SYN-VESSEL-52,,SYN052,90,15,,,,,A
999000052,2018-04-22T22:03:28,29.17910,-89.26242,0.0,54.3,127.0,SYN-VESSEL-52,,SYN052,90,15,,,,,A
999000052,2018-04-22T22:01:17,29.17898,-89.26250,0.4,44.7,137.0,SYN-VESSEL-52,,SYN052,90,15,,,,,A
999000052,2018-04-22T22:07:17,29.17910,-89.26242,0.0,71.2,127.0,SYN-VESSEL-52,,SYN052,90,15,,,,,A
999000052,2018-04-22T22:04:56,29.17910,-89.26242,0.0,343.8,127.0,SYN-VESSEL-52,,SYN052,90,15,,,,,A
999000052,2018-04-22T22:06:06,29.17910,-89.26242,0.0,203.9,127.0,SYN-VESSEL-52,,SYN052,90,15,,,,,A
999000052,2018-04-22T22:00:06,29.17892,-89.26263,0.4,57.9,147.0,SYN-VESSEL-52,,SYN052,90,15,,,,,A
999000052,2018-04-22T21:59:27,29.17888,-89.26268,0.0,195.9,151.0,SYN-VESSEL-52,,SYN052,90,15,,,,,A
999000052,2018-04-22T21:58:17,29.17888,-89.26268,0.0,232.2,151.0,SYN-VESSEL-52,,SYN052,90,15,,,,,A
999000052,2018-04-22T23:58:27,29.17880,-89.26275,0.0,313.9,157.0,SYN-VESSEL-52,,SYN052,90,15,,,,,A
999000052,2018-04-22T23:59:28,29.17882,-89.26275,0.6,58.8,155.0,SYN-VESSEL-52,,SYN052,90,15,,,,,A
999000052,2018-04-22T23:56:07,29.17877,-89.26285,0.2,55.4,165.0,SYN-VESSEL-52,,SYN052,90,15,,,,,A
999000052,2018-04-22T23:57:16,29.17880,-89.26277,0.4,70.5,158.0,SYN-VESSEL-52,,SYN052,90,15,,,,,A
999000052,2018-04-22T19:54:46,29.17850,-89.26352,0.4,267.3,183.0,SYN-VESSEL-52,,SYN052,90,15,,,,,A
999000052,2018-04-22T19:47:15,29.17850,-89.26345,0.0,241.3,178.0,SYN-VESSEL-52,,SYN052,90,15,,,,,A
999000052,2018-04-22T19:51:46,29.17850,-89.26345,0.0,87.3,178.0,SYN-VESSEL-52,,SYN052,90,15,,,,,A
999000052,2018-04-22T19:41:45,29.17850,-89.26345,0.0,332.2,178.0,SYN-VESSEL-52,,SYN052,90,15,,,,,A
999000052,2018-04-22T19:40:15,29.17850,-89.26345,0.0,324.2,178.0,SYN-VESSEL-52,,SYN052,90,15,,,,,A
999000052,2018-04-22T19:46:06,29.17850,-89.26345,0.0,62.7,178.0,SYN-VESSEL-52,,SYN052,90,15,,,,,A
999000052,2018-04-22T19:36:15,29.17850,-89.26345,0.0,297.5,177.0,SYN-VESSEL-52,,SYN052,90,15,,,,,A
999000052,2018-04-22T19:34:45,29.17850,-89.26345,0.0,283.8,177.0,SYN-VESSEL-52,,SYN052,90,15,,,,,A
999000052,2018-04-22T19:37:35,29.17850,-89.26347,0.0,223.4,177.0,SYN-VESSEL-52,,SYN052,90,15,,,,,A
999000052,2018-04-22T19:56:05,29.17847,-89.26353,0.2,91.9,182.0,SYN-VESSEL-52,,SYN052,90,15,,,,,A
999000052,2018-04-22T19:57:56,29.17847,-89.26342,0.0,201.8,176.0,SYN-VESSEL-52,,SYN052,90,15,,,,,A
999000052,2018-04-22T21:39:16,29.17888,-89.26275,0.0,219.4,156.0,SYN-VESSEL-52,,SYN052,90,15,,,,,A
999000052,2018-04-22T21:37:16,29.17882,-89.26277,0.0,167.0,159.0,SYN-VESSEL-52,,SYN052,90,15,,,,,A
999000052,2018-04-22T21:36:07,29.17882,-89.26278,0.0,201.0,159.0,SYN-VESSEL-52,,SYN052,90,15,,,,,A
999000052,2018-04-22T21:31:07,29.17877,-89.26275,0.0,158.9,159.0,SYN-VESSEL-52,,SYN052,90,15,,,,,A
999000052,2018-04-22T21:28:28,29.17880,-89.26268,0.2,8.8,154.0,SYN-VESSEL-52,,SYN052,90,15,,,,,A
999000052,2018-04-22T21:33:07,29.17880,-89.26273,0.2,26.1,157.0,SYN-VESSEL-52,,SYN052,90,15,,,,,A
999000052,2018-04-22T21:27:17,29.17872,-89.26272,0.0,133.0,159.0,SYN-VESSEL-52,,SYN052,90,15,,,,,A
999000052,2018-04-22T21:22:33,29.17868,-89.26275,0.4,72.3,162.0,SYN-VESSEL-52,,SYN052,90,15,,,,,A
999000052,2018-04-22T21:20:26,29.17865,-89.26277,0.0,75.9,164.0,SYN-VESSEL-52,,SYN052,90,15,,,,,A
999000052,2018-04-22T21:24:06,29.17873,-89.26272,0.4,248.1,158.0,SYN-VESSEL-52,,SYN052,90,15,,,,,A
999000052,2018-04-22T21:26:06,29.17872,-89.26272,0.0,162.4,158.0,SYN-VESSEL-52,,SYN052,90,15,,,,,A
999000052,2018-04-22T21:18:10,29.17868,-89.26272,0.4,240.6,156.0,SYN-VESSEL-52,,SYN052,90,15,,,,,A
999000052,2018-04-22T21:16:39,29.17870,-89.26268,0.4,63.8,151.0,SYN-VESSEL-52,,SYN052,90,15,,,,,A
999000052,2018-04-22T21:14:17,29.17858,-89.26290,0.0,105.0,167.0,SYN-VESSEL-52,,SYN052,90,15,,,,,A
999000052,2018-04-22T21:15:37,29.17865,-89.26283,0.4,87.0,160.0,SYN-VESSEL-52,,SYN052,90,15,,,,,A
999000052,2018-04-22T21:12:07,29.17858,-89.26290,0.0,350.5,168.0,SYN-VESSEL-52,,SYN052,90,15,,,,,A
999000052,2018-04-22T21:13:08,29.17858,-89.26290,0.0,278.1,167.0,SYN-VESSEL-52,,SYN052,90,15,,,,,A
999000052,2018-04-22T21:08:34,29.17855,-89.26318,0.6,89.8,184.0,SYN-VESSEL-52,,SYN052,90,15,,,,,A
999000052,2018-04-22T21:09:37,29.17855,-89.26298,0.6,79.9,171.0,SYN-VESSEL-52,,SYN052,90,15,,,,,A
999000052,2018-04-22T21:10:56,29.17858,-89.26290,0.0,207.5,168.0,SYN-VESSEL-52,,SYN052,90,15,,,,,A
999000052,2018-04-22T21:06:07,29.17858,-89.26305,0.4,253.9,167.0,SYN-VESSEL-52,,SYN052,90,15,,,,,A
999000052,2018-04-22T21:04:39,29.17865,-89.26290,0.4,237.6,148.0,SYN-VESSEL-52,,SYN052,90,15,,,,,A
999000052,2018-04-22T21:07:09,29.17855,-89.26315,0.4,264.2,180.0,SYN-VESSEL-52,,SYN052,90,15,,,,,A
999000052,2018-04-22T20:36:15,29.17845,-89.26357,0.0,70.8,186.0,SYN-VESSEL-52,,SYN052,90,15,,,,,A
999000052,2018-04-22T20:34:56,29.17843,-89.26357,0.0,181.3,186.0,SYN-VESSEL-52,,SYN052,90,15,,,,,A
999000052,2018-04-22T20:31:05,29.17847,-89.26357,0.0,312.8,187.0,SYN-VESSEL-52,,SYN052,90,15,,,,,A
999000052,2018-04-22T20:32:36,29.17843,-89.26357,0.0,288.2,187.0,SYN-VESSEL-52,,SYN052,90,15,,,,,A
999000052,2018-04-22T20:41:16,29.17845,-89.26357,0.0,202.1,186.0,SYN-VESSEL-52,,SYN052,90,15,,,,,A
999000052,2018-04-22T20:42:46,29.17845,-89.26357,0.0,251.3,186.0,SYN-VESSEL-52,,SYN052,90,15,,,,,A
999000052,2018-04-22T20:37:27,29.17847,-89.26357,0.0,316.4,186.0,SYN-VESSEL-52,,SYN052,90,15,,,,,A
999000052,2018-04-22T20:45:16,29.17845,-89.26357,0.0,85.2,185.0,SYN-VESSEL-52,,SYN052,90,15,,,,,A
999000052,2018-04-22T20:46:46,29.17843,-89.26355,0.0,172.9,185.0,SYN-VESSEL-52,,SYN052,90,15,,,,,A
999000052,2018-04-22T20:56:27,29.17855,-89.26307,0.2,241.7,150.0,SYN-VESSEL-52,,SYN052,90,15,,,,,A
999000052,2018-04-22T20:57:56,29.17853,-89.26305,0.0,278.2,150.0,SYN-VESSEL-52,,SYN052,90,15,,,,,A
999000052,2018-04-22T20:52:07,29.17855,-89.26305,0.0,264.4,149.0,SYN-VESSEL-52,,SYN052,90,15,,,,,A
999000052,2018-04-22T20:54:26,29.17853,-89.26305,0.0,51.1,150.0,SYN-VESSEL-52,,SYN052,90,15,,,,,A
999000052,2018-04-22T20:49:37,29.17845,-89.26350,0.6,91.8,181.0,SYN-VESSEL-52,,SYN052,90,15,,,,,A
999000052,2018-04-22T20:48:26,29.17845,-89.26355,0.2,101.0,184.0,SYN-VESSEL-52,,SYN052,90,15,,,,,A
999000052,2018-04-22T20:50:54,29.17847,-89.26323,0.6,72.0,163.0,SYN-VESSEL-52,,SYN052,90,15,,,,,A
999000052,2018-04-22T21:01:06,29.17875,-89.26278,0.2,201.6,125.0,SYN-VESSEL-52,,SYN052,90,15,,,,,A
999000052,2018-04-22T21:00:00,29.17865,-89.26288,0.6,46.7,136.0,SYN-VESSEL-52,,SYN052,90,15,,,,,A
999000052,2018-04-22T20:59:56,29.17865,-89.26290,0.6,41.1,137.0,SYN-VESSEL-52,,SYN052,90,15,,,,,A
999000052,2018-04-22T21:03:20,29.17873,-89.26280,0.4,220.3,130.0,SYN-VESSEL-52,,SYN052,90,15,,,,,A
999000052,2018-04-22T21:02:16,29.17877,-89.26278,0.0,263.7,125.0,SYN-VESSEL-52,,SYN052,90,15,,,,,A
999000052,2018-04-22T23:54:57,29.17877,-89.26287,0.0,297.9,166.0,SYN-VESSEL-52,,SYN052,90,15,,,,,A
999000052,2018-04-22T23:53:46,29.17877,-89.26288,0.2,57.0,168.0,SYN-VESSEL-52,,SYN052,90,15,,,,,A
999000052,2018-04-22T23:52:24,29.17877,-89.26297,0.4,83.8,172.0,SYN-VESSEL-52,,SYN052,90,15,,,,,A
999000052,2018-04-22T23:47:37,29.17873,-89.26312,0.0,299.9,183.0,SYN-VESSEL-52,,SYN052,90,15,,,,,A
999000052,2018-04-22T23:46:26,29.17873,-89.26307,0.0,88.3,179.0,SYN-VESSEL-52,,SYN052,90,15,,,,,A
999000052,2018-04-22T23:45:16,29.17873,-89.26305,0.0,117.1,180.0,SYN-VESSEL-52,,SYN052,90,15,,,,,A
999000052,2018-04-22T23:43:16,29.17875,-89.26310,0.0,233.2,180.0,SYN-VESSEL-52,,SYN052,90,15,,,,,A
999000052,2018-04-22T23:39:57,29.17875,-89.26313,0.0,175.1,183.0,SYN-VESSEL-52,,SYN052,90,15,,,,,A
999000052,2018-04-22T23:38:50,29.17875,-89.26307,0.4,265.5,179.0,SYN-VESSEL-52,,SYN052,90,15,,,,,A
999000052,2018-04-22T23:37:17,29.17877,-89.26290,0.4,248.1,168.0,SYN-VESSEL-52,,SYN052,90,15,,,,,A
999000052,2018-04-22T23:36:06,29.17875,-89.26293,0.4,76.8,171.0,SYN-VESSEL-52,,SYN052,90,15,,,,,A
999000052,2018-04-22T23:21:56,29.17883,-89.26268,0.0,72.8,153.0,SYN-VESSEL-52,,SYN052,90,15,,,,,A
999000052,2018-04-22T23:18:26,29.17878,-89.26280,0.0,32.1,162.0,SYN-VESSEL-52,,SYN052,90,15,,,,,A
999000052,2018-04-22T23:19:56,29.17883,-89.26270,0.2,64.8,154.0,SYN-VESSEL-52,,SYN052,90,15,,,,,A
999000052,2018-04-22T23:25:57,29.17880,-89.26282,0.4,254.8,162.0,SYN-VESSEL-52,,SYN052,90,15,,,,,A
999000052,2018-04-22T23:23:06,29.17885,-89.26270,0.0,276.1,153.0,SYN-VESSEL-52,,SYN052,90,15,,,,,A
999000052,2018-04-22T23:34:17,29.17877,-89.26300,0.0,63.9,174.0,SYN-VESSEL-52,,SYN052,90,15,,,,,A
999000052,2018-04-22T23:33:06,29.17875,-89.26300,0.0,137.4,174.0,SYN-VESSEL-52,,SYN052,90,15,,,,,A
999000052,2018-04-22T23:29:46,29.17875,-89.26295,0.0,302.8,171.0,SYN-VESSEL-52,,SYN052,90,15,,,,,A
999000052,2018-04-22T23:27:06,29.17877,-89.26290,0.4,261.7,168.0,SYN-VESSEL-52,,SYN052,90,15,,,,,A
999000052,2018-04-22T22:36:56,29.17877,-89.26308,0.2,90.5,181.0,SYN-VESSEL-52,,SYN052,90,15,,,,,A
999000052,2018-04-22T22:40:46,29.17878,-89.26295,0.0,7.4,170.0,SYN-VESSEL-52,,SYN052,90,15,,,,,A
999000052,2018-04-22T22:42:08,29.17880,-89.26293,0.6,72.4,168.0,SYN-VESSEL-52,,SYN052,90,15,,,,,A
999000052,2018-04-22T22:33:07,29.17880,-89.26300,0.2,255.6,172.0,SYN-VESSEL-52,,SYN052,90,15,,,,,A
999000052,2018-04-22T22:24:57,29.17883,-89.26285,0.0,26.2,163.0,SYN-VESSEL-52,,SYN052,90,15,,,,,A
999000052,2018-04-22T22:28:17,29.17887,-89.26275,0.4,48.5,156.0,SYN-VESSEL-52,,SYN052,90,15,,,,,A
999000052,2018-04-22T22:31:07,29.17882,-89.26290,0.2,253.5,166.0,SYN-VESSEL-52,,SYN052,90,15,,,,,A
999000052,2018-04-22T22:29:36,29.17885,-89.26280,0.2,238.3,160.0,SYN-VESSEL-52,,SYN052,90,15,,,,,A
999000052,2018-04-22T22:21:47,29.17885,-89.26277,0.0,254.9,156.0,SYN-VESSEL-52,,SYN052,90,15,,,,,A
999000052,2018-04-22T22:23:47,29.17882,-89.26282,0.0,258.2,162.0,SYN-VESSEL-52,,SYN052,90,15,,,,,A
999000052,2018-04-22T22:19:47,29.17887,-89.26267,0.4,243.1,152.0,SYN-VESSEL-52,,SYN052,90,15,,,,,A
999000052,2018-04-22T22:13:17,29.17917,-89.26233,0.6,203.7,120.0,SYN-VESSEL-52,,SYN052,90,15,,,,,A
999000052,2018-04-22T22:17:57,29.17892,-89.26260,0.2,228.9,144.0,SYN-VESSEL-52,,SYN052,90,15,,,,,A
999000052,2018-04-22T22:16:47,29.17897,-89.26253,0.2,232.9,140.0,SYN-VESSEL-52,,SYN052,90,15,,,,,A
999000052,2018-04-22T22:14:27,29.17907,-89.26242,0.2,221.0,129.0,SYN-VESSEL-52,,SYN052,90,15,,,,,A
999000060,2018-04-22T18:47:05,29.16637,-89.25627,15.3,162.5,167.0,SYN-VESSEL-60,IMO9990060,SYN060,70,0,179,28,6.3,70,A
999000060,2018-04-22T18:44:19,29.17734,-89.25983,13.9,161.8,166.0,SYN-VESSEL-60,IMO9990060,SYN060,70,0,179,28,6.3,70,A
999000060,2018-04-22T18:41:49,29.18586,-89.26348,12.7,157.9,159.0,SYN-VESSEL-60,IMO9990060,SYN060,70,0,179,28,6.3,70,A
999000060,2018-04-22T18:52:04,29.14632,-89.25683,13.9,185.7,184.0,SYN-VESSEL-60,IMO9990060,SYN060,70,0,179,28,6.3,70,A
999000060,2018-04-22T18:50:53,29.15085,-89.25640,14.1,185.8,183.0,SYN-VESSEL-60,IMO9990060,SYN060,70,0,179,28,6.3,70,A
999000060,2018-04-22T18:40:38,29.18974,-89.26550,12.7,155.4,156.0,SYN-VESSEL-60,IMO9990060,SYN060,70,0,179,28,6.3,70,A
999000060,2018-04-22T18:38:31,29.19645,-89.26964,13.1,149.5,152.0,SYN-VESSEL-60,IMO9990060,SYN060,70,0,179,28,6.3,70,A
999000060,2018-04-22T19:03:28,29.10506,-89.27228,12.3,208.8,209.0,SYN-VESSEL-60,IMO9990060,SYN060,70,0,179,28,6.3,70,A
999000060,2018-04-22T19:04:39,29.10159,-89.27443,11.7,207.9,209.0,SYN-VESSEL-60,IMO9990060,SYN060,70,0,179,28,6.3,70,A
999000060,2018-04-22T19:06:59,29.09515,-89.27839,10.9,206.7,206.0,SYN-VESSEL-60,IMO9990060,SYN060,70,0,179,28,6.3,70,A
999000060,2018-04-22T19:05:49,29.09831,-89.27643,11.2,208.9,209.0,SYN-VESSEL-60,IMO9990060,SYN060,70,0,179,28,6.3,70,A
999000060,2018-04-22T19:11:56,29.08053,-89.28661,12.9,218.2,227.0,SYN-VESSEL-60,IMO9990060,SYN060,70,0,179,28,6.3,70,A
999000060,2018-04-22T19:08:10,29.09189,-89.28020,11.2,205.6,206.0,SYN-VESSEL-60,IMO9990060,SYN060,70,0,179,28,6.3,70,A
999000060,2018-04-22T19:09:58,29.08660,-89.28311,11.9,205.1,203.0,SYN-VESSEL-60,IMO9990060,SYN060,70,0,179,28,6.3,70,A
999000060,2018-04-22T18:59:23,29.11850,-89.26477,13.7,203.6,203.0,SYN-VESSEL-60,IMO9990060,SYN060,70,0,179,28,6.3,70,A
999000060,2018-04-22T19:02:18,29.10860,-89.27007,13.1,207.8,208.0,SYN-VESSEL-60,IMO9990060,SYN060,70,0,179,28,6.3,70,A
999000060,2018-04-22T19:01:17,29.11193,-89.26814,13.3,202.8,206.0,SYN-VESSEL-60,IMO9990060,SYN060,70,0,179,28,6.3,70,A
999000060,2018-04-22T19:00:04,29.11613,-89.26597,13.6,204.6,204.0,SYN-VESSEL-60,IMO9990060,SYN060,70,0,179,28,6.3,70,A
999000060,2018-04-22T18:53:29,29.14089,-89.25718,14.1,182.6,179.0,SYN-VESSEL-60,IMO9990060,SYN060,70,0,179,28,6.3,70,A
999000060,2018-04-22T18:55:53,29.13163,-89.25915,14.5,199.5,198.0,SYN-VESSEL-60,IMO9990060,SYN060,70,0,179,28,6.3,70,A
999000060,2018-04-22T19:15:01,29.07238,-89.29641,14.6,225.1,224.0,SYN-VESSEL-60,IMO9990060,SYN060,70,0,179,28,6.3,70,A
999000060,2018-04-22T19:13:58,29.07526,-89.29302,14.1,227.9,224.0,SYN-VESSEL-60,IMO9990060,SYN060,70,0,179,28,6.3,70,A
999000038,2018-04-22T18:23:17,29.19210,-89.26805,23.9,342.3,511.0,SYN-VESSEL-38,,SYN038,60,13,15,,,,A
999000038,2018-04-22T18:20:16,29.17917,-89.26111,10.1,339.5,511.0,SYN-VESSEL-38,,SYN038,60,13,15,,,,A
999000038,2018-04-22T18:22:13,29.18586,-89.26457,23.4,330.2,511.0,SYN-VESSEL-38,,SYN038,60,13,15,,,,A
999000038,2018-04-22T18:19:03,29.17593,-89.25986,13.3,348.8,511.0,SYN-VESSEL-38,,SYN038,60,13,15,,,,A
999000038,2018-04-22T18:16:50,29.16768,-89.25647,9.9,338.2,511.0,SYN-VESSEL-38,,SYN038,60,13,15,,,,A
999000038,2018-04-22T18:24:25,29.19899,-89.27137,24.0,333.5,511.0,SYN-VESSEL-38,,SYN038,60,13,15,,,,A
999000038,2018-04-22T18:03:50,29.13094,-89.25949,10.3,19.9,511.0,SYN-VESSEL-38,,SYN038,60,13,15,,,,A
999000038,2018-04-22T18:02:30,29.12725,-89.26121,10.8,21.8,511.0,SYN-VESSEL-38,,SYN038,60,13,15,,,,A
999000038,2018-04-22T18:00:09,29.12082,-89.26455,11.3,29.6,511.0,SYN-VESSEL-38,,SYN038,60,13,15,,,,A
999000038,2018-04-22T18:01:29,29.12440,-89.26261,11.0,22.5,511.0,SYN-VESSEL-38,,SYN038,60,13,15,,,,A
999000038,2018-04-22T18:05:19,29.13519,-89.25787,10.7,20.6,511.0,SYN-VESSEL-38,,SYN038,60,13,15,,,,A
999000038,2018-04-22T18:06:30,29.13875,-89.25714,11.2,15.1,511.0,SYN-VESSEL-38,,SYN038,60,13,15,,,,A
999000038,2018-04-22T18:08:19,29.14449,-89.25614,10.5,3.8,511.0,SYN-VESSEL-38,,SYN038,60,13,15,,,,A
999000038,2018-04-22T18:10:10,29.15047,-89.25575,11.8,1.7,511.0,SYN-VESSEL-38,,SYN038,60,13,15,,,,A
999000038,2018-04-22T18:12:10,29.15670,-89.25529,9.5,7.0,511.0,SYN-VESSEL-38,,SYN038,60,13,15,,,,A
999000038,2018-04-22T18:13:19,29.15977,-89.25494,8.9,359.2,511.0,SYN-VESSEL-38,,SYN038,60,13,15,,,,A
999000038,2018-04-22T18:14:50,29.16345,-89.25530,9.3,341.0,511.0,SYN-VESSEL-38,,SYN038,60,13,15,,,,A
999000004,2018-04-22T20:00:08,29.16896,-89.25696,11.6,163.3,162.0,SYN-VESSEL-04,IMO9990004,SYN004,70,0,199,32,13.0,,A
999000004,2018-04-22T20:01:18,29.16532,-89.25564,11.8,161.9,165.0,SYN-VESSEL-04,IMO9990004,SYN004,70,0,199,32,13.0,,A
999000004,2018-04-22T20:02:28,29.16161,-89.25467,11.7,171.7,179.0,SYN-VESSEL-04,IMO9990004,SYN004,70,0,199,32,13.0,,A
999000004,2018-04-22T20:05:57,29.15048,-89.25531,11.5,186.7,186.0,SYN-VESSEL-04,IMO9990004,SYN004,70,0,199,32,13.0,,A
999000004,2018-04-22T20:03:37,29.15796,-89.25453,11.5,182.1,186.0,SYN-VESSEL-04,IMO9990004,SYN004,70,0,199,32,13.0,,A
999000004,2018-04-22T20:04:48,29.15410,-89.25486,11.5,185.9,186.0,SYN-VESSEL-04,IMO9990004,SYN004,70,0,199,32,13.0,,A
999000004,2018-04-22T20:08:18,29.14294,-89.25616,11.4,186.8,184.0,SYN-VESSEL-04,IMO9990004,SYN004,70,0,199,32,13.0,,A
999000004,2018-04-22T20:07:07,29.14676,-89.25575,11.5,185.8,184.0,SYN-VESSEL-04,IMO9990004,SYN004,70,0,199,32,13.0,,A
999000004,2018-04-22T20:09:38,29.13871,-89.25673,11.5,190.5,191.0,SYN-VESSEL-04,IMO9990004,SYN004,70,0,199,32,13.0,,A
999000004,2018-04-22T20:19:08,29.10931,-89.27024,12.1,207.0,204.0,SYN-VESSEL-04,IMO9990004,SYN004,70,0,199,32,13.0,,A
999000004,2018-04-22T20:21:08,29.10314,-89.27373,12.2,206.2,205.0,SYN-VESSEL-04,IMO9990004,SYN004,70,0,199,32,13.0,,A
999000004,2018-04-22T20:24:18,29.09359,-89.27890,11.9,205.2,204.0,SYN-VESSEL-04,IMO9990004,SYN004,70,0,199,32,13.0,,A
999000004,2018-04-22T20:22:28,29.09908,-89.27593,12.0,206.3,206.0,SYN-VESSEL-04,IMO9990004,SYN004,70,0,199,32,13.0,,A
999000004,2018-04-22T20:11:38,29.13267,-89.25872,11.9,198.7,197.0,SYN-VESSEL-04,IMO9990004,SYN004,70,0,199,32,13.0,,A
999000004,2018-04-22T20:13:47,29.12574,-89.26160,12.1,200.4,200.0,SYN-VESSEL-04,IMO9990004,SYN004,70,0,199,32,13.0,,A
999000004,2018-04-22T20:14:48,29.12247,-89.26300,12.2,200.4,203.0,SYN-VESSEL-04,IMO9990004,SYN004,70,0,199,32,13.0,,A
999000004,2018-04-22T20:16:28,29.11735,-89.26569,12.2,205.7,205.0,SYN-VESSEL-04,IMO9990004,SYN004,70,0,199,32,13.0,,A
999000004,2018-04-22T20:17:48,29.11329,-89.26798,12.3,206.5,205.0,SYN-VESSEL-04,IMO9990004,SYN004,70,0,199,32,13.0,,A
999000004,2018-04-22T20:27:08,29.08525,-89.28345,11.6,206.3,204.0,SYN-VESSEL-04,IMO9990004,SYN004,70,0,199,32,13.0,,A
999000004,2018-04-22T20:28:18,29.08202,-89.28538,11.5,210.9,215.0,SYN-VESSEL-04,IMO9990004,SYN004,70,0,199,32,13.0,,A
999000004,2018-04-22T19:52:18,29.19170,-89.26766,10.9,155.2,155.0,SYN-VESSEL-04,IMO9990004,SYN004,70,0,199,32,13.0,,A
999000004,2018-04-22T19:59:57,29.16957,-89.25717,11.6,163.2,162.0,SYN-VESSEL-04,IMO9990004,SYN004,70,0,199,32,13.0,,A
999000004,2018-04-22T19:57:57,29.17566,-89.25953,11.5,159.5,159.0,SYN-VESSEL-04,IMO9990004,SYN004,70,0,199,32,13.0,,A
999000004,2018-04-22T19:56:28,29.17998,-89.26157,11.3,155.6,153.0,SYN-VESSEL-04,IMO9990004,SYN004,70,0,199,32,13.0,,A
999000004,2018-04-22T20:29:58,29.07795,-89.28934,11.1,226.9,228.0,SYN-VESSEL-04,IMO9990004,SYN004,70,0,199,32,13.0,,A
999000004,2018-04-22T20:31:07,29.07560,-89.29229,11.1,228.4,228.0,SYN-VESSEL-04,IMO9990004,SYN004,70,0,199,32,13.0,,A
999000020,2018-04-22T23:16:14,29.15115,-89.25499,0.8,355.3,357.0,SYN-VESSEL-20,IMO9990020,SYN020,90,3,118,23,,,A
999000020,2018-04-22T23:17:44,29.15140,-89.25501,0.8,356.7,357.0,SYN-VESSEL-20,IMO9990020,SYN020,90,3,118,23,,,A
999000020,2018-04-22T23:07:26,29.14916,-89.25515,1.2,359.5,0.0,SYN-VESSEL-20,IMO9990020,SYN020,90,3,118,23,,,A
999000020,2018-04-22T23:06:25,29.14871,-89.25517,1.5,4.6,1.0,SYN-VESSEL-20,IMO9990020,SYN020,90,3,118,23,,,A
999000020,2018-04-22T23:05:15,29.14819,-89.25513,1.6,4.7,2.0,SYN-VESSEL-20,IMO9990020,SYN020,90,3,118,23,,,A
999000020,2018-04-22T23:03:46,29.14777,-89.25522,0.6,358.0,4.0,SYN-VESSEL-20,IMO9990020,SYN020,90,3,118,23,,,A
999000020,2018-04-22T23:02:25,29.14755,-89.25526,0.6,3.4,5.0,SYN-VESSEL-20,IMO9990020,SYN020,90,3,118,23,,,A
999000020,2018-04-22T23:14:35,29.15070,-89.25498,0.8,9.0,357.0,SYN-VESSEL-20,IMO9990020,SYN020,90,3,118,23,,,A
999000020,2018-04-22T23:13:14,29.15039,-89.25503,0.9,5.3,359.0,SYN-VESSEL-20,IMO9990020,SYN020,90,3,118,23,,,A
999000020,2018-04-22T23:12:04,29.15009,-89.25506,0.9,9.5,0.0,SYN-VESSEL-20,IMO9990020,SYN020,90,3,118,23,,,A
999000020,2018-04-22T23:10:55,29.14981,-89.25511,0.7,3.7,1.0,SYN-VESSEL-20,IMO9990020,SYN020,90,3,118,23,,,A
999000020,2018-04-22T23:08:34,29.14943,-89.25515,0.8,2.2,0.0,SYN-VESSEL-20,IMO9990020,SYN020,90,3,118,23,,,A
999000020,2018-04-22T23:09:46,29.14962,-89.25514,0.5,10.9,0.0,SYN-VESSEL-20,IMO9990020,SYN020,90,3,118,23,,,A
999000020,2018-04-22T22:54:45,29.14584,-89.25561,0.6,11.3,7.0,SYN-VESSEL-20,IMO9990020,SYN020,90,3,118,23,,,A
999000020,2018-04-22T22:52:56,29.14551,-89.25566,0.6,10.6,5.0,SYN-VESSEL-20,IMO9990020,SYN020,90,3,118,23,,,A
999000020,2018-04-22T22:47:54,29.14434,-89.25585,1.0,1.5,3.0,SYN-VESSEL-20,IMO9990020,SYN020,90,3,118,23,,,A
999000020,2018-04-22T22:46:44,29.14399,-89.25585,0.9,0.8,3.0,SYN-VESSEL-20,IMO9990020,SYN020,90,3,118,23,,,A
999000020,2018-04-22T22:57:25,29.14643,-89.25546,0.8,7.5,7.0,SYN-VESSEL-20,IMO9990020,SYN020,90,3,118,23,,,A
999000020,2018-04-22T22:58:49,29.14673,-89.25539,0.9,21.1,6.0,SYN-VESSEL-20,IMO9990020,SYN020,90,3,118,23,,,A
999000020,2018-04-22T22:59:55,29.14702,-89.25536,0.8,7.2,4.0,SYN-VESSEL-20,IMO9990020,SYN020,90,3,118,23,,,A
999000020,2018-04-22T23:00:06,29.14706,-89.25535,0.9,8.3,4.0,SYN-VESSEL-20,IMO9990020,SYN020,90,3,118,23,,,A
999000020,2018-04-22T23:01:15,29.14731,-89.25531,0.7,9.2,5.0,SYN-VESSEL-20,IMO9990020,SYN020,90,3,118,23,,,A
999000020,2018-04-22T21:54:45,29.16469,-89.25600,0.6,346.7,41.0,SYN-VESSEL-20,IMO9990020,SYN020,90,3,118,23,,,A
999000020,2018-04-22T21:52:14,29.16419,-89.25561,0.5,336.3,338.0,SYN-VESSEL-20,IMO9990020,SYN020,90,3,118,23,,,A
999000020,2018-04-22T21:50:54,29.16400,-89.25552,0.6,336.1,338.0,SYN-VESSEL-20,IMO9990020,SYN020,90,3,118,23,,,A
999000020,2018-04-22T21:49:16,29.16372,-89.25539,0.6,339.8,339.0,SYN-VESSEL-20,IMO9990020,SYN020,90,3,118,23,,,A
999000020,2018-04-22T21:39:55,29.16226,-89.25481,0.6,342.6,339.0,SYN-VESSEL-20,IMO9990020,SYN020,90,3,118,23,,,A
999000020,2018-04-22T21:43:15,29.16284,-89.25503,0.6,340.5,338.0,SYN-VESSEL-20,IMO9990020,SYN020,90,3,118,23,,,A
999000020,2018-04-22T21:41:15,29.16249,-89.25489,0.6,341.6,339.0,SYN-VESSEL-20,IMO9990020,SYN020,90,3,118,23,,,A
999000020,2018-04-22T21:47:04,29.16338,-89.25525,0.4,333.7,338.0,SYN-VESSEL-20,IMO9990020,SYN020,90,3,118,23,,,A
999000020,2018-04-22T21:45:44,29.16321,-89.25517,0.5,340.9,338.0,SYN-VESSEL-20,IMO9990020,SYN020,90,3,118,23,,,A
999000020,2018-04-22T21:44:24,29.16304,-89.25510,0.5,340.3,338.0,SYN-VESSEL-20,IMO9990020,SYN020,90,3,118,23,,,A
999000020,2018-04-22T22:01:03,29.15998,-89.25311,3.4,156.4,76.0,SYN-VESSEL-20,IMO9990020,SYN020,90,3,118,23,,,A
999000020,2018-04-22T22:00:02,29.16090,-89.25357,3.9,156.1,97.0,SYN-VESSEL-20,IMO9990020,SYN020,90,3,118,23,,,A
999000020,2018-04-22T21:59:52,29.16107,-89.25366,4.0,157.1,100.0,SYN-VESSEL-20,IMO9990020,SYN020,90,3,118,23,,,A
999000020,2018-04-22T21:56:01,29.16449,-89.25544,2.0,128.6,111.0,SYN-VESSEL-20,IMO9990020,SYN020,90,3,118,23,,,A
999000020,2018-04-22T21:57:05,29.16393,-89.25488,3.0,146.0,150.0,SYN-VESSEL-20,IMO9990020,SYN020,90,3,118,23,,,A
999000020,2018-04-22T21:58:12,29.16288,-89.25443,4.0,164.6,143.0,SYN-VESSEL-20,IMO9990020,SYN020,90,3,118,23,,,A
999000020,2018-04-22T22:02:04,29.15915,-89.25276,2.9,162.9,69.0,SYN-VESSEL-20,IMO9990020,SYN020,90,3,118,23,,,A
999000020,2018-04-22T22:04:19,29.15730,-89.25221,3.5,154.6,45.0,SYN-VESSEL-20,IMO9990020,SYN020,90,3,118,23,,,A
999000020,2018-04-22T22:06:44,29.15699,-89.25141,1.4,11.3,336.0,SYN-VESSEL-20,IMO9990020,SYN020,90,3,118,23,,,A
999000020,2018-04-22T22:05:39,29.15673,-89.25141,0.5,97.6,341.0,SYN-VESSEL-20,IMO9990020,SYN020,90,3,118,23,,,A
999000020,2018-04-22T22:03:15,29.15818,-89.25249,3.0,168.4,63.0,SYN-VESSEL-20,IMO9990020,SYN020,90,3,118,23,,,A
999000020,2018-04-22T22:08:15,29.15693,-89.25141,1.2,191.7,295.0,SYN-VESSEL-20,IMO9990020,SYN020,90,3,118,23,,,A
999000020,2018-04-22T22:09:26,29.15637,-89.25150,1.8,191.9,280.0,SYN-VESSEL-20,IMO9990020,SYN020,90,3,118,23,,,A
999000020,2018-04-22T20:07:45,29.15038,-89.25509,11.5,186.6,185.0,SYN-VESSEL-20,IMO9990020,SYN020,90,3,118,23,,,A
999000020,2018-04-22T20:09:16,29.14595,-89.25562,9.5,185.5,186.0,SYN-VESSEL-20,IMO9990020,SYN020,90,3,118,23,,,A
999000020,2018-04-22T20:06:35,29.15421,-89.25458,11.7,188.9,187.0,SYN-VESSEL-20,IMO9990020,SYN020,90,3,118,23,,,A
999000020,2018-04-22T20:04:19,29.15910,-89.25291,3.5,247.9,221.0,SYN-VESSEL-20,IMO9990020,SYN020,90,3,118,23,,,A
999000020,2018-04-22T20:05:31,29.15722,-89.25394,8.2,198.0,195.0,SYN-VESSEL-20,IMO9990020,SYN020,90,3,118,23,,,A
999000020,2018-04-22T20:00:06,29.15755,-89.25169,0.5,352.5,333.0,SYN-VESSEL-20,IMO9990020,SYN020,90,3,118,23,,,A
999000020,2018-04-22T20:01:14,29.15778,-89.25174,1.1,346.6,334.0,SYN-VESSEL-20,IMO9990020,SYN020,90,3,118,23,,,A
999000020,2018-04-22T20:02:16,29.15817,-89.25187,1.7,345.4,330.0,SYN-VESSEL-20,IMO9990020,SYN020,90,3,118,23,,,A
999000020,2018-04-22T20:03:18,29.15882,-89.25211,2.9,345.8,300.0,SYN-VESSEL-20,IMO9990020,SYN020,90,3,118,23,,,A
999000020,2018-04-22T20:16:25,29.14150,-89.25520,1.9,9.2,2.0,SYN-VESSEL-20,IMO9990020,SYN020,90,3,118,23,,,A
999000020,2018-04-22T20:14:06,29.14136,-89.25539,1.0,191.9,8.0,SYN-VESSEL-20,IMO9990020,SYN020,90,3,118,23,,,A
999000020,2018-04-22T20:12:16,29.14148,-89.25536,0.9,119.9,11.0,SYN-VESSEL-20,IMO9990020,SYN020,90,3,118,23,,,A
999000020,2018-04-22T20:10:49,29.14254,-89.25616,6.2,177.8,104.0,SYN-VESSEL-20,IMO9990020,SYN020,90,3,118,23,,,A
999000020,2018-04-22T20:21:25,29.14337,-89.25519,1.8,356.4,355.0,SYN-VESSEL-20,IMO9990020,SYN020,90,3,118,23,,,A
999000020,2018-04-22T20:19:55,29.14269,-89.25513,1.6,350.0,356.0,SYN-VESSEL-20,IMO9990020,SYN020,90,3,118,23,,,A
999000020,2018-04-22T20:18:25,29.14211,-89.25514,1.1,2.2,0.0,SYN-VESSEL-20,IMO9990020,SYN020,90,3,118,23,,,A
999000020,2018-04-22T20:23:55,29.14496,-89.25548,2.2,346.1,357.0,SYN-VESSEL-20,IMO9990020,SYN020,90,3,118,23,,,A
999000020,2018-04-22T20:25:06,29.14542,-89.25552,0.9,359.2,358.0,SYN-VESSEL-20,IMO9990020,SYN020,90,3,118,23,,,A
999000020,2018-04-22T20:26:16,29.14562,-89.25553,0.8,354.7,358.0,SYN-VESSEL-20,IMO9990020,SYN020,90,3,118,23,,,A
999000020,2018-04-22T18:29:36,29.17764,-89.26159,5.3,159.4,342.0,SYN-VESSEL-20,IMO9990020,SYN020,90,3,118,23,,,A
999000020,2018-04-22T18:28:15,29.17937,-89.26233,4.3,160.8,337.0,SYN-VESSEL-20,IMO9990020,SYN020,90,3,118,23,,,A
999000020,2018-04-22T18:32:24,29.17414,-89.26012,3.1,160.2,338.0,SYN-VESSEL-20,IMO9990020,SYN020,90,3,118,23,,,A
999000020,2018-04-22T18:30:54,29.17578,-89.26077,5.3,158.6,339.0,SYN-VESSEL-20,IMO9990020,SYN020,90,3,118,23,,,A
999000020,2018-04-22T18:24:46,29.18123,-89.26318,0.4,338.0,340.0,SYN-VESSEL-20,IMO9990020,SYN020,90,3,118,23,,,A
999000020,2018-04-22T18:26:56,29.18071,-89.26288,2.9,159.7,341.0,SYN-VESSEL-20,IMO9990020,SYN020,90,3,118,23,,,A
999000020,2018-04-22T18:17:56,29.18017,-89.26268,0.6,331.4,335.0,SYN-VESSEL-20,IMO9990020,SYN020,90,3,118,23,,,A
999000020,2018-04-22T18:16:36,29.17983,-89.26250,1.2,339.4,336.0,SYN-VESSEL-20,IMO9990020,SYN020,90,3,118,23,,,A
999000020,2018-04-22T18:20:25,29.18045,-89.26287,0.4,331.3,339.0,SYN-VESSEL-20,IMO9990020,SYN020,90,3,118,23,,,A
999000020,2018-04-22T18:23:25,29.18102,-89.26309,0.8,338.5,340.0,SYN-VESSEL-20,IMO9990020,SYN020,90,3,118,23,,,A
999000020,2018-04-22T18:34:15,29.17362,-89.25989,0.6,12.4,339.0,SYN-VESSEL-20,IMO9990020,SYN020,90,3,118,23,,,A
999000020,2018-04-22T18:36:15,29.17394,-89.26006,0.5,334.1,338.0,SYN-VESSEL-20,IMO9990020,SYN020,90,3,118,23,,,A
999000020,2018-04-22T18:38:15,29.17423,-89.26021,0.5,337.6,338.0,SYN-VESSEL-20,IMO9990020,SYN020,90,3,118,23,,,A
999000020,2018-04-22T18:39:16,29.17437,-89.26027,0.5,338.9,338.0,SYN-VESSEL-20,IMO9990020,SYN020,90,3,118,23,,,A
999000020,2018-04-22T18:46:35,29.17550,-89.26073,0.5,343.6,339.0,SYN-VESSEL-20,IMO9990020,SYN020,90,3,118,23,,,A
999000020,2018-04-22T18:48:56,29.17581,-89.26085,0.4,340.8,339.0,SYN-VESSEL-20,IMO9990020,SYN020,90,3,118,23,,,A
999000020,2018-04-22T18:50:15,29.17597,-89.26093,0.4,341.5,340.0,SYN-VESSEL-20,IMO9990020,SYN020,90,3,118,23,,,A
999000020,2018-04-22T18:40:55,29.17462,-89.26039,0.6,333.8,339.0,SYN-VESSEL-20,IMO9990020,SYN020,90,3,118,23,,,A
999000020,2018-04-22T18:43:55,29.17512,-89.26060,0.5,343.8,340.0,SYN-VESSEL-20,IMO9990020,SYN020,90,3,118,23,,,A
999000020,2018-04-22T18:44:56,29.17527,-89.26064,0.5,351.4,339.0,SYN-VESSEL-20,IMO9990020,SYN020,90,3,118,23,,,A
999000020,2018-04-22T18:51:56,29.17615,-89.26100,0.4,338.2,340.0,SYN-VESSEL-20,IMO9990020,SYN020,90,3,118,23,,,A
999000020,2018-04-22T22:25:56,29.14018,-89.25735,4.8,188.1,117.0,SYN-VESSEL-20,IMO9990020,SYN020,90,3,118,23,,,A
999000020,2018-04-22T22:27:15,29.13923,-89.25679,2.3,98.8,32.0,SYN-VESSEL-20,IMO9990020,SYN020,90,3,118,23,,,A
999000020,2018-04-22T22:28:35,29.13953,-89.25608,1.3,51.5,1.0,SYN-VESSEL-20,IMO9990020,SYN020,90,3,118,23,,,A
999000020,2018-04-22T22:29:56,29.13995,-89.25611,1.1,350.4,359.0,SYN-VESSEL-20,IMO9990020,SYN020,90,3,118,23,,,A
999000020,2018-04-22T22:31:56,29.14065,-89.25612,1.3,354.3,359.0,SYN-VESSEL-20,IMO9990020,SYN020,90,3,118,23,,,A
999000020,2018-04-22T22:33:46,29.14126,-89.25612,1.0,3.8,3.0,SYN-VESSEL-20,IMO9990020,SYN020,90,3,118,23,,,A
999000020,2018-04-22T22:42:35,29.14313,-89.25592,0.5,6.6,3.0,SYN-VESSEL-20,IMO9990020,SYN020,90,3,118,23,,,A
999000020,2018-04-22T22:41:16,29.14292,-89.25594,0.7,1.5,3.0,SYN-VESSEL-20,IMO9990020,SYN020,90,3,118,23,,,A
999000020,2018-04-22T22:37:54,29.14228,-89.25603,0.9,5.2,4.0,SYN-VESSEL-20,IMO9990020,SYN020,90,3,118,23,,,A
999000020,2018-04-22T22:39:16,29.14261,-89.25598,0.7,9.6,4.0,SYN-VESSEL-20,IMO9990020,SYN020,90,3,118,23,,,A
999000020,2018-04-22T22:36:46,29.14198,-89.25604,0.8,8.4,3.0,SYN-VESSEL-20,IMO9990020,SYN020,90,3,118,23,,,A
999000020,2018-04-22T22:22:06,29.14438,-89.25651,3.6,191.9,196.0,SYN-VESSEL-20,IMO9990020,SYN020,90,3,118,23,,,A
999000020,2018-04-22T22:23:35,29.14284,-89.25684,3.9,190.2,189.0,SYN-VESSEL-20,IMO9990020,SYN020,90,3,118,23,,,A
999000020,2018-04-22T22:24:53,29.14146,-89.25705,3.6,187.9,181.0,SYN-VESSEL-20,IMO9990020,SYN020,90,3,118,23,,,A
999000020,2018-04-22T22:21:01,29.14545,-89.25620,4.4,199.2,199.0,SYN-VESSEL-20,IMO9990020,SYN020,90,3,118,23,,,A
999000020,2018-04-22T22:19:46,29.14697,-89.25569,3.9,196.0,201.0,SYN-VESSEL-20,IMO9990020,SYN020,90,3,118,23,,,A
999000020,2018-04-22T22:12:24,29.15481,-89.25184,0.9,184.6,306.0,SYN-VESSEL-20,IMO9990020,SYN020,90,3,118,23,,,A
999000020,2018-04-22T22:10:44,29.15551,-89.25173,2.3,190.7,300.0,SYN-VESSEL-20,IMO9990020,SYN020,90,3,118,23,,,A
999000020,2018-04-22T22:13:32,29.15461,-89.25199,0.3,125.5,283.0,SYN-VESSEL-20,IMO9990020,SYN020,90,3,118,23,,,A
999000020,2018-04-22T22:18:24,29.14858,-89.25508,5.3,197.2,206.0,SYN-VESSEL-20,IMO9990020,SYN020,90,3,118,23,,,A
999000020,2018-04-22T22:15:21,29.15344,-89.25316,5.2,203.3,210.0,SYN-VESSEL-20,IMO9990020,SYN020,90,3,118,23,,,A
999000020,2018-04-22T22:17:06,29.15057,-89.25433,6.4,197.0,208.0,SYN-VESSEL-20,IMO9990020,SYN020,90,3,118,23,,,A
999000020,2018-04-22T22:43:46,29.14334,-89.25593,0.6,0.1,3.0,SYN-VESSEL-20,IMO9990020,SYN020,90,3,118,23,,,A
999000020,2018-04-22T22:45:35,29.14372,-89.25588,0.9,0.7,3.0,SYN-VESSEL-20,IMO9990020,SYN020,90,3,118,23,,,A
999000020,2018-04-22T23:58:25,29.16067,-89.25438,0.8,356.5,346.0,SYN-VESSEL-20,IMO9990020,SYN020,90,3,118,23,,,A
999000020,2018-04-22T23:59:35,29.16091,-89.25439,0.7,356.5,346.0,SYN-VESSEL-20,IMO9990020,SYN020,90,3,118,23,,,A
999000020,2018-04-22T20:54:14,29.15123,-89.25560,0.7,0.6,358.0,SYN-VESSEL-20,IMO9990020,SYN020,90,3,118,23,,,A
999000020,2018-04-22T20:53:05,29.15100,-89.25561,0.7,1.5,358.0,SYN-VESSEL-20,IMO9990020,SYN020,90,3,118,23,,,A
999000020,2018-04-22T20:49:35,29.15028,-89.25560,0.6,356.3,358.0,SYN-VESSEL-20,IMO9990020,SYN020,90,3,118,23,,,A
999000020,2018-04-22T20:47:16,29.14985,-89.25559,0.7,358.5,357.0,SYN-VESSEL-20,IMO9990020,SYN020,90,3,118,23,,,A
999000020,2018-04-22T21:00:06,29.15237,-89.25550,0.8,6.2,358.0,SYN-VESSEL-20,IMO9990020,SYN020,90,3,118,23,,,A
999000020,2018-04-22T21:01:16,29.15264,-89.25546,0.8,5.0,358.0,SYN-VESSEL-20,IMO9990020,SYN020,90,3,118,23,,,A
999000020,2018-04-22T20:59:36,29.15227,-89.25552,0.8,4.1,358.0,SYN-VESSEL-20,IMO9990020,SYN020,90,3,118,23,,,A
999000020,2018-04-22T20:58:26,29.15203,-89.25555,0.7,1.5,358.0,SYN-VESSEL-20,IMO9990020,SYN020,90,3,118,23,,,A
999000020,2018-04-22T20:33:44,29.14698,-89.25556,0.6,359.3,358.0,SYN-VESSEL-20,IMO9990020,SYN020,90,3,118,23,,,A
999000020,2018-04-22T20:32:24,29.14672,-89.25554,0.6,358.9,358.0,SYN-VESSEL-20,IMO9990020,SYN020,90,3,118,23,,,A
999000020,2018-04-22T20:30:44,29.14645,-89.25554,0.6,358.6,358.0,SYN-VESSEL-20,IMO9990020,SYN020,90,3,118,23,,,A
999000020,2018-04-22T20:29:34,29.14624,-89.25554,0.7,357.9,358.0,SYN-VESSEL-20,IMO9990020,SYN020,90,3,118,23,,,A
999000020,2018-04-22T20:36:15,29.14751,-89.25556,0.6,1.3,358.0,SYN-VESSEL-20,IMO9990020,SYN020,90,3,118,23,,,A
999000020,2018-04-22T20:34:54,29.14725,-89.25556,0.7,2.4,359.0,SYN-VESSEL-20,IMO9990020,SYN020,90,3,118,23,,,A
999000020,2018-04-22T20:45:16,29.14950,-89.25562,0.7,358.8,357.0,SYN-VESSEL-20,IMO9990020,SYN020,90,3,118,23,,,A
999000020,2018-04-22T20:44:06,29.14925,-89.25562,0.8,359.9,357.0,SYN-VESSEL-20,IMO9990020,SYN020,90,3,118,23,,,A
999000020,2018-04-22T20:38:54,29.14811,-89.25555,0.8,7.5,357.0,SYN-VESSEL-20,IMO9990020,SYN020,90,3,118,23,,,A
999000020,2018-04-22T20:42:06,29.14880,-89.25558,0.8,357.7,356.0,SYN-VESSEL-20,IMO9990020,SYN020,90,3,118,23,,,A
999000020,2018-04-22T21:02:26,29.15294,-89.25544,0.8,3.5,358.0,SYN-VESSEL-20,IMO9990020,SYN020,90,3,118,23,,,A
999000020,2018-04-22T21:04:45,29.15340,-89.25536,0.7,12.3,357.0,SYN-VESSEL-20,IMO9990020,SYN020,90,3,118,23,,,A
999000020,2018-04-22T18:13:46,29.17897,-89.26196,1.1,327.4,336.0,SYN-VESSEL-20,IMO9990020,SYN020,90,3,118,23,,,A
999000020,2018-04-22T18:14:56,29.17934,-89.26221,1.2,321.7,335.0,SYN-VESSEL-20,IMO9990020,SYN020,90,3,118,23,,,A
999000020,2018-04-22T18:02:25,29.17680,-89.26094,0.6,350.0,342.0,SYN-VESSEL-20,IMO9990020,SYN020,90,3,118,23,,,A
999000020,2018-04-22T18:03:36,29.17704,-89.26099,0.8,339.6,338.0,SYN-VESSEL-20,IMO9990020,SYN020,90,3,118,23,,,A
999000020,2018-04-22T18:04:46,29.17727,-89.26108,0.8,344.1,339.0,SYN-VESSEL-20,IMO9990020,SYN020,90,3,118,23,,,A
999000020,2018-04-22T18:01:15,29.17655,-89.26089,0.8,352.0,342.0,SYN-VESSEL-20,IMO9990020,SYN020,90,3,118,23,,,A
999000020,2018-04-22T18:08:35,29.17807,-89.26135,0.5,337.3,339.0,SYN-VESSEL-20,IMO9990020,SYN020,90,3,118,23,,,A
999000020,2018-04-22T18:09:46,29.17822,-89.26142,0.4,336.0,340.0,SYN-VESSEL-20,IMO9990020,SYN020,90,3,118,23,,,A
999000020,2018-04-22T18:12:36,29.17871,-89.26174,0.9,323.5,334.0,SYN-VESSEL-20,IMO9990020,SYN020,90,3,118,23,,,A
999000020,2018-04-22T18:10:55,29.17834,-89.26148,0.4,319.4,335.0,SYN-VESSEL-20,IMO9990020,SYN020,90,3,118,23,,,A
999000020,2018-04-22T18:06:14,29.17768,-89.26123,1.0,344.2,339.0,SYN-VESSEL-20,IMO9990020,SYN020,90,3,118,23,,,A
999000020,2018-04-22T18:07:25,29.17789,-89.26129,0.6,341.8,339.0,SYN-VESSEL-20,IMO9990020,SYN020,90,3,118,23,,,A
999000020,2018-04-22T18:00:04,29.17628,-89.26084,0.8,339.9,342.0,SYN-VESSEL-20,IMO9990020,SYN020,90,3,118,23,,,A
999000020,2018-04-22T23:50:04,29.15900,-89.25424,0.7,349.8,343.0,SYN-VESSEL-20,IMO9990020,SYN020,90,3,118,23,,,A
999000020,2018-04-22T23:52:55,29.15953,-89.25430,0.5,358.8,346.0,SYN-VESSEL-20,IMO9990020,SYN020,90,3,118,23,,,A
999000020,2018-04-22T23:51:24,29.15926,-89.25428,0.6,357.9,345.0,SYN-VESSEL-20,IMO9990020,SYN020,90,3,118,23,,,A
999000020,2018-04-22T23:48:04,29.15865,-89.25418,0.5,357.6,343.0,SYN-VESSEL-20,IMO9990020,SYN020,90,3,118,23,,,A
999000020,2018-04-22T23:43:15,29.15708,-89.25438,0.9,6.1,353.0,SYN-VESSEL-20,IMO9990020,SYN020,90,3,118,23,,,A
999000020,2018-04-22T23:44:36,29.15744,-89.25432,1.0,8.5,353.0,SYN-VESSEL-20,IMO9990020,SYN020,90,3,118,23,,,A
999000020,2018-04-22T23:32:56,29.15473,-89.25457,0.9,20.4,355.0,SYN-VESSEL-20,IMO9990020,SYN020,90,3,118,23,,,A
999000020,2018-04-22T23:36:45,29.15577,-89.25449,0.6,3.6,352.0,SYN-VESSEL-20,IMO9990020,SYN020,90,3,118,23,,,A
999000020,2018-04-22T23:38:45,29.15613,-89.25450,0.6,0.5,352.0,SYN-VESSEL-20,IMO9990020,SYN020,90,3,118,23,,,A
999000020,2018-04-22T23:42:05,29.15681,-89.25441,0.8,2.4,352.0,SYN-VESSEL-20,IMO9990020,SYN020,90,3,118,23,,,A
999000020,2018-04-22T23:40:45,29.15651,-89.25442,0.7,5.0,352.0,SYN-VESSEL-20,IMO9990020,SYN020,90,3,118,23,,,A
999000020,2018-04-22T23:20:36,29.15199,-89.25496,0.7,358.8,358.0,SYN-VESSEL-20,IMO9990020,SYN020,90,3,118,23,,,A
999000020,2018-04-22T23:18:55,29.15165,-89.25497,0.6,5.0,358.0,SYN-VESSEL-20,IMO9990020,SYN020,90,3,118,23,,,A
999000020,2018-04-22T23:21:44,29.15223,-89.25495,0.8,359.5,358.0,SYN-VESSEL-20,IMO9990020,SYN020,90,3,118,23,,,A
999000020,2018-04-22T23:22:55,29.15253,-89.25491,1.0,2.4,357.0,SYN-VESSEL-20,IMO9990020,SYN020,90,3,118,23,,,A
999000020,2018-04-22T23:25:36,29.15326,-89.25485,0.8,8.5,358.0,SYN-VESSEL-20,IMO9990020,SYN020,90,3,118,23,,,A
999000020,2018-04-22T23:26:56,29.15352,-89.25479,0.6,3.4,357.0,SYN-VESSEL-20,IMO9990020,SYN020,90,3,118,23,,,A
999000020,2018-04-22T23:30:35,29.15417,-89.25471,1.0,14.0,358.0,SYN-VESSEL-20,IMO9990020,SYN020,90,3,118,23,,,A
999000020,2018-04-22T23:28:05,29.15369,-89.25479,0.4,356.6,358.0,SYN-VESSEL-20,IMO9990020,SYN020,90,3,118,23,,,A
999000020,2018-04-22T23:31:44,29.15445,-89.25464,0.7,12.4,357.0,SYN-VESSEL-20,IMO9990020,SYN020,90,3,118,23,,,A
999000020,2018-04-22T23:57:24,29.16044,-89.25436,0.9,356.1,347.0,SYN-VESSEL-20,IMO9990020,SYN020,90,3,118,23,,,A
999000020,2018-04-22T23:54:15,29.15975,-89.25430,0.7,351.7,346.0,SYN-VESSEL-20,IMO9990020,SYN020,90,3,118,23,,,A
999000020,2018-04-22T19:55:03,29.15697,-89.25160,0.4,324.1,329.0,SYN-VESSEL-20,IMO9990020,SYN020,90,3,118,23,,,A
999000020,2018-04-22T19:57:54,29.15712,-89.25153,0.8,345.7,331.0,SYN-VESSEL-20,IMO9990020,SYN020,90,3,118,23,,,A
999000020,2018-04-22T19:59:45,29.15750,-89.25168,0.6,341.3,333.0,SYN-VESSEL-20,IMO9990020,SYN020,90,3,118,23,,,A
999000020,2018-04-22T19:40:57,29.15525,-89.25149,0.9,137.2,345.0,SYN-VESSEL-20,IMO9990020,SYN020,90,3,118,23,,,A
999000020,2018-04-22T19:39:45,29.15515,-89.25154,0.6,10.0,343.0,SYN-VESSEL-20,IMO9990020,SYN020,90,3,118,23,,,A
999000020,2018-04-22T19:45:21,29.15470,-89.25052,1.6,0.7,335.0,SYN-VESSEL-20,IMO9990020,SYN020,90,3,118,23,,,A
999000020,2018-04-22T19:42:16,29.15468,-89.25119,2.5,155.2,345.0,SYN-VESSEL-20,IMO9990020,SYN020,90,3,118,23,,,A
999000020,2018-04-22T19:43:51,29.15425,-89.25063,1.3,50.7,347.0,SYN-VESSEL-20,IMO9990020,SYN020,90,3,118,23,,,A
999000020,2018-04-22T19:50:08,29.15624,-89.25128,0.6,325.8,333.0,SYN-VESSEL-20,IMO9990020,SYN020,90,3,118,23,,,A
999000020,2018-04-22T19:51:24,29.15648,-89.25137,0.5,344.5,331.0,SYN-VESSEL-20,IMO9990020,SYN020,90,3,118,23,,,A
999000020,2018-04-22T19:52:34,29.15652,-89.25137,0.1,349.0,330.0,SYN-VESSEL-20,IMO9990020,SYN020,90,3,118,23,,,A
999000020,2018-04-22T19:53:54,29.15674,-89.25148,0.9,331.5,329.0,SYN-VESSEL-20,IMO9990020,SYN020,90,3,118,23,,,A
999000020,2018-04-22T19:34:05,29.15419,-89.25180,0.5,41.7,347.0,SYN-VESSEL-20,IMO9990020,SYN020,90,3,118,23,,,A
999000020,2018-04-22T19:36:15,29.15451,-89.25166,0.6,4.7,346.0,SYN-VESSEL-20,IMO9990020,SYN020,90,3,118,23,,,A
999000020,2018-04-22T19:37:16,29.15474,-89.25166,0.8,2.8,346.0,SYN-VESSEL-20,IMO9990020,SYN020,90,3,118,23,,,A
999000020,2018-04-22T19:30:08,29.15426,-89.25195,2.4,145.5,347.0,SYN-VESSEL-20,IMO9990020,SYN020,90,3,118,23,,,A
999000020,2018-04-22T19:32:15,29.15404,-89.25197,0.4,350.0,351.0,SYN-VESSEL-20,IMO9990020,SYN020,90,3,118,23,,,A
999000020,2018-04-22T19:28:28,29.15589,-89.25321,6.7,160.3,93.0,SYN-VESSEL-20,IMO9990020,SYN020,90,3,118,23,,,A
999000020,2018-04-22T19:27:18,29.15859,-89.25363,10.0,174.3,176.0,SYN-VESSEL-20,IMO9990020,SYN020,90,3,118,23,,,A
999000020,2018-04-22T19:24:56,29.16559,-89.25576,11.2,160.2,158.0,SYN-VESSEL-20,IMO9990020,SYN020,90,3,118,23,,,A
999000020,2018-04-22T19:21:46,29.17444,-89.25937,9.4,159.6,158.0,SYN-VESSEL-20,IMO9990020,SYN020,90,3,118,23,,,A
999000020,2018-04-22T19:20:45,29.17678,-89.26037,7.9,159.4,158.0,SYN-VESSEL-20,IMO9990020,SYN020,90,3,118,23,,,A
999000020,2018-04-22T19:00:06,29.17724,-89.26139,0.7,331.7,337.0,SYN-VESSEL-20,IMO9990020,SYN020,90,3,118,23,,,A
999000020,2018-04-22T18:59:15,29.17710,-89.26130,0.6,342.4,337.0,SYN-VESSEL-20,IMO9990020,SYN020,90,3,118,23,,,A
999000020,2018-04-22T19:01:15,29.17751,-89.26150,1.0,341.6,337.0,SYN-VESSEL-20,IMO9990020,SYN020,90,3,118,23,,,A
999000020,2018-04-22T19:03:36,29.17800,-89.26171,0.6,331.0,336.0,SYN-VESSEL-20,IMO9990020,SYN020,90,3,118,23,,,A
999000020,2018-04-22T19:04:45,29.17818,-89.26181,0.5,333.0,337.0,SYN-VESSEL-20,IMO9990020,SYN020,90,3,118,23,,,A
999000020,2018-04-22T19:02:25,29.17778,-89.26160,0.8,343.0,337.0,SYN-VESSEL-20,IMO9990020,SYN020,90,3,118,23,,,A
999000020,2018-04-22T18:54:35,29.17647,-89.26107,0.4,348.3,340.0,SYN-VESSEL-20,IMO9990020,SYN020,90,3,118,23,,,A
999000020,2018-04-22T18:56:55,29.17676,-89.26113,0.5,340.4,338.0,SYN-VESSEL-20,IMO9990020,SYN020,90,3,118,23,,,A
999000020,2018-04-22T18:58:06,29.17691,-89.26122,0.5,332.2,338.0,SYN-VESSEL-20,IMO9990020,SYN020,90,3,118,23,,,A
999000020,2018-04-22T19:08:35,29.17878,-89.26212,0.6,328.0,335.0,SYN-VESSEL-20,IMO9990020,SYN020,90,3,118,23,,,A
999000020,2018-04-22T19:07:15,29.17858,-89.26198,0.6,335.4,336.0,SYN-VESSEL-20,IMO9990020,SYN020,90,3,118,23,,,A
999000020,2018-04-22T19:06:06,29.17840,-89.26192,0.6,340.0,338.0,SYN-VESSEL-20,IMO9990020,SYN020,90,3,118,23,,,A
999000020,2018-04-22T19:10:06,29.17905,-89.26233,0.9,321.3,337.0,SYN-VESSEL-20,IMO9990020,SYN020,90,3,118,23,,,A
999000020,2018-04-22T19:11:35,29.17927,-89.26249,0.8,337.9,335.0,SYN-VESSEL-20,IMO9990020,SYN020,90,3,118,23,,,A
999000020,2018-04-22T19:13:06,29.17974,-89.26261,0.8,342.2,342.0,SYN-VESSEL-20,IMO9990020,SYN020,90,3,118,23,,,A
999000020,2018-04-22T19:15:06,29.18009,-89.26266,0.6,353.0,341.0,SYN-VESSEL-20,IMO9990020,SYN020,90,3,118,23,,,A
999000020,2018-04-22T19:17:21,29.18053,-89.26247,1.6,102.6,96.0,SYN-VESSEL-20,IMO9990020,SYN020,90,3,118,23,,,A
999000020,2018-04-22T19:16:18,29.18043,-89.26278,1.1,348.4,19.0,SYN-VESSEL-20,IMO9990020,SYN020,90,3,118,23,,,A
999000020,2018-04-22T19:18:42,29.17996,-89.26173,3.2,148.7,157.0,SYN-VESSEL-20,IMO9990020,SYN020,90,3,118,23,,,A
999000020,2018-04-22T21:19:01,29.15759,-89.25445,1.6,18.4,354.0,SYN-VESSEL-20,IMO9990020,SYN020,90,3,118,23,,,A
999000020,2018-04-22T21:20:16,29.15808,-89.25438,0.9,6.6,351.0,SYN-VESSEL-20,IMO9990020,SYN020,90,3,118,23,,,A
999000020,2018-04-22T21:21:34,29.15849,-89.25436,1.0,355.0,350.0,SYN-VESSEL-20,IMO9990020,SYN020,90,3,118,23,,,A
999000020,2018-04-22T21:24:16,29.15923,-89.25433,0.9,3.7,349.0,SYN-VESSEL-20,IMO9990020,SYN020,90,3,118,23,,,A
999000020,2018-04-22T21:30:45,29.16072,-89.25435,0.5,1.7,347.0,SYN-VESSEL-20,IMO9990020,SYN020,90,3,118,23,,,A
999000020,2018-04-22T21:33:25,29.16126,-89.25443,0.6,357.1,344.0,SYN-VESSEL-20,IMO9990020,SYN020,90,3,118,23,,,A
999000020,2018-04-22T21:29:24,29.16051,-89.25433,0.7,341.9,347.0,SYN-VESSEL-20,IMO9990020,SYN020,90,3,118,23,,,A
999000020,2018-04-22T21:26:45,29.15993,-89.25430,0.7,8.6,348.0,SYN-VESSEL-20,IMO9990020,SYN020,90,3,118,23,,,A
999000020,2018-04-22T21:11:45,29.15518,-89.25507,1.1,16.7,0.0,SYN-VESSEL-20,IMO9990020,SYN020,90,3,118,23,,,A
999000020,2018-04-22T21:13:45,29.15576,-89.25493,1.0,14.5,358.0,SYN-VESSEL-20,IMO9990020,SYN020,90,3,118,23,,,A
999000020,2018-04-22T21:17:45,29.15714,-89.25463,1.1,13.8,359.0,SYN-VESSEL-20,IMO9990020,SYN020,90,3,118,23,,,A
999000020,2018-04-22T21:15:45,29.15640,-89.25476,1.4,4.4,357.0,SYN-VESSEL-20,IMO9990020,SYN020,90,3,118,23,,,A
999000020,2018-04-22T21:08:15,29.15433,-89.25524,0.7,8.4,358.0,SYN-VESSEL-20,IMO9990020,SYN020,90,3,118,23,,,A
999000020,2018-04-22T21:09:45,29.15467,-89.25520,0.8,5.5,0.0,SYN-VESSEL-20,IMO9990020,SYN020,90,3,118,23,,,A
999000020,2018-04-22T21:03:36,29.15318,-89.25540,0.9,1.5,357.0,SYN-VESSEL-20,IMO9990020,SYN020,90,3,118,23,,,A
999000020,2018-04-22T21:05:56,29.15368,-89.25533,0.8,4.1,358.0,SYN-VESSEL-20,IMO9990020,SYN020,90,3,118,23,,,A
999000020,2018-04-22T21:07:06,29.15401,-89.25529,0.9,8.6,358.0,SYN-VESSEL-20,IMO9990020,SYN020,90,3,118,23,,,A
999000020,2018-04-22T21:35:25,29.16159,-89.25455,0.5,326.8,339.0,SYN-VESSEL-20,IMO9990020,SYN020,90,3,118,23,,,A
999000020,2018-04-22T21:37:15,29.16186,-89.25467,0.6,337.6,338.0,SYN-VESSEL-20,IMO9990020,SYN020,90,3,118,23,,,A
999000042,2018-04-22T18:37:34,28.74003,-89.18681,21.2,283.7,287.0,SYN-VESSEL-42,IMO9990042,SYN042,90,0,64,9,2.7,,A
999000042,2018-04-22T18:29:15,28.72674,-89.13424,20.4,285.5,287.0,SYN-VESSEL-42,IMO9990042,SYN042,90,0,64,9,2.7,,A
999000042,2018-04-22T18:26:52,28.72288,-89.11882,20.7,285.3,287.0,SYN-VESSEL-42,IMO9990042,SYN042,90,0,64,9,2.7,,A
999000042,2018-04-22T18:28:04,28.72480,-89.12634,21.0,284.6,286.0,SYN-VESSEL-42,IMO9990042,SYN042,90,0,64,9,2.7,,A
999000042,2018-04-22T18:30:22,28.72849,-89.14107,20.4,287.6,289.0,SYN-VESSEL-42,IMO9990042,SYN042,90,0,64,9,2.7,,A
999000042,2018-04-22T18:35:28,28.73679,-89.17347,20.7,288.1,290.0,SYN-VESSEL-42,IMO9990042,SYN042,90,0,64,9,2.7,,A
999000042,2018-04-22T18:31:34,28.73043,-89.14869,20.7,285.2,287.0,SYN-VESSEL-42,IMO9990042,SYN042,90,0,64,9,2.7,,A
999000042,2018-04-22T18:25:28,28.72057,-89.11008,20.7,283.1,285.0,SYN-VESSEL-42,IMO9990042,SYN042,90,0,64,9,2.7,,A
999000042,2018-04-22T18:22:28,28.71559,-89.09126,20.7,287.5,289.0,SYN-VESSEL-42,IMO9990042,SYN042,90,0,64,9,2.7,,A
999000042,2018-04-22T18:15:21,28.70195,-89.04573,21.4,291.6,291.0,SYN-VESSEL-42,IMO9990042,SYN042,90,0,64,9,2.7,,A
999000042,2018-04-22T18:18:16,28.70783,-89.06464,21.5,290.3,289.0,SYN-VESSEL-42,IMO9990042,SYN042,90,0,64,9,2.7,,A
999000042,2018-04-22T18:19:58,28.71124,-89.07530,21.0,287.2,288.0,SYN-VESSEL-42,IMO9990042,SYN042,90,0,64,9,2.7,,A
999000042,2018-04-22T18:50:46,28.76168,-89.27061,20.2,282.4,286.0,SYN-VESSEL-42,IMO9990042,SYN042,90,0,64,9,2.7,,A
999000042,2018-04-22T18:49:40,28.76001,-89.26361,20.6,286.6,287.0,SYN-VESSEL-42,IMO9990042,SYN042,90,0,64,9,2.7,,A
999000042,2018-04-22T18:39:09,28.74279,-89.19686,21.0,285.1,287.0,SYN-VESSEL-42,IMO9990042,SYN042,90,0,64,9,2.7,,A
999000042,2018-04-22T18:40:16,28.74458,-89.20389,21.2,284.5,287.0,SYN-VESSEL-42,IMO9990042,SYN042,90,0,64,9,2.7,,A
999000042,2018-04-22T18:41:40,28.74682,-89.21288,20.8,285.8,287.0,SYN-VESSEL-42,IMO9990042,SYN042,90,0,64,9,2.7,,A
999000042,2018-04-22T18:42:52,28.74868,-89.22044,20.0,288.0,287.0,SYN-VESSEL-42,IMO9990042,SYN042,90,0,64,9,2.7,,A
999000042,2018-04-22T18:46:46,28.75525,-89.24502,21.0,287.1,288.0,SYN-VESSEL-42,IMO9990042,SYN042,90,0,64,9,2.7,,A
999000042,2018-04-22T18:52:58,28.76487,-89.28397,21.4,284.5,285.0,SYN-VESSEL-42,IMO9990042,SYN042,90,0,64,9,2.7,,A
999000042,2018-04-22T18:54:16,28.76677,-89.29305,20.8,278.1,282.0,SYN-VESSEL-42,IMO9990042,SYN042,90,0,64,9,2.7,,A
999000010,2018-04-22T20:06:45,29.18245,-89.26242,11.2,159.7,160.0,SYN-VESSEL-10,IMO9990010,SYN010,70,0,182,,,,A
999000010,2018-04-22T20:02:26,29.19462,-89.26880,11.3,150.5,152.0,SYN-VESSEL-10,IMO9990010,SYN010,70,0,182,,,,A
999000010,2018-04-22T20:03:35,29.19146,-89.26683,11.2,152.2,152.0,SYN-VESSEL-10,IMO9990010,SYN010,70,0,182,,,,A
999000010,2018-04-22T20:05:04,29.18733,-89.26455,11.0,158.4,158.0,SYN-VESSEL-10,IMO9990010,SYN010,70,0,182,,,,A
999000010,2018-04-22T20:01:15,29.19789,-89.27096,11.5,148.0,151.0,SYN-VESSEL-10,IMO9990010,SYN010,70,0,182,,,,A
999000010,2018-04-22T20:10:24,29.17147,-89.25838,11.4,163.6,163.0,SYN-VESSEL-10,IMO9990010,SYN010,70,0,182,,,,A
999000010,2018-04-22T20:09:16,29.17500,-89.25954,11.4,163.4,164.0,SYN-VESSEL-10,IMO9990010,SYN010,70,0,182,,,,A
999000010,2018-04-22T20:08:04,29.17856,-89.26082,11.3,161.2,162.0,SYN-VESSEL-10,IMO9990010,SYN010,70,0,182,,,,A
999000010,2018-04-22T20:13:25,29.16214,-89.25534,11.3,173.3,186.0,SYN-VESSEL-10,IMO9990010,SYN010,70,0,182,,,,A
999000010,2018-04-22T20:12:04,29.16636,-89.25657,11.6,162.2,163.0,SYN-VESSEL-10,IMO9990010,SYN010,70,0,182,,,,A
999000010,2018-04-22T20:16:04,29.15415,-89.25580,10.7,184.4,184.0,SYN-VESSEL-10,IMO9990010,SYN010,70,0,182,,,,A
999000010,2018-04-22T20:14:36,29.15854,-89.25548,10.9,184.3,186.0,SYN-VESSEL-10,IMO9990010,SYN010,70,0,182,,,,A
999000010,2018-04-22T20:18:04,29.14827,-89.25628,10.4,184.7,183.0,SYN-VESSEL-10,IMO9990010,SYN010,70,0,182,,,,A
999000010,2018-04-22T20:19:16,29.14477,-89.25653,10.5,182.4,179.0,SYN-VESSEL-10,IMO9990010,SYN010,70,0,182,,,,A
999000010,2018-04-22T20:26:25,29.12292,-89.26278,12.1,201.8,204.0,SYN-VESSEL-10,IMO9990010,SYN010,70,0,182,,,,A
999000010,2018-04-22T20:22:36,29.13481,-89.25787,11.3,199.0,198.0,SYN-VESSEL-10,IMO9990010,SYN010,70,0,182,,,,A
999000010,2018-04-22T20:24:45,29.12816,-89.26058,11.9,199.9,198.0,SYN-VESSEL-10,IMO9990010,SYN010,70,0,182,,,,A
999000010,2018-04-22T20:21:24,29.13839,-89.25679,11.1,185.3,189.0,SYN-VESSEL-10,IMO9990010,SYN010,70,0,182,,,,A
999000010,2018-04-22T20:33:56,29.09911,-89.27603,13.0,206.1,205.0,SYN-VESSEL-10,IMO9990010,SYN010,70,0,182,,,,A
999000010,2018-04-22T20:35:14,29.09489,-89.27827,12.8,203.9,203.0,SYN-VESSEL-10,IMO9990010,SYN010,70,0,182,,,,A
999000010,2018-04-22T20:27:36,29.11924,-89.26458,12.1,202.7,203.0,SYN-VESSEL-10,IMO9990010,SYN010,70,0,182,,,,A
999000010,2018-04-22T20:30:56,29.10866,-89.27015,12.9,204.3,206.0,SYN-VESSEL-10,IMO9990010,SYN010,70,0,182,,,,A
999000010,2018-04-22T20:43:46,29.07154,-89.29758,11.4,228.4,227.0,SYN-VESSEL-10,IMO9990010,SYN010,70,0,182,,,,A
999000010,2018-04-22T20:40:46,29.07809,-89.28926,12.4,222.3,229.0,SYN-VESSEL-10,IMO9990010,SYN010,70,0,182,,,,A
999000010,2018-04-22T20:36:56,29.08932,-89.28103,12.7,204.0,204.0,SYN-VESSEL-10,IMO9990010,SYN010,70,0,182,,,,A
999000010,2018-04-22T20:38:55,29.08317,-89.28468,12.5,214.2,217.0,SYN-VESSEL-10,IMO9990010,SYN010,70,0,182,,,,A
999000008,2018-04-22T18:38:34,28.86559,-89.27896,0.4,57.5,260.0,SYN-VESSEL-08,IMO9990008,SYN008,90,3,61,14,4.3,,A
999000008,2018-04-22T18:35:16,28.86559,-89.27897,0.3,84.0,260.0,SYN-VESSEL-08,IMO9990008,SYN008,90,3,61,14,4.3,,A
999000008,2018-04-22T18:33:04,28.86558,-89.27896,0.4,98.8,259.0,SYN-VESSEL-08,IMO9990008,SYN008,90,3,61,14,4.3,,A
999000008,2018-04-22T18:29:34,28.86559,-89.27896,0.3,111.4,260.0,SYN-VESSEL-08,IMO9990008,SYN008,90,3,61,14,4.3,,A
999000008,2018-04-22T18:34:15,28.86557,-89.27897,0.6,92.4,260.0,SYN-VESSEL-08,IMO9990008,SYN008,90,3,61,14,4.3,,A
999000008,2018-04-22T18:42:14,28.86560,-89.27892,0.6,81.5,259.0,SYN-VESSEL-08,IMO9990008,SYN008,90,3,61,14,4.3,,A
999000008,2018-04-22T18:44:35,28.86561,-89.27890,0.3,53.2,259.0,SYN-VESSEL-08,IMO9990008,SYN008,90,3,61,14,4.3,,A
999000008,2018-04-22T18:46:35,28.86562,-89.27887,0.3,187.3,259.0,SYN-VESSEL-08,IMO9990008,SYN008,90,3,61,14,4.3,,A
999000008,2018-04-22T18:47:45,28.86561,-89.27886,0.6,89.1,259.0,SYN-VESSEL-08,IMO9990008,SYN008,90,3,61,14,4.3,,A
999000008,2018-04-22T18:26:44,28.86558,-89.27895,0.5,76.4,259.0,SYN-VESSEL-08,IMO9990008,SYN008,90,3,61,14,4.3,,A
999000008,2018-04-22T18:25:14,28.86559,-89.27893,0.3,95.8,260.0,SYN-VESSEL-08,IMO9990008,SYN008,90,3,61,14,4.3,,A
999000008,2018-04-22T18:28:24,28.86560,-89.27895,0.3,69.1,260.0,SYN-VESSEL-08,IMO9990008,SYN008,90,3,61,14,4.3,,A
999000008,2018-04-22T18:15:04,28.86559,-89.27893,0.3,81.2,259.0,SYN-VESSEL-08,IMO9990008,SYN008,90,3,61,14,4.3,,A
999000008,2018-04-22T18:16:15,28.86561,-89.27895,0.5,75.0,259.0,SYN-VESSEL-08,IMO9990008,SYN008,90,3,61,14,4.3,,A
999000008,2018-04-22T18:18:14,28.86560,-89.27893,0.3,69.1,259.0,SYN-VESSEL-08,IMO9990008,SYN008,90,3,61,14,4.3,,A
999000008,2018-04-22T18:19:44,28.86560,-89.27894,0.4,82.2,260.0,SYN-VESSEL-08,IMO9990008,SYN008,90,3,61,14,4.3,,A
999000008,2018-04-22T18:21:14,28.86559,-89.27893,0.4,86.1,260.0,SYN-VESSEL-08,IMO9990008,SYN008,90,3,61,14,4.3,,A
999000008,2018-04-22T18:23:14,28.86561,-89.27897,0.4,89.0,259.0,SYN-VESSEL-08,IMO9990008,SYN008,90,3,61,14,4.3,,A
999000008,2018-04-22T18:49:35,28.86561,-89.27889,0.3,250.0,260.0,SYN-VESSEL-08,IMO9990008,SYN008,90,3,61,14,4.3,,A
999000008,2018-04-22T19:19:34,28.86560,-89.27896,0.4,88.4,260.0,SYN-VESSEL-08,IMO9990008,SYN008,90,3,61,14,4.3,,A
999000008,2018-04-22T19:18:26,28.86564,-89.27892,0.6,106.7,259.0,SYN-VESSEL-08,IMO9990008,SYN008,90,3,61,14,4.3,,A
999000008,2018-04-22T19:17:15,28.86565,-89.27891,0.4,64.5,259.0,SYN-VESSEL-08,IMO9990008,SYN008,90,3,61,14,4.3,,A
999000008,2018-04-22T19:04:35,28.86560,-89.27891,0.3,67.4,260.0,SYN-VESSEL-08,IMO9990008,SYN008,90,3,61,14,4.3,,A
999000008,2018-04-22T19:03:25,28.86560,-89.27891,0.5,117.5,259.0,SYN-VESSEL-08,IMO9990008,SYN008,90,3,61,14,4.3,,A
999000008,2018-04-22T19:01:14,28.86560,-89.27886,0.2,275.6,260.0,SYN-VESSEL-08,IMO9990008,SYN008,90,3,61,14,4.3,,A
999000008,2018-04-22T19:02:15,28.86560,-89.27890,0.2,212.1,259.0,SYN-VESSEL-08,IMO9990008,SYN008,90,3,61,14,4.3,,A
999000008,2018-04-22T19:00:05,28.86559,-89.27890,0.3,251.6,259.0,SYN-VESSEL-08,IMO9990008,SYN008,90,3,61,14,4.3,,A
999000008,2018-04-22T18:58:56,28.86559,-89.27891,0.4,266.6,260.0,SYN-VESSEL-08,IMO9990008,SYN008,90,3,61,14,4.3,,A
999000008,2018-04-22T18:57:44,28.86560,-89.27890,0.7,272.6,261.0,SYN-VESSEL-08,IMO9990008,SYN008,90,3,61,14,4.3,,A
999000008,2018-04-22T18:50:44,28.86560,-89.27887,0.5,251.1,259.0,SYN-VESSEL-08,IMO9990008,SYN008,90,3,61,14,4.3,,A
999000008,2018-04-22T18:55:44,28.86560,-89.27890,0.5,263.7,261.0,SYN-VESSEL-08,IMO9990008,SYN008,90,3,61,14,4.3,,A
999000008,2018-04-22T19:07:04,28.86560,-89.27889,0.4,117.9,259.0,SYN-VESSEL-08,IMO9990008,SYN008,90,3,61,14,4.3,,A
999000008,2018-04-22T19:05:55,28.86561,-89.27891,0.5,75.2,260.0,SYN-VESSEL-08,IMO9990008,SYN008,90,3,61,14,4.3,,A
999000008,2018-04-22T19:08:55,28.86560,-89.27890,0.3,79.9,259.0,SYN-VESSEL-08,IMO9990008,SYN008,90,3,61,14,4.3,,A
999000008,2018-04-22T19:10:14,28.86559,-89.27892,0.5,67.8,260.0,SYN-VESSEL-08,IMO9990008,SYN008,90,3,61,14,4.3,,A
999000008,2018-04-22T19:16:04,28.86559,-89.27894,0.2,68.9,260.0,SYN-VESSEL-08,IMO9990008,SYN008,90,3,61,14,4.3,,A
999000008,2018-04-22T19:14:55,28.86564,-89.27891,0.3,122.2,259.0,SYN-VESSEL-08,IMO9990008,SYN008,90,3,61,14,4.3,,A
999000008,2018-04-22T19:13:45,28.86562,-89.27888,0.5,144.6,258.0,SYN-VESSEL-08,IMO9990008,SYN008,90,3,61,14,4.3,,A
999000008,2018-04-22T19:12:36,28.86560,-89.27891,0.5,106.6,259.0,SYN-VESSEL-08,IMO9990008,SYN008,90,3,61,14,4.3,,A
999000008,2018-04-22T19:11:35,28.86563,-89.27893,0.5,94.6,260.0,SYN-VESSEL-08,IMO9990008,SYN008,90,3,61,14,4.3,,A
999000008,2018-04-22T18:13:55,28.86559,-89.27896,0.5,115.6,260.0,SYN-VESSEL-08,IMO9990008,SYN008,90,3,61,14,4.3,,A
999000008,2018-04-22T18:09:25,28.86557,-89.27899,0.5,83.2,259.0,SYN-VESSEL-08,IMO9990008,SYN008,90,3,61,14,4.3,,A
999000008,2018-04-22T18:10:35,28.86558,-89.27898,0.4,55.4,259.0,SYN-VESSEL-08,IMO9990008,SYN008,90,3,61,14,4.3,,A
999000008,2018-04-22T18:11:55,28.86558,-89.27896,0.7,70.1,260.0,SYN-VESSEL-08,IMO9990008,SYN008,90,3,61,14,4.3,,A
999000008,2018-04-22T18:08:15,28.86558,-89.27898,0.3,99.9,260.0,SYN-VESSEL-08,IMO9990008,SYN008,90,3,61,14,4.3,,A
999000008,2018-04-22T18:07:04,28.86557,-89.27896,0.5,83.1,260.0,SYN-VESSEL-08,IMO9990008,SYN008,90,3,61,14,4.3,,A
999000008,2018-04-22T18:04:45,28.86560,-89.27896,0.2,75.5,259.0,SYN-VESSEL-08,IMO9990008,SYN008,90,3,61,14,4.3,,A
999000008,2018-04-22T18:00:04,28.86557,-89.27892,0.2,89.1,260.0,SYN-VESSEL-08,IMO9990008,SYN008,90,3,61,14,4.3,,A
999000008,2018-04-22T18:03:35,28.86560,-89.27896,0.5,137.7,260.0,SYN-VESSEL-08,IMO9990008,SYN008,90,3,61,14,4.3,,A
999000008,2018-04-22T18:05:55,28.86559,-89.27894,0.6,86.8,259.0,SYN-VESSEL-08,IMO9990008,SYN008,90,3,61,14,4.3,,A
999000008,2018-04-22T18:02:25,28.86558,-89.27895,0.4,51.4,260.0,SYN-VESSEL-08,IMO9990008,SYN008,90,3,61,14,4.3,,A
999000008,2018-04-22T18:01:15,28.86557,-89.27896,0.5,73.8,259.0,SYN-VESSEL-08,IMO9990008,SYN008,90,3,61,14,4.3,,A
999000008,2018-04-22T20:53:42,28.86559,-89.28851,6.7,278.7,268.0,SYN-VESSEL-08,IMO9990008,SYN008,90,0,61,14,4.3,,A
999000008,2018-04-22T20:56:04,28.86403,-89.29370,8.5,248.1,248.0,SYN-VESSEL-08,IMO9990008,SYN008,90,0,61,14,4.3,,A
999000008,2018-04-22T20:57:24,28.86282,-89.29706,8.7,247.9,249.0,SYN-VESSEL-08,IMO9990008,SYN008,90,0,61,14,4.3,,A
999000008,2018-04-22T20:52:17,28.86487,-89.28562,6.4,270.5,277.0,SYN-VESSEL-08,IMO9990008,SYN008,90,0,61,14,4.3,,A
999000008,2018-04-22T20:50:57,28.86514,-89.28326,4.5,259.8,256.0,SYN-VESSEL-08,IMO9990008,SYN008,90,0,61,14,4.3,,A
999000008,2018-04-22T20:49:25,28.86517,-89.28193,0.7,162.7,299.0,SYN-VESSEL-08,IMO9990008,SYN008,90,0,61,14,4.3,,A
999000008,2018-04-22T20:43:25,28.86514,-89.28197,0.5,258.0,259.0,SYN-VESSEL-08,IMO9990008,SYN008,90,3,61,14,4.3,,A
999000008,2018-04-22T20:45:44,28.86513,-89.28199,0.3,272.2,260.0,SYN-VESSEL-08,IMO9990008,SYN008,90,0,61,14,4.3,,A
999000008,2018-04-22T20:31:05,28.86536,-89.28043,1.1,256.0,259.0,SYN-VESSEL-08,IMO9990008,SYN008,90,3,61,14,4.3,,A
999000008,2018-04-22T20:28:35,28.86541,-89.28014,0.5,258.4,259.0,SYN-VESSEL-08,IMO9990008,SYN008,90,3,61,14,4.3,,A
999000008,2018-04-22T20:29:55,28.86539,-89.28029,0.5,255.3,259.0,SYN-VESSEL-08,IMO9990008,SYN008,90,3,61,14,4.3,,A
999000008,2018-04-22T20:38:55,28.86526,-89.28142,1.0,266.7,259.0,SYN-VESSEL-08,IMO9990008,SYN008,90,3,61,14,4.3,,A
999000008,2018-04-22T20:32:15,28.86532,-89.28056,0.8,268.0,260.0,SYN-VESSEL-08,IMO9990008,SYN008,90,3,61,14,4.3,,A
999000008,2018-04-22T20:35:15,28.86530,-89.28095,0.8,264.8,260.0,SYN-VESSEL-08,IMO9990008,SYN008,90,3,61,14,4.3,,A
999000008,2018-04-22T19:55:14,28.86565,-89.27895,0.3,261.0,259.0,SYN-VESSEL-08,IMO9990008,SYN008,90,3,61,14,4.3,,A
999000008,2018-04-22T19:57:54,28.86564,-89.27897,0.9,252.5,259.0,SYN-VESSEL-08,IMO9990008,SYN008,90,3,61,14,4.3,,A
999000008,2018-04-22T19:49:44,28.86566,-89.27898,0.5,273.8,259.0,SYN-VESSEL-08,IMO9990008,SYN008,90,3,61,14,4.3,,A
999000008,2018-04-22T19:47:44,28.86565,-89.27898,0.3,269.2,260.0,SYN-VESSEL-08,IMO9990008,SYN008,90,3,61,14,4.3,,A
999000008,2018-04-22T19:53:54,28.86568,-89.27896,0.4,270.0,260.0,SYN-VESSEL-08,IMO9990008,SYN008,90,3,61,14,4.3,,A
999000008,2018-04-22T19:45:44,28.86565,-89.27896,0.4,263.5,259.0,SYN-VESSEL-08,IMO9990008,SYN008,90,3,61,14,4.3,,A
999000008,2018-04-22T19:41:05,28.86563,-89.27897,0.4,245.8,259.0,SYN-VESSEL-08,IMO9990008,SYN008,90,3,61,14,4.3,,A
999000008,2018-04-22T19:31:34,28.86567,-89.27896,0.5,268.9,260.0,SYN-VESSEL-08,IMO9990008,SYN008,90,3,61,14,4.3,,A
999000008,2018-04-22T19:33:54,28.86567,-89.27896,0.4,270.6,259.0,SYN-VESSEL-08,IMO9990008,SYN008,90,3,61,14,4.3,,A
999000008,2018-04-22T19:37:34,28.86565,-89.27897,0.8,277.5,260.0,SYN-VESSEL-08,IMO9990008,SYN008,90,3,61,14,4.3,,A
999000008,2018-04-22T19:32:44,28.86568,-89.27896,0.5,255.9,258.0,SYN-VESSEL-08,IMO9990008,SYN008,90,3,61,14,4.3,,A
999000008,2018-04-22T19:29:04,28.86566,-89.27894,0.2,322.8,260.0,SYN-VESSEL-08,IMO9990008,SYN008,90,3,61,14,4.3,,A
999000008,2018-04-22T19:26:15,28.86561,-89.27893,0.3,288.3,260.0,SYN-VESSEL-08,IMO9990008,SYN008,90,3,61,14,4.3,,A
999000008,2018-04-22T19:21:55,28.86561,-89.27893,0.5,61.4,259.0,SYN-VESSEL-08,IMO9990008,SYN008,90,3,61,14,4.3,,A
999000008,2018-04-22T19:20:44,28.86561,-89.27896,0.3,86.3,260.0,SYN-VESSEL-08,IMO9990008,SYN008,90,3,61,14,4.3,,A
999000008,2018-04-22T19:25:05,28.86561,-89.27892,0.5,34.1,260.0,SYN-VESSEL-08,IMO9990008,SYN008,90,3,61,14,4.3,,A
999000008,2018-04-22T20:26:14,28.86547,-89.27985,0.7,259.7,260.0,SYN-VESSEL-08,IMO9990008,SYN008,90,3,61,14,4.3,,A
999000008,2018-04-22T20:27:25,28.86543,-89.27997,1.0,256.6,260.0,SYN-VESSEL-08,IMO9990008,SYN008,90,3,61,14,4.3,,A
999000008,2018-04-22T20:09:55,28.86560,-89.27895,0.7,249.1,259.0,SYN-VESSEL-08,IMO9990008,SYN008,90,3,61,14,4.3,,A
999000008,2018-04-22T20:05:04,28.86558,-89.27896,0.3,251.4,259.0,SYN-VESSEL-08,IMO9990008,SYN008,90,3,61,14,4.3,,A
999000008,2018-04-22T20:06:24,28.86558,-89.27894,0.7,264.2,260.0,SYN-VESSEL-08,IMO9990008,SYN008,90,3,61,14,4.3,,A
999000008,2018-04-22T20:08:04,28.86560,-89.27894,0.5,274.9,260.0,SYN-VESSEL-08,IMO9990008,SYN008,90,3,61,14,4.3,,A
999000008,2018-04-22T20:01:15,28.86562,-89.27897,0.5,255.2,259.0,SYN-VESSEL-08,IMO9990008,SYN008,90,3,61,14,4.3,,A
999000008,2018-04-22T20:00:05,28.86564,-89.27896,0.5,260.8,260.0,SYN-VESSEL-08,IMO9990008,SYN008,90,3,61,14,4.3,,A
999000008,2018-04-22T20:02:24,28.86563,-89.27897,0.4,260.7,259.0,SYN-VESSEL-08,IMO9990008,SYN008,90,3,61,14,4.3,,A
999000008,2018-04-22T20:03:35,28.86562,-89.27895,0.5,241.9,260.0,SYN-VESSEL-08,IMO9990008,SYN008,90,3,61,14,4.3,,A
999000008,2018-04-22T19:59:05,28.86565,-89.27896,0.5,263.5,260.0,SYN-VESSEL-08,IMO9990008,SYN008,90,3,61,14,4.3,,A
999000008,2018-04-22T20:22:36,28.86551,-89.27940,0.7,263.1,260.0,SYN-VESSEL-08,IMO9990008,SYN008,90,3,61,14,4.3,,A
999000008,2018-04-22T20:24:44,28.86549,-89.27965,0.8,265.3,259.0,SYN-VESSEL-08,IMO9990008,SYN008,90,3,61,14,4.3,,A
999000008,2018-04-22T20:21:25,28.86555,-89.27925,0.8,262.5,261.0,SYN-VESSEL-08,IMO9990008,SYN008,90,3,61,14,4.3,,A
999000008,2018-04-22T20:20:05,28.86556,-89.27909,0.5,246.8,258.0,SYN-VESSEL-08,IMO9990008,SYN008,90,3,61,14,4.3,,A
999000008,2018-04-22T20:19:04,28.86560,-89.27897,0.9,271.0,261.0,SYN-VESSEL-08,IMO9990008,SYN008,90,3,61,14,4.3,,A
999000008,2018-04-22T20:14:24,28.86559,-89.27895,0.7,272.3,260.0,SYN-VESSEL-08,IMO9990008,SYN008,90,3,61,14,4.3,,A
999000008,2018-04-22T20:17:54,28.86560,-89.27896,1.0,256.0,261.0,SYN-VESSEL-08,IMO9990008,SYN008,90,3,61,14,4.3,,A
999000008,2018-04-22T20:15:36,28.86559,-89.27895,0.5,262.1,260.0,SYN-VESSEL-08,IMO9990008,SYN008,90,3,61,14,4.3,,A
999000008,2018-04-22T20:11:55,28.86560,-89.27895,0.3,239.5,259.0,SYN-VESSEL-08,IMO9990008,SYN008,90,3,61,14,4.3,,A
999000008,2018-04-22T20:13:16,28.86560,-89.27895,0.6,262.5,259.0,SYN-VESSEL-08,IMO9990008,SYN008,90,3,61,14,4.3,,A
999000025,2018-04-22T23:14:59,29.19973,-89.04664,7.3,68.7,511.0,SYN-VESSEL-25,,SYN025,60,0,18,5,,,A
999000055,2018-04-22T21:03:37,28.87478,-89.02818,19.9,271.3,263.0,SYN-VESSEL-55,IMO9990055,SYN055,60,0,53,9,2.5,,A
999000055,2018-04-22T20:45:13,28.87645,-88.91798,18.9,247.6,251.0,SYN-VESSEL-55,IMO9990055,SYN055,60,0,53,9,2.5,,A
999000055,2018-04-22T20:40:29,28.88615,-88.89175,19.3,250.5,248.0,SYN-VESSEL-55,IMO9990055,SYN055,60,0,53,9,2.5,,A
999000055,2018-04-22T20:48:23,28.87483,-88.93690,19.0,264.8,261.0,SYN-VESSEL-55,IMO9990055,SYN055,60,0,53,9,2.5,,A
999000055,2018-04-22T20:38:16,28.88998,-88.87942,18.6,254.0,248.0,SYN-VESSEL-55,IMO9990055,SYN055,60,0,53,9,2.5,,A
999000055,2018-04-22T20:36:47,28.89218,-88.87092,18.4,255.9,250.0,SYN-VESSEL-55,IMO9990055,SYN055,60,0,53,9,2.5,,A
999000055,2018-04-22T20:30:53,28.89913,-88.83703,18.6,251.8,250.0,SYN-VESSEL-55,IMO9990055,SYN055,60,0,53,9,2.5,,A
999000055,2018-04-22T20:34:11,28.89495,-88.85602,19.1,262.8,264.0,SYN-VESSEL-55,IMO9990055,SYN055,60,0,53,9,2.5,,A
999000055,2018-04-22T20:29:35,28.90123,-88.82950,19.0,256.6,247.0,SYN-VESSEL-55,IMO9990055,SYN055,60,0,53,9,2.5,,A
999000055,2018-04-22T20:35:41,28.89348,-88.86480,19.0,254.7,252.0,SYN-VESSEL-55,IMO9990055,SYN055,60,0,53,9,2.5,,A
999000055,2018-04-22T21:01:17,28.87525,-89.01402,19.2,266.1,263.0,SYN-VESSEL-55,IMO9990055,SYN055,60,0,53,9,2.5,,A
999000055,2018-04-22T21:02:19,28.87460,-89.02027,18.8,259.6,258.0,SYN-VESSEL-55,IMO9990055,SYN055,60,0,53,9,2.5,,A
999000055,2018-04-22T21:00:05,28.87572,-89.00685,19.5,266.3,262.0,SYN-VESSEL-55,IMO9990055,SYN055,60,0,53,9,2.5,,A
999000055,2018-04-22T20:59:05,28.87622,-89.00070,19.1,264.2,260.0,SYN-VESSEL-55,IMO9990055,SYN055,60,0,53,9,2.5,,A
999000055,2018-04-22T20:50:47,28.87433,-88.95108,18.3,271.8,270.0,SYN-VESSEL-55,IMO9990055,SYN055,60,0,53,9,2.5,,A
999000055,2018-04-22T20:56:05,28.87588,-88.98268,19.0,280.7,272.0,SYN-VESSEL-55,IMO9990055,SYN055,60,0,53,9,2.5,,A
999000055,2018-04-22T20:52:53,28.87450,-88.96368,19.1,269.7,266.0,SYN-VESSEL-55,IMO9990055,SYN055,60,0,53,9,2.5,,A
999000055,2018-04-22T19:57:23,28.92068,-88.64530,18.3,255.2,250.0,SYN-VESSEL-55,IMO9990055,SYN055,60,0,53,9,2.5,,A
999000055,2018-04-22T19:51:10,28.92378,-88.60995,17.8,267.9,265.0,SYN-VESSEL-55,IMO9990055,SYN055,60,0,53,9,2.5,,A
999000055,2018-04-22T20:28:33,28.90250,-88.82367,19.2,258.1,255.0,SYN-VESSEL-55,IMO9990055,SYN055,60,0,53,9,2.5,,A
999000055,2018-04-22T20:18:35,28.91193,-88.76660,18.0,276.2,271.0,SYN-VESSEL-55,IMO9990055,SYN055,60,0,53,9,2.5,,A
999000055,2018-04-22T20:20:41,28.91173,-88.77852,18.6,253.2,249.0,SYN-VESSEL-55,IMO9990055,SYN055,60,0,53,9,2.5,,A
999000055,2018-04-22T20:19:37,28.91262,-88.77247,17.7,274.0,263.0,SYN-VESSEL-55,IMO9990055,SYN055,60,0,53,9,2.5,,A
999000055,2018-04-22T20:23:35,28.90822,-88.79492,18.5,255.4,255.0,SYN-VESSEL-55,IMO9990055,SYN055,60,0,53,9,2.5,,A
999000055,2018-04-22T20:25:11,28.90653,-88.80425,18.7,261.4,259.0,SYN-VESSEL-55,IMO9990055,SYN055,60,0,53,9,2.5,,A
999000055,2018-04-22T20:16:05,28.91157,-88.75217,18.5,262.3,260.0,SYN-VESSEL-55,IMO9990055,SYN055,60,0,53,9,2.5,,A
999000055,2018-04-22T20:17:11,28.91135,-88.75845,18.4,272.5,270.0,SYN-VESSEL-55,IMO9990055,SYN055,60,0,53,9,2.5,,A
999000055,2018-04-22T20:14:53,28.91213,-88.74512,18.1,273.7,267.0,SYN-VESSEL-55,IMO9990055,SYN055,60,0,53,9,2.5,,A
999000055,2018-04-22T20:13:28,28.91220,-88.73702,17.9,265.1,259.0,SYN-VESSEL-55,IMO9990055,SYN055,60,0,53,9,2.5,,A
999000055,2018-04-22T20:05:55,28.91600,-88.69378,18.8,271.1,266.0,SYN-VESSEL-55,IMO9990055,SYN055,60,0,53,9,2.5,,A
999000055,2018-04-22T20:07:17,28.91600,-88.70190,18.1,270.9,263.0,SYN-VESSEL-55,IMO9990055,SYN055,60,0,53,9,2.5,,A
999000055,2018-04-22T20:09:19,28.91497,-88.71358,18.7,264.1,263.0,SYN-VESSEL-55,IMO9990055,SYN055,60,0,53,9,2.5,,A
999000055,2018-04-22T20:11:05,28.91383,-88.72353,18.0,261.4,261.0,SYN-VESSEL-55,IMO9990055,SYN055,60,0,53,9,2.5,,A
999000055,2018-04-22T20:01:47,28.91838,-88.67035,18.6,254.5,250.0,SYN-VESSEL-55,IMO9990055,SYN055,60,0,53,9,2.5,,A
999000055,2018-04-22T20:03:03,28.91752,-88.67758,18.5,259.8,256.0,SYN-VESSEL-55,IMO9990055,SYN055,60,0,53,9,2.5,,A
999000055,2018-04-22T20:00:35,28.91907,-88.66360,18.3,274.2,268.0,SYN-VESSEL-55,IMO9990055,SYN055,60,0,53,9,2.5,,A
999000055,2018-04-22T21:38:05,28.86220,-89.23493,19.1,268.0,265.0,SYN-VESSEL-55,IMO9990055,SYN055,60,0,53,9,2.5,,A
999000055,2018-04-22T21:06:57,28.87427,-89.04845,19.1,272.6,268.0,SYN-VESSEL-55,IMO9990055,SYN055,60,0,53,9,2.5,,A
999000055,2018-04-22T21:04:41,28.87487,-89.03473,19.6,270.3,264.0,SYN-VESSEL-55,IMO9990055,SYN055,60,0,53,9,2.5,,A
999000055,2018-04-22T21:05:51,28.87460,-89.04188,19.0,265.7,258.0,SYN-VESSEL-55,IMO9990055,SYN055,60,0,53,9,2.5,,A
999000055,2018-04-22T21:11:45,28.87342,-89.07715,19.0,265.5,263.0,SYN-VESSEL-55,IMO9990055,SYN055,60,0,53,9,2.5,,A
999000055,2018-04-22T21:10:09,28.87377,-89.06767,18.8,263.6,256.0,SYN-VESSEL-55,IMO9990055,SYN055,60,0,53,9,2.5,,A
999000055,2018-04-22T21:09:03,28.87392,-89.06115,19.1,269.6,268.0,SYN-VESSEL-55,IMO9990055,SYN055,60,0,53,9,2.5,,A
999000055,2018-04-22T21:07:59,28.87408,-89.05458,19.5,266.4,264.0,SYN-VESSEL-55,IMO9990055,SYN055,60,0,53,9,2.5,,A
999000055,2018-04-22T21:18:45,28.87277,-89.11858,18.6,268.2,266.0,SYN-VESSEL-55,IMO9990055,SYN055,60,0,53,9,2.5,,A
999000055,2018-04-22T21:14:58,28.87367,-89.09622,19.0,265.8,264.0,SYN-VESSEL-55,IMO9990055,SYN055,60,0,53,9,2.5,,A
999000055,2018-04-22T21:17:21,28.87323,-89.11022,19.0,277.6,270.0,SYN-VESSEL-55,IMO9990055,SYN055,60,0,53,9,2.5,,A
999000055,2018-04-22T21:16:19,28.87338,-89.10413,18.8,260.8,253.0,SYN-VESSEL-55,IMO9990055,SYN055,60,0,53,9,2.5,,A
999000055,2018-04-22T21:13:40,28.87405,-89.08857,19.1,274.8,270.0,SYN-VESSEL-55,IMO9990055,SYN055,60,0,53,9,2.5,,A
999000055,2018-04-22T21:24:24,28.87063,-89.15205,18.6,263.5,261.0,SYN-VESSEL-55,IMO9990055,SYN055,60,0,53,9,2.5,,A
999000055,2018-04-22T21:27:12,28.86835,-89.16890,19.5,263.8,261.0,SYN-VESSEL-55,IMO9990055,SYN055,60,0,53,9,2.5,,A
999000055,2018-04-22T21:22:37,28.87220,-89.14155,19.3,258.4,255.0,SYN-VESSEL-55,IMO9990055,SYN055,60,0,53,9,2.5,,A
999000055,2018-04-22T21:19:47,28.87265,-89.12453,18.7,265.3,264.0,SYN-VESSEL-55,IMO9990055,SYN055,60,0,53,9,2.5,,A
999000055,2018-04-22T21:35:35,28.86283,-89.21963,19.8,264.0,264.0,SYN-VESSEL-55,IMO9990055,SYN055,60,0,53,9,2.5,,A
999000055,2018-04-22T21:32:11,28.86577,-89.19917,19.2,261.9,264.0,SYN-VESSEL-55,IMO9990055,SYN055,60,0,53,9,2.5,,A
999000055,2018-04-22T21:34:10,28.86392,-89.21117,19.2,260.2,260.0,SYN-VESSEL-55,IMO9990055,SYN055,60,0,53,9,2.5,,A
999000055,2018-04-22T21:30:11,28.86698,-89.18720,19.1,267.7,262.0,SYN-VESSEL-55,IMO9990055,SYN055,60,0,53,9,2.5,,A
999000055,2018-04-22T21:40:51,28.86177,-89.25153,19.1,267.4,261.0,SYN-VESSEL-55,IMO9990055,SYN055,60,0,53,9,2.5,,A
999000055,2018-04-22T21:39:17,28.86167,-89.24208,18.3,263.0,266.0,SYN-VESSEL-55,IMO9990055,SYN055,60,0,53,9,2.5,,A
999000055,2018-04-22T21:45:47,28.85617,-89.28123,19.9,256.9,253.0,SYN-VESSEL-55,IMO9990055,SYN055,60,0,53,9,2.5,,A
999000055,2018-04-22T21:48:23,28.85307,-89.29702,19.7,258.9,256.0,SYN-VESSEL-55,IMO9990055,SYN055,60,0,53,9,2.5,,A
999000055,2018-04-22T21:42:34,28.86002,-89.26183,19.0,257.9,257.0,SYN-VESSEL-55,IMO9990055,SYN055,60,0,53,9,2.5,,A
999000055,2018-04-22T21:43:47,28.85843,-89.26905,19.3,254.6,254.0,SYN-VESSEL-55,IMO9990055,SYN055,60,0,53,9,2.5,,A
999000041,2018-04-22T20:00:07,29.17932,-89.26231,8.4,338.3,337.0,SYN-VESSEL-41,IMO9990041,SYN041,90,0,95,20,,,A
999000041,2018-04-22T19:59:58,29.17900,-89.26216,8.4,340.1,337.0,SYN-VESSEL-41,IMO9990041,SYN041,90,0,95,20,,,A
999000041,2018-04-22T20:02:18,29.18409,-89.26486,8.7,333.2,333.0,SYN-VESSEL-41,IMO9990041,SYN041,90,0,95,20,,,A
999000041,2018-04-22T20:01:08,29.18155,-89.26344,8.7,334.1,334.0,SYN-VESSEL-41,IMO9990041,SYN041,90,0,95,20,,,A
999000041,2018-04-22T20:04:58,29.19003,-89.26814,9.0,335.4,333.0,SYN-VESSEL-41,IMO9990041,SYN041,90,0,95,20,,,A
999000041,2018-04-22T20:03:28,29.18661,-89.26626,8.8,332.9,332.0,SYN-VESSEL-41,IMO9990041,SYN041,90,0,95,20,,,A
999000041,2018-04-22T20:06:08,29.19270,-89.26960,9.1,334.9,333.0,SYN-VESSEL-41,IMO9990041,SYN041,90,0,95,20,,,A
999000041,2018-04-22T20:08:58,29.19925,-89.27301,9.1,335.4,332.0,SYN-VESSEL-41,IMO9990041,SYN041,90,0,95,20,,,A
999000041,2018-04-22T20:07:18,29.19540,-89.27098,9.1,335.9,332.0,SYN-VESSEL-41,IMO9990041,SYN041,90,0,95,20,,,A
999000041,2018-04-22T19:49:07,29.16383,-89.25463,4.8,340.3,337.0,SYN-VESSEL-41,IMO9990041,SYN041,90,0,95,20,,,A
999000041,2018-04-22T19:50:57,29.16609,-89.25609,5.2,328.7,331.0,SYN-VESSEL-41,IMO9990041,SYN041,90,0,95,20,,,A
999000041,2018-04-22T19:52:57,29.16848,-89.25784,4.8,326.6,331.0,SYN-VESSEL-41,IMO9990041,SYN041,90,0,95,20,,,A
999000041,2018-04-22T19:42:57,29.15419,-89.25484,7.0,6.6,3.0,SYN-VESSEL-41,IMO9990041,SYN041,90,0,95,20,,,A
999000041,2018-04-22T19:40:57,29.15018,-89.25528,7.3,3.7,2.0,SYN-VESSEL-41,IMO9990041,SYN041,90,0,95,20,,,A
999000041,2018-04-22T19:39:07,29.14645,-89.25554,7.2,3.5,2.0,SYN-VESSEL-41,IMO9990041,SYN041,90,0,95,20,,,A
999000041,2018-04-22T19:45:48,29.15916,-89.25420,5.6,4.7,355.0,SYN-VESSEL-41,IMO9990041,SYN041,90,0,95,20,,,A
999000041,2018-04-22T19:47:58,29.16229,-89.25426,5.0,355.6,349.0,SYN-VESSEL-41,IMO9990041,SYN041,90,0,95,20,,,A
999000041,2018-04-22T19:44:38,29.15725,-89.25437,6.3,6.2,359.0,SYN-VESSEL-41,IMO9990041,SYN041,90,0,95,20,,,A
999000041,2018-04-22T19:31:47,29.13241,-89.25804,6.6,17.1,18.0,SYN-VESSEL-41,IMO9990041,SYN041,90,0,95,20,,,A
999000041,2018-04-22T19:32:57,29.13449,-89.25732,6.7,15.4,15.0,SYN-VESSEL-41,IMO9990041,SYN041,90,0,95,20,,,A
999000041,2018-04-22T19:36:47,29.14182,-89.25599,6.9,9.2,9.0,SYN-VESSEL-41,IMO9990041,SYN041,90,0,95,20,,,A
999000041,2018-04-22T19:37:57,29.14412,-89.25571,7.1,3.4,2.0,SYN-VESSEL-41,IMO9990041,SYN041,90,0,95,20,,,A
999000041,2018-04-22T19:34:57,29.13830,-89.25662,7.1,8.2,10.0,SYN-VESSEL-41,IMO9990041,SYN041,90,0,95,20,,,A
999000041,2018-04-22T19:29:57,29.12920,-89.25928,6.6,20.4,18.0,SYN-VESSEL-41,IMO9990041,SYN041,90,0,95,20,,,A
999000041,2018-04-22T19:26:58,29.12390,-89.26165,7.1,21.7,20.0,SYN-VESSEL-41,IMO9990041,SYN041,90,0,95,20,,,A
999000041,2018-04-22T19:28:28,29.12659,-89.26041,6.8,21.5,19.0,SYN-VESSEL-41,IMO9990041,SYN041,90,0,95,20,,,A
999000041,2018-04-22T19:24:58,29.12022,-89.26339,7.1,22.3,21.0,SYN-VESSEL-41,IMO9990041,SYN041,90,0,95,20,,,A
999000041,2018-04-22T19:22:37,29.11596,-89.26560,7.6,26.3,26.0,SYN-VESSEL-41,IMO9990041,SYN041,90,0,95,20,,,A
999000041,2018-04-22T19:21:28,29.11363,-89.26687,8.1,25.6,25.0,SYN-VESSEL-41,IMO9990041,SYN041,90,0,95,20,,,A
999000041,2018-04-22T19:20:18,29.11121,-89.26818,8.3,25.3,25.0,SYN-VESSEL-41,IMO9990041,SYN041,90,0,95,20,,,A
999000041,2018-04-22T19:54:57,29.17071,-89.25941,4.6,333.5,337.0,SYN-VESSEL-41,IMO9990041,SYN041,90,0,95,20,,,A
999000041,2018-04-22T19:58:37,29.17605,-89.26122,7.3,346.4,343.0,SYN-VESSEL-41,IMO9990041,SYN041,90,0,95,20,,,A
999000041,2018-04-22T19:56:57,29.17319,-89.26033,5.0,342.3,339.0,SYN-VESSEL-41,IMO9990041,SYN041,90,0,95,20,,,A
999000041,2018-04-22T19:03:27,29.07547,-89.29106,9.3,46.4,44.0,SYN-VESSEL-41,IMO9990041,SYN041,90,0,95,20,,,A
999000041,2018-04-22T19:02:18,29.07345,-89.29352,9.3,46.8,46.0,SYN-VESSEL-41,IMO9990041,SYN041,90,0,95,20,,,A
999000041,2018-04-22T19:04:38,29.07764,-89.28857,9.3,42.7,40.0,SYN-VESSEL-41,IMO9990041,SYN041,90,0,95,20,,,A
999000041,2018-04-22T19:01:08,29.07131,-89.29607,9.3,46.6,46.0,SYN-VESSEL-41,IMO9990041,SYN041,90,0,95,20,,,A
999000041,2018-04-22T19:00:07,29.06951,-89.29821,9.1,46.5,46.0,SYN-VESSEL-41,IMO9990041,SYN041,90,0,95,20,,,A
999000041,2018-04-22T19:10:18,29.09006,-89.27978,8.7,27.7,26.0,SYN-VESSEL-41,IMO9990041,SYN041,90,0,95,20,,,A
999000041,2018-04-22T19:11:27,29.09247,-89.27835,8.4,27.4,25.0,SYN-VESSEL-41,IMO9990041,SYN041,90,0,95,20,,,A
999000041,2018-04-22T19:08:27,29.08584,-89.28220,9.2,28.0,28.0,SYN-VESSEL-41,IMO9990041,SYN041,90,0,95,20,,,A
999000041,2018-04-22T19:05:47,29.07996,-89.28633,9.4,38.8,36.0,SYN-VESSEL-41,IMO9990041,SYN041,90,0,95,20,,,A
999000041,2018-04-22T19:07:18,29.08325,-89.28381,9.3,30.3,30.0,SYN-VESSEL-41,IMO9990041,SYN041,90,0,95,20,,,A
999000041,2018-04-22T19:13:18,29.09628,-89.27618,8.3,26.7,26.0,SYN-VESSEL-41,IMO9990041,SYN041,90,0,95,20,,,A
999000041,2018-04-22T19:14:27,29.09870,-89.27482,8.4,25.3,24.0,SYN-VESSEL-41,IMO9990041,SYN041,90,0,95,20,,,A
999000041,2018-04-22T19:16:48,29.10375,-89.27209,8.5,24.5,23.0,SYN-VESSEL-41,IMO9990041,SYN041,90,0,95,20,,,A
999000041,2018-04-22T19:17:58,29.10623,-89.27080,8.5,24.2,24.0,SYN-VESSEL-41,IMO9990041,SYN041,90,0,95,20,,,A
999000041,2018-04-22T19:15:37,29.10115,-89.27349,8.5,25.3,24.0,SYN-VESSEL-41,IMO9990041,SYN041,90,0,95,20,,,A
999000041,2018-04-22T19:19:07,29.10874,-89.26949,8.4,25.1,25.0,SYN-VESSEL-41,IMO9990041,SYN041,90,0,95,20,,,A
999000022,2018-04-22T23:18:51,29.14208,-89.24768,0.0,216.9,511.0,SYN-VESSEL-22,,SYN022,31,8,20,7,,,A
999000022,2018-04-22T23:16:11,29.14211,-89.24770,0.0,229.8,511.0,SYN-VESSEL-22,,SYN022,31,8,20,7,,,A
999000022,2018-04-22T22:58:42,29.14210,-89.24771,0.0,269.0,511.0,SYN-VESSEL-22,,SYN022,31,8,20,7,,,A
999000022,2018-04-22T23:01:12,29.14210,-89.24770,0.0,275.5,511.0,SYN-VESSEL-22,,SYN022,31,8,20,7,,,A
999000022,2018-04-22T23:00:01,29.14210,-89.24770,0.0,273.3,511.0,SYN-VESSEL-22,,SYN022,31,8,20,7,,,A
999000022,2018-04-22T22:59:50,29.14210,-89.24770,0.0,273.9,511.0,SYN-VESSEL-22,,SYN022,31,8,20,7,,,A
999000022,2018-04-22T22:46:31,29.14356,-89.24876,7.3,161.5,511.0,SYN-VESSEL-22,,SYN022,31,8,20,7,,,A
999000022,2018-04-22T22:50:31,29.14209,-89.24772,0.3,262.3,511.0,SYN-VESSEL-22,,SYN022,31,8,20,7,,,A
999000022,2018-04-22T22:48:31,29.14167,-89.24776,1.1,80.4,511.0,SYN-VESSEL-22,,SYN022,31,8,20,7,,,A
999000022,2018-04-22T22:52:32,29.14206,-89.24770,0.0,244.6,511.0,SYN-VESSEL-22,,SYN022,31,8,20,7,,,A
999000022,2018-04-22T22:53:41,29.14209,-89.24770,0.0,249.2,511.0,SYN-VESSEL-22,,SYN022,31,8,20,7,,,A
999000022,2018-04-22T22:56:02,29.14210,-89.24770,0.0,263.6,511.0,SYN-VESSEL-22,,SYN022,31,8,20,7,,,A
999000022,2018-04-22T22:54:51,29.14209,-89.24769,0.0,254.6,511.0,SYN-VESSEL-22,,SYN022,31,8,20,7,,,A
999000022,2018-04-22T23:05:50,29.14209,-89.24770,0.0,274.9,511.0,SYN-VESSEL-22,,SYN022,31,8,20,7,,,A
999000022,2018-04-22T23:06:51,29.14209,-89.24770,0.0,276.3,511.0,SYN-VESSEL-22,,SYN022,31,8,20,7,,,A
999000022,2018-04-22T23:08:01,29.14212,-89.24771,0.0,268.0,511.0,SYN-VESSEL-22,,SYN022,31,8,20,7,,,A
999000022,2018-04-22T23:02:21,29.14210,-89.24770,0.0,276.8,511.0,SYN-VESSEL-22,,SYN022,31,8,20,7,,,A
999000022,2018-04-22T23:03:31,29.14210,-89.24770,0.0,276.8,511.0,SYN-VESSEL-22,,SYN022,31,8,20,7,,,A
999000022,2018-04-22T23:04:42,29.14210,-89.24770,0.0,277.3,511.0,SYN-VESSEL-22,,SYN022,31,8,20,7,,,A
999000022,2018-04-22T23:10:51,29.14208,-89.24769,0.0,261.1,511.0,SYN-VESSEL-22,,SYN022,31,8,20,7,,,A
999000022,2018-04-22T23:12:42,29.14209,-89.24769,0.0,250.3,511.0,SYN-VESSEL-22,,SYN022,31,8,20,7,,,A
999000022,2018-04-22T23:09:02,29.14210,-89.24771,0.0,270.0,511.0,SYN-VESSEL-22,,SYN022,31,8,20,7,,,A
999000022,2018-04-22T23:13:51,29.14209,-89.24769,0.0,238.3,511.0,SYN-VESSEL-22,,SYN022,31,8,20,7,,,A
999000022,2018-04-22T23:15:01,29.14209,-89.24769,0.0,237.6,511.0,SYN-VESSEL-22,,SYN022,31,8,20,7,,,A
999000022,2018-04-22T18:39:32,29.19893,-89.28021,5.1,325.1,511.0,SYN-VESSEL-22,,SYN022,31,8,20,7,,,A
999000022,2018-04-22T18:38:22,29.19755,-89.27908,5.2,318.4,511.0,SYN-VESSEL-22,,SYN022,31,8,20,7,,,A
999000022,2018-04-22T18:31:41,29.19048,-89.27178,4.9,319.8,511.0,SYN-VESSEL-22,,SYN022,31,8,20,7,,,A
999000022,2018-04-22T18:34:30,29.19336,-89.27507,5.2,317.4,511.0,SYN-VESSEL-22,,SYN022,31,8,20,7,,,A
999000022,2018-04-22T18:30:32,29.18923,-89.27080,5.0,333.0,511.0,SYN-VESSEL-22,,SYN022,31,8,20,7,,,A
999000022,2018-04-22T18:20:51,29.17634,-89.26512,5.2,345.9,511.0,SYN-VESSEL-22,,SYN022,31,8,20,7,,,A
999000022,2018-04-22T18:22:42,29.17885,-89.26609,5.3,348.2,511.0,SYN-VESSEL-22,,SYN022,31,8,20,7,,,A
999000022,2018-04-22T18:19:42,29.17470,-89.26456,5.3,336.3,511.0,SYN-VESSEL-22,,SYN022,31,8,20,7,,,A
999000022,2018-04-22T18:18:00,29.17230,-89.26360,5.4,343.3,511.0,SYN-VESSEL-22,,SYN022,31,8,20,7,,,A
999000022,2018-04-22T18:16:51,29.17062,-89.26290,5.7,335.3,511.0,SYN-VESSEL-22,,SYN022,31,8,20,7,,,A
999000022,2018-04-22T18:15:21,29.16835,-89.26200,5.8,345.4,511.0,SYN-VESSEL-22,,SYN022,31,8,20,7,,,A
999000022,2018-04-22T18:25:42,29.18299,-89.26732,4.8,340.3,511.0,SYN-VESSEL-22,,SYN022,31,8,20,7,,,A
999000022,2018-04-22T18:28:12,29.18615,-89.26928,5.3,333.2,511.0,SYN-VESSEL-22,,SYN022,31,8,20,7,,,A
999000022,2018-04-22T18:29:21,29.18769,-89.27007,5.2,337.3,511.0,SYN-VESSEL-22,,SYN022,31,8,20,7,,,A
999000022,2018-04-22T23:46:52,29.14211,-89.24771,0.0,295.9,511.0,SYN-VESSEL-22,,SYN022,31,8,20,7,,,A
999000022,2018-04-22T23:48:01,29.14212,-89.24772,0.0,295.3,511.0,SYN-VESSEL-22,,SYN022,31,8,20,7,,,A
999000022,2018-04-22T23:50:52,29.14211,-89.24772,0.0,283.4,511.0,SYN-VESSEL-22,,SYN022,31,8,20,7,,,A
999000022,2018-04-22T23:52:32,29.14209,-89.24774,0.0,284.7,511.0,SYN-VESSEL-22,,SYN022,31,8,20,7,,,A
999000022,2018-04-22T23:55:32,29.14207,-89.24772,0.0,277.6,511.0,SYN-VESSEL-22,,SYN022,31,8,20,7,,,A
999000022,2018-04-22T23:53:51,29.14208,-89.24775,0.0,284.8,511.0,SYN-VESSEL-22,,SYN022,31,8,20,7,,,A
999000022,2018-04-22T23:39:52,29.14210,-89.24769,0.0,317.7,511.0,SYN-VESSEL-22,,SYN022,31,8,20,7,,,A
999000022,2018-04-22T23:37:52,29.14210,-89.24769,0.0,312.7,511.0,SYN-VESSEL-22,,SYN022,31,8,20,7,,,A
999000022,2018-04-22T23:41:31,29.14210,-89.24768,0.0,317.9,511.0,SYN-VESSEL-22,,SYN022,31,8,20,7,,,A
999000022,2018-04-22T23:44:01,29.14212,-89.24769,0.0,315.1,511.0,SYN-VESSEL-22,,SYN022,31,8,20,7,,,A
999000022,2018-04-22T23:31:32,29.14209,-89.24770,0.0,277.8,511.0,SYN-VESSEL-22,,SYN022,31,8,20,7,,,A
999000022,2018-04-22T23:28:51,29.14212,-89.24771,0.0,257.6,511.0,SYN-VESSEL-22,,SYN022,31,8,20,7,,,A
999000022,2018-04-22T23:36:02,29.14211,-89.24770,0.0,308.6,511.0,SYN-VESSEL-22,,SYN022,31,8,20,7,,,A
999000022,2018-04-22T23:33:52,29.14210,-89.24769,0.0,295.0,511.0,SYN-VESSEL-22,,SYN022,31,8,20,7,,,A
999000022,2018-04-22T23:23:21,29.14208,-89.24769,0.0,232.9,511.0,SYN-VESSEL-22,,SYN022,31,8,20,7,,,A
999000022,2018-04-22T23:24:51,29.14209,-89.24768,0.0,237.2,511.0,SYN-VESSEL-22,,SYN022,31,8,20,7,,,A
999000022,2018-04-22T23:26:02,29.14209,-89.24769,0.0,235.7,511.0,SYN-VESSEL-22,,SYN022,31,8,20,7,,,A
999000022,2018-04-22T23:27:42,29.14210,-89.24770,0.0,244.2,511.0,SYN-VESSEL-22,,SYN022,31,8,20,7,,,A
999000022,2018-04-22T23:21:51,29.14207,-89.24769,0.0,218.7,511.0,SYN-VESSEL-22,,SYN022,31,8,20,7,,,A
999000022,2018-04-22T23:20:02,29.14207,-89.24769,0.0,208.8,511.0,SYN-VESSEL-22,,SYN022,31,8,20,7,,,A
999000022,2018-04-22T23:17:22,29.14205,-89.24768,0.0,228.2,511.0,SYN-VESSEL-22,,SYN022,31,8,20,7,,,A
999000022,2018-04-22T23:57:51,29.14208,-89.24772,0.0,284.4,511.0,SYN-VESSEL-22,,SYN022,31,8,20,7,,,A
999000022,2018-04-22T23:59:02,29.14209,-89.24772,0.0,287.1,511.0,SYN-VESSEL-22,,SYN022,31,8,20,7,,,A
999000022,2018-04-22T22:24:41,29.19666,-89.27466,10.3,151.6,511.0,SYN-VESSEL-22,,SYN022,31,8,20,7,,,A
999000022,2018-04-22T22:23:31,29.19953,-89.27648,10.3,150.8,511.0,SYN-VESSEL-22,,SYN022,31,8,20,7,,,A
999000022,2018-04-22T22:44:22,29.14856,-89.25063,9.1,163.2,511.0,SYN-VESSEL-22,,SYN022,31,8,20,7,,,A
999000022,2018-04-22T22:41:41,29.15535,-89.25339,9.9,152.1,511.0,SYN-VESSEL-22,,SYN022,31,8,20,7,,,A
999000022,2018-04-22T22:42:52,29.15236,-89.25197,9.8,160.1,511.0,SYN-VESSEL-22,,SYN022,31,8,20,7,,,A
999000022,2018-04-22T22:40:10,29.15893,-89.25563,9.7,152.3,511.0,SYN-VESSEL-22,,SYN022,31,8,20,7,,,A
999000022,2018-04-22T22:35:31,29.16982,-89.26176,9.3,158.7,511.0,SYN-VESSEL-22,,SYN022,31,8,20,7,,,A
999000022,2018-04-22T22:36:52,29.16660,-89.26021,9.2,155.7,511.0,SYN-VESSEL-22,,SYN022,31,8,20,7,,,A
999000022,2018-04-22T22:38:01,29.16394,-89.25880,9.2,154.6,511.0,SYN-VESSEL-22,,SYN022,31,8,20,7,,,A
999000022,2018-04-22T22:32:31,29.17730,-89.26480,9.6,159.1,511.0,SYN-VESSEL-22,,SYN022,31,8,20,7,,,A
999000022,2018-04-22T22:29:31,29.18456,-89.26820,9.2,157.5,511.0,SYN-VESSEL-22,,SYN022,31,8,20,7,,,A
999000022,2018-04-22T22:25:52,29.19370,-89.27280,10.2,152.9,511.0,SYN-VESSEL-22,,SYN022,31,8,20,7,,,A
999000022,2018-04-22T22:28:01,29.18821,-89.26997,9.8,157.8,511.0,SYN-VESSEL-22,,SYN022,31,8,20,7,,,A
999000022,2018-04-22T22:31:01,29.18097,-89.26647,9.4,156.3,511.0,SYN-VESSEL-22,,SYN022,31,8,20,7,,,A
999000022,2018-04-22T18:00:01,29.14722,-89.25039,4.8,336.7,511.0,SYN-VESSEL-22,,SYN022,31,8,20,7,,,A
999000022,2018-04-22T18:06:22,29.15450,-89.25614,6.2,336.2,511.0,SYN-VESSEL-22,,SYN022,31,8,20,7,,,A
999000022,2018-04-22T18:04:51,29.15232,-89.25478,5.6,321.9,511.0,SYN-VESSEL-22,,SYN022,31,8,20,7,,,A
999000022,2018-04-22T18:07:32,29.15640,-89.25690,6.0,347.5,511.0,SYN-VESSEL-22,,SYN022,31,8,20,7,,,A
999000022,2018-04-22T18:01:10,29.14865,-89.25105,4.5,334.2,511.0,SYN-VESSEL-22,,SYN022,31,8,20,7,,,A
999000022,2018-04-22T18:02:21,29.14999,-89.25185,4.5,337.7,511.0,SYN-VESSEL-22,,SYN022,31,8,20,7,,,A
999000022,2018-04-22T18:03:31,29.15109,-89.25308,5.2,303.9,511.0,SYN-VESSEL-22,,SYN022,31,8,20,7,,,A
999000022,2018-04-22T18:12:32,29.16399,-89.26035,5.9,336.2,511.0,SYN-VESSEL-22,,SYN022,31,8,20,7,,,A
999000022,2018-04-22T18:14:11,29.16655,-89.26141,5.8,341.5,511.0,SYN-VESSEL-22,,SYN022,31,8,20,7,,,A
999000022,2018-04-22T18:08:42,29.15818,-89.25755,5.8,338.8,511.0,SYN-VESSEL-22,,SYN022,31,8,20,7,,,A
999000022,2018-04-22T18:10:22,29.16075,-89.25867,6.0,338.7,511.0,SYN-VESSEL-22,,SYN022,31,8,20,7,,,A
999000030,2018-04-22T18:40:33,28.77826,-89.23809,6.2,279.5,260.0,SYN-VESSEL-30,IMO9990030,SYN030,60,0,52,9,2.2,,A
999000030,2018-04-22T18:48:50,28.78218,-89.25331,6.6,266.2,272.0,SYN-VESSEL-30,IMO9990030,SYN030,60,0,52,9,2.2,,A
999000030,2018-04-22T18:41:34,28.77827,-89.24001,6.3,286.1,274.0,SYN-VESSEL-30,IMO9990030,SYN030,60,0,52,9,2.2,,A
999000030,2018-04-22T18:43:51,28.77925,-89.24426,6.0,270.2,263.0,SYN-VESSEL-30,IMO9990030,SYN030,60,0,52,9,2.2,,A
999000030,2018-04-22T18:42:39,28.77885,-89.24201,6.5,287.3,281.0,SYN-VESSEL-30,IMO9990030,SYN030,60,0,52,9,2.2,,A
999000030,2018-04-22T18:39:29,28.77807,-89.23602,5.9,280.5,277.0,SYN-VESSEL-30,IMO9990030,SYN030,60,0,52,9,2.2,,A
999000030,2018-04-22T18:37:29,28.77728,-89.23223,6.1,284.1,278.0,SYN-VESSEL-30,IMO9990030,SYN030,60,0,52,9,2.2,,A
999000030,2018-04-22T18:34:37,28.77632,-89.22751,2.5,240.5,250.0,SYN-VESSEL-30,IMO9990030,SYN030,60,0,52,9,2.2,,A
999000030,2018-04-22T18:31:00,28.77642,-89.22853,2.0,65.6,196.0,SYN-VESSEL-30,IMO9990030,SYN030,60,0,52,9,2.2,,A
999000030,2018-04-22T18:29:00,28.77615,-89.22938,1.9,74.3,189.0,SYN-VESSEL-30,IMO9990030,SYN030,60,0,52,9,2.2,,A
999000030,2018-04-22T18:27:40,28.77596,-89.22997,1.2,70.0,189.0,SYN-VESSEL-30,IMO9990030,SYN030,60,0,52,9,2.2,,A
999000030,2018-04-22T18:33:30,28.77668,-89.22743,2.1,81.2,198.0,SYN-VESSEL-30,IMO9990030,SYN030,60,0,52,9,2.2,,A
999000030,2018-04-22T18:24:49,28.77561,-89.23122,2.8,80.3,187.0,SYN-VESSEL-30,IMO9990030,SYN030,60,0,52,9,2.2,,A
999000030,2018-04-22T18:23:40,28.77545,-89.23174,1.2,66.4,187.0,SYN-VESSEL-30,IMO9990030,SYN030,60,0,52,9,2.2,,A
999000030,2018-04-22T18:22:30,28.77522,-89.23226,1.1,60.0,189.0,SYN-VESSEL-30,IMO9990030,SYN030,60,0,52,9,2.2,,A
999000030,2018-04-22T18:20:10,28.77490,-89.23331,3.0,75.9,182.0,SYN-VESSEL-30,IMO9990030,SYN030,60,0,52,9,2.2,,A
999000030,2018-04-22T18:21:20,28.77504,-89.23279,1.6,70.1,183.0,SYN-VESSEL-30,IMO9990030,SYN030,60,0,52,9,2.2,,A
999000030,2018-04-22T18:14:19,28.77372,-89.23595,1.6,56.8,174.0,SYN-VESSEL-30,IMO9990030,SYN030,60,0,52,9,2.2,,A
999000030,2018-04-22T18:15:29,28.77397,-89.23539,0.7,62.9,174.0,SYN-VESSEL-30,IMO9990030,SYN030,60,0,52,9,2.2,,A
999000030,2018-04-22T18:17:59,28.77447,-89.23428,1.1,65.4,176.0,SYN-VESSEL-30,IMO9990030,SYN030,60,0,52,9,2.2,,A
999000030,2018-04-22T18:19:09,28.77469,-89.23379,1.2,68.1,179.0,SYN-VESSEL-30,IMO9990030,SYN030,60,0,52,9,2.2,,A
999000030,2018-04-22T21:48:23,28.78347,-89.24375,4.9,277.6,276.0,SYN-VESSEL-30,IMO9990030,SYN030,60,0,52,9,2.2,,A
999000030,2018-04-22T21:51:44,28.78611,-89.25019,21.5,286.2,285.0,SYN-VESSEL-30,IMO9990030,SYN030,60,0,52,9,2.2,,A
999000030,2018-04-22T21:44:50,28.78344,-89.24287,0.5,273.2,259.0,SYN-VESSEL-30,IMO9990030,SYN030,60,0,52,9,2.2,,A
999000030,2018-04-22T21:39:50,28.78345,-89.24287,0.5,253.8,255.0,SYN-VESSEL-30,IMO9990030,SYN030,60,0,52,9,2.2,,A
999000030,2018-04-22T21:35:40,28.78344,-89.24287,1.2,244.1,255.0,SYN-VESSEL-30,IMO9990030,SYN030,60,0,52,9,2.2,,A
999000030,2018-04-22T21:40:59,28.78339,-89.24287,0.2,238.2,254.0,SYN-VESSEL-30,IMO9990030,SYN030,60,0,52,9,2.2,,A
999000030,2018-04-22T21:42:39,28.78347,-89.24287,0.4,270.9,259.0,SYN-VESSEL-30,IMO9990030,SYN030,60,0,52,9,2.2,,A
999000030,2018-04-22T21:58:29,28.79501,-89.29407,21.0,280.5,275.0,SYN-VESSEL-30,IMO9990030,SYN030,60,0,52,9,2.2,,A
999000030,2018-04-22T21:54:44,28.78961,-89.26982,21.1,276.4,274.0,SYN-VESSEL-30,IMO9990030,SYN030,60,0,52,9,2.2,,A
999000030,2018-04-22T21:56:32,28.79155,-89.28152,21.6,284.1,287.0,SYN-VESSEL-30,IMO9990030,SYN030,60,0,52,9,2.2,,A
999000030,2018-04-22T21:52:50,28.78788,-89.25740,21.4,277.0,278.0,SYN-VESSEL-30,IMO9990030,SYN030,60,0,52,9,2.2,,A
999000030,2018-04-22T18:06:59,28.77327,-89.23919,1.2,151.3,186.0,SYN-VESSEL-30,IMO9990030,SYN030,60,0,52,9,2.2,,A
999000030,2018-04-22T18:04:29,28.77644,-89.24042,7.6,155.4,154.0,SYN-VESSEL-30,IMO9990030,SYN030,60,0,52,9,2.2,,A
999000030,2018-04-22T18:05:49,28.77415,-89.23956,4.8,159.2,177.0,SYN-VESSEL-30,IMO9990030,SYN030,60,0,52,9,2.2,,A
999000030,2018-04-22T18:03:22,28.77837,-89.24182,7.4,166.4,148.0,SYN-VESSEL-30,IMO9990030,SYN030,60,0,52,9,2.2,,A
999000030,2018-04-22T18:01:12,28.78204,-89.24458,7.0,157.2,154.0,SYN-VESSEL-30,IMO9990030,SYN030,60,0,52,9,2.2,,A
999000030,2018-04-22T18:00:09,28.78400,-89.24492,6.4,181.9,184.0,SYN-VESSEL-30,IMO9990030,SYN030,60,0,52,9,2.2,,A
999000030,2018-04-22T18:02:19,28.78018,-89.24317,7.3,149.8,154.0,SYN-VESSEL-30,IMO9990030,SYN030,60,0,52,9,2.2,,A
999000030,2018-04-22T18:13:10,28.77344,-89.23643,1.0,54.1,170.0,SYN-VESSEL-30,IMO9990030,SYN030,60,0,52,9,2.2,,A
999000030,2018-04-22T18:10:59,28.77307,-89.23745,2.5,72.4,169.0,SYN-VESSEL-30,IMO9990030,SYN030,60,0,52,9,2.2,,A
999000030,2018-04-22T18:12:00,28.77323,-89.23701,0.9,55.0,173.0,SYN-VESSEL-30,IMO9990030,SYN030,60,0,52,9,2.2,,A
999000030,2018-04-22T18:08:20,28.77300,-89.23872,0.2,110.3,189.0,SYN-VESSEL-30,IMO9990030,SYN030,60,0,52,9,2.2,,A
999000030,2018-04-22T18:09:49,28.77298,-89.23803,0.4,80.1,179.0,SYN-VESSEL-30,IMO9990030,SYN030,60,0,52,9,2.2,,A
999000030,2018-04-22T19:17:49,28.78689,-89.24905,0.5,71.6,152.0,SYN-VESSEL-30,IMO9990030,SYN030,60,0,52,9,2.2,,A
999000030,2018-04-22T19:19:49,28.78704,-89.24842,1.7,71.2,147.0,SYN-VESSEL-30,IMO9990030,SYN030,60,0,52,9,2.2,,A
999000030,2018-04-22T19:14:39,28.78652,-89.25000,0.1,62.4,157.0,SYN-VESSEL-30,IMO9990030,SYN030,60,0,52,9,2.2,,A
999000030,2018-04-22T19:13:29,28.78637,-89.25034,0.3,71.3,157.0,SYN-VESSEL-30,IMO9990030,SYN030,60,0,52,9,2.2,,A
999000030,2018-04-22T19:16:39,28.78677,-89.24938,2.1,72.3,157.0,SYN-VESSEL-30,IMO9990030,SYN030,60,0,52,9,2.2,,A
999000030,2018-04-22T18:59:02,28.78544,-89.25577,1.1,102.4,109.0,SYN-VESSEL-30,IMO9990030,SYN030,60,0,52,9,2.2,,A
999000030,2018-04-22T19:00:09,28.78533,-89.25486,2.5,103.7,93.0,SYN-VESSEL-30,IMO9990030,SYN030,60,0,52,9,2.2,,A
999000030,2018-04-22T19:01:19,28.78531,-89.25416,2.2,86.9,107.0,SYN-VESSEL-30,IMO9990030,SYN030,60,0,52,9,2.2,,A
999000030,2018-04-22T18:53:40,28.78314,-89.26255,5.4,338.9,318.0,SYN-VESSEL-30,IMO9990030,SYN030,60,0,52,9,2.2,,A
999000030,2018-04-22T18:54:46,28.78459,-89.26195,6.1,62.1,66.0,SYN-VESSEL-30,IMO9990030,SYN030,60,0,52,9,2.2,,A
999000030,2018-04-22T18:51:50,28.78279,-89.25920,6.6,255.1,262.0,SYN-VESSEL-30,IMO9990030,SYN030,60,0,52,9,2.2,,A
999000030,2018-04-22T19:03:29,28.78534,-89.25339,0.9,102.4,159.0,SYN-VESSEL-30,IMO9990030,SYN030,60,0,52,9,2.2,,A
999000030,2018-04-22T19:02:23,28.78531,-89.25373,1.1,99.3,133.0,SYN-VESSEL-30,IMO9990030,SYN030,60,0,52,9,2.2,,A
999000030,2018-04-22T19:06:00,28.78548,-89.25255,1.1,77.9,176.0,SYN-VESSEL-30,IMO9990030,SYN030,60,0,52,9,2.2,,A
999000030,2018-04-22T19:07:19,28.78561,-89.25209,1.5,63.5,159.0,SYN-VESSEL-30,IMO9990030,SYN030,60,0,52,9,2.2,,A
999000030,2018-04-22T19:04:50,28.78540,-89.25290,0.3,81.6,173.0,SYN-VESSEL-30,IMO9990030,SYN030,60,0,52,9,2.2,,A
999000030,2018-04-22T19:08:30,28.78580,-89.25179,0.5,61.4,151.0,SYN-VESSEL-30,IMO9990030,SYN030,60,0,52,9,2.2,,A
999000030,2018-04-22T19:09:39,28.78594,-89.25151,1.7,59.7,147.0,SYN-VESSEL-30,IMO9990030,SYN030,60,0,52,9,2.2,,A
999000030,2018-04-22T19:12:10,28.78626,-89.25074,0.1,73.0,157.0,SYN-VESSEL-30,IMO9990030,SYN030,60,0,52,9,2.2,,A
999000030,2018-04-22T19:10:49,28.78610,-89.25118,1.8,67.5,153.0,SYN-VESSEL-30,IMO9990030,SYN030,60,0,52,9,2.2,,A
999000030,2018-04-22T19:21:10,28.78596,-89.24721,7.3,140.0,146.0,SYN-VESSEL-30,IMO9990030,SYN030,60,0,52,9,2.2,,A
999000030,2018-04-22T19:24:50,28.78306,-89.24338,0.3,13.0,230.0,SYN-VESSEL-30,IMO9990030,SYN030,60,0,52,9,2.2,,A
999000030,2018-04-22T19:22:16,28.78405,-89.24536,8.2,130.7,132.0,SYN-VESSEL-30,IMO9990030,SYN030,60,0,52,9,2.2,,A
999000030,2018-04-22T19:26:00,28.78315,-89.24351,2.3,25.3,222.0,SYN-VESSEL-30,IMO9990030,SYN030,60,0,52,9,2.2,,A
999000030,2018-04-22T19:27:07,28.78347,-89.24311,1.0,81.7,248.0,SYN-VESSEL-30,IMO9990030,SYN030,60,0,52,9,2.2,,A
999000030,2018-04-22T19:28:40,28.78347,-89.24306,0.6,227.0,245.0,SYN-VESSEL-30,IMO9990030,SYN030,60,0,52,9,2.2,,A
999000030,2018-04-22T19:31:11,28.78350,-89.24299,0.3,272.5,249.0,SYN-VESSEL-30,IMO9990030,SYN030,60,0,52,9,2.2,,A
999000030,2018-04-22T19:32:30,28.78352,-89.24296,0.5,255.4,247.0,SYN-VESSEL-30,IMO9990030,SYN030,60,0,52,9,2.2,,A
999000030,2018-04-22T19:30:00,28.78351,-89.24302,0.3,266.3,248.0,SYN-VESSEL-30,IMO9990030,SYN030,60,0,52,9,2.2,,A
999000030,2018-04-22T19:40:10,28.78350,-89.24297,0.2,110.0,249.0,SYN-VESSEL-30,IMO9990030,SYN030,60,0,52,9,2.2,,A
999000030,2018-04-22T19:36:10,28.78351,-89.24296,0.2,79.6,247.0,SYN-VESSEL-30,IMO9990030,SYN030,60,0,52,9,2.2,,A
999000030,2018-04-22T19:35:00,28.78352,-89.24293,0.8,127.1,247.0,SYN-VESSEL-30,IMO9990030,SYN030,60,0,52,9,2.2,,A
999000030,2018-04-22T19:33:49,28.78351,-89.24294,0.6,267.1,249.0,SYN-VESSEL-30,IMO9990030,SYN030,60,0,52,9,2.2,,A
999000030,2018-04-22T19:48:20,28.78348,-89.24296,0.6,50.9,250.0,SYN-VESSEL-30,IMO9990030,SYN030,60,0,52,9,2.2,,A
999000030,2018-04-22T19:46:39,28.78348,-89.24296,1.3,61.3,247.0,SYN-VESSEL-30,IMO9990030,SYN030,60,0,52,9,2.2,,A
999000030,2018-04-22T19:42:10,28.78351,-89.24298,0.3,111.3,246.0,SYN-VESSEL-30,IMO9990030,SYN030,60,0,52,9,2.2,,A
999000030,2018-04-22T19:44:39,28.78350,-89.24302,0.5,79.2,247.0,SYN-VESSEL-30,IMO9990030,SYN030,60,0,52,9,2.2,,A
999000030,2018-04-22T19:51:29,28.78345,-89.24295,0.7,95.0,247.0,SYN-VESSEL-30,IMO9990030,SYN030,60,0,52,9,2.2,,A
999000030,2018-04-22T19:56:50,28.78348,-89.24295,1.1,89.6,247.0,SYN-VESSEL-30,IMO9990030,SYN030,60,0,52,9,2.2,,A
999000030,2018-04-22T19:59:39,28.78345,-89.24293,0.8,105.4,248.0,SYN-VESSEL-30,IMO9990030,SYN030,60,0,52,9,2.2,,A
999000030,2018-04-22T20:24:50,28.78349,-89.24293,1.5,109.1,247.0,SYN-VESSEL-30,IMO9990030,SYN030,60,0,52,9,2.2,,A
999000030,2018-04-22T20:23:39,28.78348,-89.24293,0.7,69.5,247.0,SYN-VESSEL-30,IMO9990030,SYN030,60,0,52,9,2.2,,A
999000030,2018-04-22T20:21:00,28.78348,-89.24292,0.6,118.5,247.0,SYN-VESSEL-30,IMO9990030,SYN030,60,0,52,9,2.2,,A
999000030,2018-04-22T20:19:59,28.78347,-89.24292,0.1,140.4,247.0,SYN-VESSEL-30,IMO9990030,SYN030,60,0,52,9,2.2,,A
999000030,2018-04-22T20:25:59,28.78351,-89.24292,1.1,125.3,248.0,SYN-VESSEL-30,IMO9990030,SYN030,60,0,52,9,2.2,,A
999000030,2018-04-22T20:17:40,28.78348,-89.24291,0.1,78.2,247.0,SYN-VESSEL-30,IMO9990030,SYN030,60,0,52,9,2.2,,A
999000030,2018-04-22T20:18:41,28.78348,-89.24292,0.1,95.6,248.0,SYN-VESSEL-30,IMO9990030,SYN030,60,0,52,9,2.2,,A
999000030,2018-04-22T20:16:30,28.78346,-89.24293,0.4,97.4,247.0,SYN-VESSEL-30,IMO9990030,SYN030,60,0,52,9,2.2,,A
999000030,2018-04-22T20:15:09,28.78348,-89.24292,0.2,265.1,248.0,SYN-VESSEL-30,IMO9990030,SYN030,60,0,52,9,2.2,,A
999000030,2018-04-22T20:14:00,28.78348,-89.24292,0.1,280.6,248.0,SYN-VESSEL-30,IMO9990030,SYN030,60,0,52,9,2.2,,A
999000030,2018-04-22T20:12:19,28.78347,-89.24293,0.6,248.9,247.0,SYN-VESSEL-30,IMO9990030,SYN030,60,0,52,9,2.2,,A
999000030,2018-04-22T20:07:39,28.78350,-89.24293,1.0,254.3,248.0,SYN-VESSEL-30,IMO9990030,SYN030,60,0,52,9,2.2,,A
999000030,2018-04-22T20:11:00,28.78348,-89.24292,1.3,265.1,249.0,SYN-VESSEL-30,IMO9990030,SYN030,60,0,52,9,2.2,,A
999000030,2018-04-22T20:09:09,28.78348,-89.24292,0.1,240.8,247.0,SYN-VESSEL-30,IMO9990030,SYN030,60,0,52,9,2.2,,A
999000030,2018-04-22T20:01:20,28.78347,-89.24294,0.7,96.1,248.0,SYN-VESSEL-30,IMO9990030,SYN030,60,0,52,9,2.2,,A
999000030,2018-04-22T20:02:29,28.78347,-89.24294,1.5,86.9,247.0,SYN-VESSEL-30,IMO9990030,SYN030,60,0,52,9,2.2,,A
999000030,2018-04-22T20:00:10,28.78346,-89.24291,0.2,85.3,246.0,SYN-VESSEL-30,IMO9990030,SYN030,60,0,52,9,2.2,,A
999000030,2018-04-22T20:03:59,28.78347,-89.24292,0.3,225.7,246.0,SYN-VESSEL-30,IMO9990030,SYN030,60,0,52,9,2.2,,A
999000030,2018-04-22T20:05:50,28.78351,-89.24293,0.8,264.9,248.0,SYN-VESSEL-30,IMO9990030,SYN030,60,0,52,9,2.2,,A
999000030,2018-04-22T20:32:50,28.78347,-89.24294,0.9,290.6,253.0,SYN-VESSEL-30,IMO9990030,SYN030,60,0,52,9,2.2,,A
999000030,2018-04-22T20:31:40,28.78345,-89.24290,0.4,121.4,250.0,SYN-VESSEL-30,IMO9990030,SYN030,60,0,52,9,2.2,,A
999000030,2018-04-22T20:27:09,28.78348,-89.24291,1.0,91.5,247.0,SYN-VESSEL-30,IMO9990030,SYN030,60,0,52,9,2.2,,A
999000030,2018-04-22T20:30:00,28.78347,-89.24293,0.5,258.6,248.0,SYN-VESSEL-30,IMO9990030,SYN030,60,0,52,9,2.2,,A
999000030,2018-04-22T20:34:00,28.78348,-89.24291,0.2,38.4,253.0,SYN-VESSEL-30,IMO9990030,SYN030,60,0,52,9,2.2,,A
999000030,2018-04-22T20:40:39,28.78347,-89.24290,0.5,254.7,251.0,SYN-VESSEL-30,IMO9990030,SYN030,60,0,52,9,2.2,,A
999000030,2018-04-22T20:36:20,28.78347,-89.24290,0.4,220.1,251.0,SYN-VESSEL-30,IMO9990030,SYN030,60,0,52,9,2.2,,A
999000030,2018-04-22T20:35:10,28.78348,-89.24289,0.9,269.6,252.0,SYN-VESSEL-30,IMO9990030,SYN030,60,0,52,9,2.2,,A
999000030,2018-04-22T20:42:39,28.78346,-89.24289,0.6,100.7,252.0,SYN-VESSEL-30,IMO9990030,SYN030,60,0,52,9,2.2,,A
999000030,2018-04-22T20:50:09,28.78348,-89.24291,0.1,262.7,255.0,SYN-VESSEL-30,IMO9990030,SYN030,60,0,52,9,2.2,,A
999000030,2018-04-22T20:48:50,28.78345,-89.24290,0.9,242.8,255.0,SYN-VESSEL-30,IMO9990030,SYN030,60,0,52,9,2.2,,A
999000030,2018-04-22T20:47:09,28.78349,-89.24290,1.7,67.0,256.0,SYN-VESSEL-30,IMO9990030,SYN030,60,0,52,9,2.2,,A
999000030,2018-04-22T20:54:39,28.78349,-89.24292,0.9,243.4,254.0,SYN-VESSEL-30,IMO9990030,SYN030,60,0,52,9,2.2,,A
999000030,2018-04-22T20:58:39,28.78347,-89.24291,0.5,257.7,255.0,SYN-VESSEL-30,IMO9990030,SYN030,60,0,52,9,2.2,,A
999000030,2018-04-22T21:00:00,28.78350,-89.24293,0.3,291.5,255.0,SYN-VESSEL-30,IMO9990030,SYN030,60,0,52,9,2.2,,A
999000030,2018-04-22T20:59:50,28.78348,-89.24294,1.4,255.7,255.0,SYN-VESSEL-30,IMO9990030,SYN030,60,0,52,9,2.2,,A
999000030,2018-04-22T21:02:19,28.78349,-89.24294,1.2,262.8,255.0,SYN-VESSEL-30,IMO9990030,SYN030,60,0,52,9,2.2,,A
999000030,2018-04-22T21:01:10,28.78349,-89.24291,1.0,239.6,255.0,SYN-VESSEL-30,IMO9990030,SYN030,60,0,52,9,2.2,,A
999000030,2018-04-22T21:03:31,28.78348,-89.24293,0.5,224.9,254.0,SYN-VESSEL-30,IMO9990030,SYN030,60,0,52,9,2.2,,A
999000030,2018-04-22T21:29:09,28.78345,-89.24290,0.0,235.5,254.0,SYN-VESSEL-30,IMO9990030,SYN030,60,0,52,9,2.2,,A
999000030,2018-04-22T21:31:20,28.78346,-89.24287,0.7,263.6,256.0,SYN-VESSEL-30,IMO9990030,SYN030,60,0,52,9,2.2,,A
999000030,2018-04-22T21:33:20,28.78344,-89.24284,0.0,275.4,256.0,SYN-VESSEL-30,IMO9990030,SYN030,60,0,52,9,2.2,,A
999000030,2018-04-22T21:34:29,28.78346,-89.24288,0.5,267.3,255.0,SYN-VESSEL-30,IMO9990030,SYN030,60,0,52,9,2.2,,A
999000030,2018-04-22T21:08:30,28.78350,-89.24294,0.7,75.0,254.0,SYN-VESSEL-30,IMO9990030,SYN030,60,0,52,9,2.2,,A
999000030,2018-04-22T21:07:00,28.78352,-89.24294,0.3,63.3,255.0,SYN-VESSEL-30,IMO9990030,SYN030,60,0,52,9,2.2,,A
999000030,2018-04-22T21:05:50,28.78352,-89.24293,0.4,276.2,255.0,SYN-VESSEL-30,IMO9990030,SYN030,60,0,52,9,2.2,,A
999000030,2018-04-22T21:04:39,28.78348,-89.24291,0.3,236.5,256.0,SYN-VESSEL-30,IMO9990030,SYN030,60,0,52,9,2.2,,A
999000030,2018-04-22T21:14:40,28.78345,-89.24289,0.2,219.2,254.0,SYN-VESSEL-30,IMO9990030,SYN030,60,0,52,9,2.2,,A
999000030,2018-04-22T21:13:00,28.78346,-89.24291,0.6,251.8,254.0,SYN-VESSEL-30,IMO9990030,SYN030,60,0,52,9,2.2,,A
999000030,2018-04-22T21:11:00,28.78347,-89.24292,0.6,62.2,255.0,SYN-VESSEL-30,IMO9990030,SYN030,60,0,52,9,2.2,,A
999000030,2018-04-22T21:09:39,28.78350,-89.24293,0.6,77.1,255.0,SYN-VESSEL-30,IMO9990030,SYN030,60,0,52,9,2.2,,A
999000030,2018-04-22T21:19:30,28.78348,-89.24288,0.4,252.5,255.0,SYN-VESSEL-30,IMO9990030,SYN030,60,0,52,9,2.2,,A
999000030,2018-04-22T21:15:49,28.78350,-89.24291,0.4,249.9,255.0,SYN-VESSEL-30,IMO9990030,SYN030,60,0,52,9,2.2,,A
999000030,2018-04-22T21:17:01,28.78349,-89.24290,0.5,265.6,255.0,SYN-VESSEL-30,IMO9990030,SYN030,60,0,52,9,2.2,,A
999000030,2018-04-22T21:26:19,28.78347,-89.24291,1.7,243.7,254.0,SYN-VESSEL-30,IMO9990030,SYN030,60,0,52,9,2.2,,A
999000030,2018-04-22T21:25:09,28.78348,-89.24291,1.1,297.8,256.0,SYN-VESSEL-30,IMO9990030,SYN030,60,0,52,9,2.2,,A
999000030,2018-04-22T21:20:41,28.78345,-89.24290,0.4,267.1,254.0,SYN-VESSEL-30,IMO9990030,SYN030,60,0,52,9,2.2,,A
999000030,2018-04-22T21:22:30,28.78344,-89.24289,1.8,232.7,253.0,SYN-VESSEL-30,IMO9990030,SYN030,60,0,52,9,2.2,,A
999000037,2018-04-22T20:00:08,28.88617,-88.71653,10.6,272.2,267.0,SYN-VESSEL-37,IMO9990037,SYN037,31,0,37,12,5.5,,A
999000037,2018-04-22T20:01:48,28.88633,-88.72220,10.6,272.0,267.0,SYN-VESSEL-37,IMO9990037,SYN037,31,0,37,12,5.5,,A
999000037,2018-04-22T20:03:08,28.88646,-88.72664,10.6,271.8,267.0,SYN-VESSEL-37,IMO9990037,SYN037,31,0,37,12,5.5,,A
999000037,2018-04-22T20:09:58,28.88683,-88.74951,10.4,269.9,267.0,SYN-VESSEL-37,IMO9990037,SYN037,31,0,37,12,5.5,,A
999000037,2018-04-22T20:08:39,28.88686,-88.74522,10.5,270.5,267.0,SYN-VESSEL-37,IMO9990037,SYN037,31,0,37,12,5.5,,A
999000037,2018-04-22T20:07:29,28.88684,-88.74136,10.6,271.0,267.0,SYN-VESSEL-37,IMO9990037,SYN037,31,0,37,12,5.5,,A
999000037,2018-04-22T20:05:08,28.88666,-88.73340,10.7,272.0,267.0,SYN-VESSEL-37,IMO9990037,SYN037,31,0,37,12,5.5,,A
999000037,2018-04-22T20:06:19,28.88679,-88.73739,10.7,271.9,267.0,SYN-VESSEL-37,IMO9990037,SYN037,31,0,37,12,5.5,,A
999000037,2018-04-22T20:22:38,28.88703,-88.79063,10.3,270.7,268.0,SYN-VESSEL-37,IMO9990037,SYN037,31,0,37,12,5.5,,A
999000037,2018-04-22T20:24:08,28.88709,-88.79549,10.2,270.8,268.0,SYN-VESSEL-37,IMO9990037,SYN037,31,0,37,12,5.5,,A
999000037,2018-04-22T20:17:07,28.88685,-88.77271,10.2,270.3,268.0,SYN-VESSEL-37,IMO9990037,SYN037,31,0,37,12,5.5,,A
999000037,2018-04-22T20:20:39,28.88694,-88.78419,10.3,270.5,268.0,SYN-VESSEL-37,IMO9990037,SYN037,31,0,37,12,5.5,,A
999000037,2018-04-22T20:18:28,28.88688,-88.77709,10.2,270.4,268.0,SYN-VESSEL-37,IMO9990037,SYN037,31,0,37,12,5.5,,A
999000037,2018-04-22T20:11:09,28.88679,-88.75343,10.3,269.4,267.0,SYN-VESSEL-37,IMO9990037,SYN037,31,0,37,12,5.5,,A
999000037,2018-04-22T20:12:28,28.88675,-88.75769,10.3,269.5,268.0,SYN-VESSEL-37,IMO9990037,SYN037,31,0,37,12,5.5,,A
999000037,2018-04-22T20:13:39,28.88679,-88.76152,10.2,270.3,268.0,SYN-VESSEL-37,IMO9990037,SYN037,31,0,37,12,5.5,,A
999000037,2018-04-22T20:15:57,28.88684,-88.76895,10.2,270.4,268.0,SYN-VESSEL-37,IMO9990037,SYN037,31,0,37,12,5.5,,A
999000037,2018-04-22T20:29:28,28.88732,-88.81283,10.3,270.9,268.0,SYN-VESSEL-37,IMO9990037,SYN037,31,0,37,12,5.5,,A
999000037,2018-04-22T20:28:08,28.88726,-88.80845,10.3,270.9,268.0,SYN-VESSEL-37,IMO9990037,SYN037,31,0,37,12,5.5,,A
999000037,2018-04-22T20:26:49,28.88720,-88.80417,10.2,270.9,268.0,SYN-VESSEL-37,IMO9990037,SYN037,31,0,37,12,5.5,,A
999000037,2018-04-22T22:51:49,28.83992,-89.29740,11.3,264.5,265.0,SYN-VESSEL-37,IMO9990037,SYN037,31,0,37,12,5.5,,A
999000037,2018-04-22T22:50:28,28.84025,-89.29261,11.2,263.0,266.0,SYN-VESSEL-37,IMO9990037,SYN037,31,0,37,12,5.5,,A
999000037,2018-04-22T22:46:29,28.84205,-89.27855,11.2,261.7,262.0,SYN-VESSEL-37,IMO9990037,SYN037,31,0,37,12,5.5,,A
999000037,2018-04-22T22:48:49,28.84094,-89.28677,11.3,261.3,262.0,SYN-VESSEL-37,IMO9990037,SYN037,31,0,37,12,5.5,,A
999000037,2018-04-22T22:09:08,28.85916,-89.15097,10.6,263.2,261.0,SYN-VESSEL-37,IMO9990037,SYN037,31,0,37,12,5.5,,A
999000037,2018-04-22T22:10:58,28.85845,-89.15710,10.6,262.5,261.0,SYN-VESSEL-37,IMO9990037,SYN037,31,0,37,12,5.5,,A
999000037,2018-04-22T21:59:18,28.86299,-89.11822,10.5,262.0,260.0,SYN-VESSEL-37,IMO9990037,SYN037,31,0,37,12,5.5,,A
999000037,2018-04-22T22:01:18,28.86215,-89.12484,10.5,261.8,260.0,SYN-VESSEL-37,IMO9990037,SYN037,31,0,37,12,5.5,,A
999000037,2018-04-22T22:00:08,28.86264,-89.12096,10.5,262.1,260.0,SYN-VESSEL-37,IMO9990037,SYN037,31,0,37,12,5.5,,A
999000037,2018-04-22T22:06:19,28.86016,-89.14150,10.6,262.7,261.0,SYN-VESSEL-37,IMO9990037,SYN037,31,0,37,12,5.5,,A
999000037,2018-04-22T22:07:58,28.85957,-89.14709,10.6,263.1,261.0,SYN-VESSEL-37,IMO9990037,SYN037,31,0,37,12,5.5,,A
999000037,2018-04-22T22:02:29,28.86165,-89.12870,10.6,261.7,260.0,SYN-VESSEL-37,IMO9990037,SYN037,31,0,37,12,5.5,,A
999000037,2018-04-22T22:03:39,28.86117,-89.13257,10.6,261.8,260.0,SYN-VESSEL-37,IMO9990037,SYN037,31,0,37,12,5.5,,A
999000037,2018-04-22T22:05:08,28.86059,-89.13759,10.6,262.4,261.0,SYN-VESSEL-37,IMO9990037,SYN037,31,0,37,12,5.5,,A
999000037,2018-04-22T21:57:08,28.86387,-89.11108,10.5,262.1,260.0,SYN-VESSEL-37,IMO9990037,SYN037,31,0,37,12,5.5,,A
999000037,2018-04-22T21:55:28,28.86453,-89.10558,10.6,262.2,260.0,SYN-VESSEL-37,IMO9990037,SYN037,31,0,37,12,5.5,,A
999000037,2018-04-22T21:54:08,28.86506,-89.10113,10.6,262.0,260.0,SYN-VESSEL-37,IMO9990037,SYN037,31,0,37,12,5.5,,A
999000037,2018-04-22T21:52:59,28.86554,-89.09730,10.6,262.1,260.0,SYN-VESSEL-37,IMO9990037,SYN037,31,0,37,12,5.5,,A
999000037,2018-04-22T21:48:59,28.86713,-89.08389,10.8,261.1,261.0,SYN-VESSEL-37,IMO9990037,SYN037,31,0,37,12,5.5,,A
999000037,2018-04-22T21:50:59,28.86634,-89.09062,10.7,262.2,260.0,SYN-VESSEL-37,IMO9990037,SYN037,31,0,37,12,5.5,,A
999000037,2018-04-22T21:39:59,28.87159,-89.05318,11.0,260.6,258.0,SYN-VESSEL-37,IMO9990037,SYN037,31,0,37,12,5.5,,A
999000037,2018-04-22T21:41:19,28.87096,-89.05777,11.0,260.9,258.0,SYN-VESSEL-37,IMO9990037,SYN037,31,0,37,12,5.5,,A
999000037,2018-04-22T21:45:48,28.86870,-89.07313,11.0,260.4,258.0,SYN-VESSEL-37,IMO9990037,SYN037,31,0,37,12,5.5,,A
999000037,2018-04-22T21:43:59,28.86963,-89.06692,11.0,260.8,258.0,SYN-VESSEL-37,IMO9990037,SYN037,31,0,37,12,5.5,,A
999000037,2018-04-22T19:40:58,28.88340,-88.65234,10.5,273.0,267.0,SYN-VESSEL-37,IMO9990037,SYN037,31,0,37,12,5.5,,A
999000037,2018-04-22T19:39:07,28.88312,-88.64623,10.5,273.4,267.0,SYN-VESSEL-37,IMO9990037,SYN037,31,0,37,12,5.5,,A
999000037,2018-04-22T19:46:09,28.88413,-88.66973,10.6,272.8,267.0,SYN-VESSEL-37,IMO9990037,SYN037,31,0,37,12,5.5,,A
999000037,2018-04-22T19:50:18,28.88483,-88.68358,10.5,273.4,267.0,SYN-VESSEL-37,IMO9990037,SYN037,31,0,37,12,5.5,,A
999000037,2018-04-22T19:54:18,28.88545,-88.69691,10.6,272.8,267.0,SYN-VESSEL-37,IMO9990037,SYN037,31,0,37,12,5.5,,A
999000037,2018-04-22T19:25:38,28.88093,-88.60117,10.6,272.6,267.0,SYN-VESSEL-37,IMO9990037,SYN037,31,0,37,12,5.5,,A
999000037,2018-04-22T19:28:29,28.88133,-88.61076,10.6,272.8,267.0,SYN-VESSEL-37,IMO9990037,SYN037,31,0,37,12,5.5,,A
999000037,2018-04-22T19:30:09,28.88158,-88.61633,10.5,272.8,267.0,SYN-VESSEL-37,IMO9990037,SYN037,31,0,37,12,5.5,,A
999000037,2018-04-22T19:37:28,28.88283,-88.64074,10.6,273.3,267.0,SYN-VESSEL-37,IMO9990037,SYN037,31,0,37,12,5.5,,A
999000037,2018-04-22T19:34:28,28.88232,-88.63072,10.6,273.2,267.0,SYN-VESSEL-37,IMO9990037,SYN037,31,0,37,12,5.5,,A
999000037,2018-04-22T19:33:19,28.88213,-88.62688,10.5,273.3,267.0,SYN-VESSEL-37,IMO9990037,SYN037,31,0,37,12,5.5,,A
999000037,2018-04-22T19:56:38,28.88575,-88.70483,10.6,272.3,267.0,SYN-VESSEL-37,IMO9990037,SYN037,31,0,37,12,5.5,,A
999000037,2018-04-22T19:58:48,28.88602,-88.71211,10.6,272.4,267.0,SYN-VESSEL-37,IMO9990037,SYN037,31,0,37,12,5.5,,A
999000037,2018-04-22T21:38:28,28.87238,-89.04789,11.0,261.0,258.0,SYN-VESSEL-37,IMO9990037,SYN037,31,0,37,12,5.5,,A
999000037,2018-04-22T21:35:19,28.87385,-89.03708,11.1,261.4,258.0,SYN-VESSEL-37,IMO9990037,SYN037,31,0,37,12,5.5,,A
999000037,2018-04-22T21:37:19,28.87291,-89.04399,11.0,261.3,258.0,SYN-VESSEL-37,IMO9990037,SYN037,31,0,37,12,5.5,,A
999000037,2018-04-22T21:21:18,28.87970,-88.98841,10.9,263.6,260.0,SYN-VESSEL-37,IMO9990037,SYN037,31,0,37,12,5.5,,A
999000037,2018-04-22T21:20:08,28.88010,-88.98436,10.9,263.6,260.0,SYN-VESSEL-37,IMO9990037,SYN037,31,0,37,12,5.5,,A
999000037,2018-04-22T21:18:58,28.88050,-88.98039,10.9,263.5,260.0,SYN-VESSEL-37,IMO9990037,SYN037,31,0,37,12,5.5,,A
999000037,2018-04-22T21:23:29,28.87893,-88.99594,11.0,263.3,260.0,SYN-VESSEL-37,IMO9990037,SYN037,31,0,37,12,5.5,,A
999000037,2018-04-22T21:24:38,28.87853,-88.99993,11.0,263.5,259.0,SYN-VESSEL-37,IMO9990037,SYN037,31,0,37,12,5.5,,A
999000037,2018-04-22T21:22:19,28.87936,-88.99186,10.9,263.4,260.0,SYN-VESSEL-37,IMO9990037,SYN037,31,0,37,12,5.5,,A
999000037,2018-04-22T21:31:09,28.87579,-89.02254,11.1,261.6,258.0,SYN-VESSEL-37,IMO9990037,SYN037,31,0,37,12,5.5,,A
999000037,2018-04-22T21:32:18,28.87525,-89.02656,11.1,261.4,258.0,SYN-VESSEL-37,IMO9990037,SYN037,31,0,37,12,5.5,,A
999000037,2018-04-22T21:25:48,28.87807,-89.00391,11.0,262.7,259.0,SYN-VESSEL-37,IMO9990037,SYN037,31,0,37,12,5.5,,A
999000037,2018-04-22T21:28:09,28.87715,-89.01212,11.0,262.7,258.0,SYN-VESSEL-37,IMO9990037,SYN037,31,0,37,12,5.5,,A
999000037,2018-04-22T21:05:08,28.88542,-88.93317,10.9,263.8,261.0,SYN-VESSEL-37,IMO9990037,SYN037,31,0,37,12,5.5,,A
999000037,2018-04-22T21:07:29,28.88454,-88.94115,10.8,262.9,261.0,SYN-VESSEL-37,IMO9990037,SYN037,31,0,37,12,5.5,,A
999000037,2018-04-22T21:06:18,28.88499,-88.93713,10.8,263.1,261.0,SYN-VESSEL-37,IMO9990037,SYN037,31,0,37,12,5.5,,A
999000037,2018-04-22T21:11:08,28.88332,-88.95365,10.9,263.7,261.0,SYN-VESSEL-37,IMO9990037,SYN037,31,0,37,12,5.5,,A
999000037,2018-04-22T21:09:08,28.88399,-88.94680,10.9,263.3,261.0,SYN-VESSEL-37,IMO9990037,SYN037,31,0,37,12,5.5,,A
999000037,2018-04-22T21:14:39,28.88202,-88.96569,10.9,262.7,260.0,SYN-VESSEL-37,IMO9990037,SYN037,31,0,37,12,5.5,,A
999000037,2018-04-22T21:13:19,28.88254,-88.96112,10.9,263.1,260.0,SYN-VESSEL-37,IMO9990037,SYN037,31,0,37,12,5.5,,A
999000037,2018-04-22T21:12:09,28.88299,-88.95708,10.9,263.7,260.0,SYN-VESSEL-37,IMO9990037,SYN037,31,0,37,12,5.5,,A
999000037,2018-04-22T21:17:39,28.88093,-88.97595,10.9,263.4,260.0,SYN-VESSEL-37,IMO9990037,SYN037,31,0,37,12,5.5,,A
999000037,2018-04-22T21:15:49,28.88158,-88.96962,10.9,262.7,260.0,SYN-VESSEL-37,IMO9990037,SYN037,31,0,37,12,5.5,,A
999000037,2018-04-22T20:58:09,28.88717,-88.90924,10.7,269.0,265.0,SYN-VESSEL-37,IMO9990037,SYN037,31,0,37,12,5.5,,A
999000037,2018-04-22T20:59:19,28.88699,-88.91322,10.8,267.6,264.0,SYN-VESSEL-37,IMO9990037,SYN037,31,0,37,12,5.5,,A
999000037,2018-04-22T21:01:19,28.88658,-88.92010,10.9,266.3,263.0,SYN-VESSEL-37,IMO9990037,SYN037,31,0,37,12,5.5,,A
999000037,2018-04-22T21:00:08,28.88683,-88.91597,10.8,266.8,264.0,SYN-VESSEL-37,IMO9990037,SYN037,31,0,37,12,5.5,,A
999000037,2018-04-22T20:51:38,28.88751,-88.88709,10.6,269.3,267.0,SYN-VESSEL-37,IMO9990037,SYN037,31,0,37,12,5.5,,A
999000037,2018-04-22T20:47:39,28.88763,-88.87371,10.6,269.7,268.0,SYN-VESSEL-37,IMO9990037,SYN037,31,0,37,12,5.5,,A
999000037,2018-04-22T20:49:08,28.88757,-88.87866,10.6,269.4,268.0,SYN-VESSEL-37,IMO9990037,SYN037,31,0,37,12,5.5,,A
999000037,2018-04-22T20:50:28,28.88755,-88.88316,10.6,269.7,268.0,SYN-VESSEL-37,IMO9990037,SYN037,31,0,37,12,5.5,,A
999000037,2018-04-22T20:55:09,28.88730,-88.89902,10.7,269.0,267.0,SYN-VESSEL-37,IMO9990037,SYN037,31,0,37,12,5.5,,A
999000037,2018-04-22T20:53:09,28.88741,-88.89223,10.7,268.8,267.0,SYN-VESSEL-37,IMO9990037,SYN037,31,0,37,12,5.5,,A
999000037,2018-04-22T20:42:39,28.88768,-88.85688,10.7,269.9,268.0,SYN-VESSEL-37,IMO9990037,SYN037,31,0,37,12,5.5,,A
999000037,2018-04-22T20:39:39,28.88771,-88.84672,10.6,269.9,268.0,SYN-VESSEL-37,IMO9990037,SYN037,31,0,37,12,5.5,,A
999000037,2018-04-22T20:41:09,28.88770,-88.85180,10.7,269.9,268.0,SYN-VESSEL-37,IMO9990037,SYN037,31,0,37,12,5.5,,A
999000037,2018-04-22T20:43:48,28.88766,-88.86071,10.7,269.7,268.0,SYN-VESSEL-37,IMO9990037,SYN037,31,0,37,12,5.5,,A
999000037,2018-04-22T20:38:09,28.88773,-88.84165,10.6,270.4,268.0,SYN-VESSEL-37,IMO9990037,SYN037,31,0,37,12,5.5,,A
999000037,2018-04-22T20:35:28,28.88764,-88.83267,10.5,270.9,268.0,SYN-VESSEL-37,IMO9990037,SYN037,31,0,37,12,5.5,,A
999000037,2018-04-22T20:36:29,28.88769,-88.83607,10.5,271.0,268.0,SYN-VESSEL-37,IMO9990037,SYN037,31,0,37,12,5.5,,A
999000037,2018-04-22T20:32:28,28.88749,-88.82271,10.4,271.2,268.0,SYN-VESSEL-37,IMO9990037,SYN037,31,0,37,12,5.5,,A
999000037,2018-04-22T20:33:38,28.88755,-88.82657,10.4,271.1,268.0,SYN-VESSEL-37,IMO9990037,SYN037,31,0,37,12,5.5,,A
999000037,2018-04-22T21:03:38,28.88591,-88.92798,10.9,264.3,262.0,SYN-VESSEL-37,IMO9990037,SYN037,31,0,37,12,5.5,,A
999000037,2018-04-22T21:02:28,28.88630,-88.92399,10.9,265.4,262.0,SYN-VESSEL-37,IMO9990037,SYN037,31,0,37,12,5.5,,A
999000039,2018-04-22T21:05:56,29.08196,-89.28718,0.0,265.7,511.0,SYN-VESSEL-39,,SYN039,31,0,19,,,,A
999000039,2018-04-22T21:07:05,29.08196,-89.28715,0.1,303.5,511.0,SYN-VESSEL-39,,SYN039,31,0,19,,,,A
999000039,2018-04-22T21:09:15,29.08201,-89.28719,0.0,340.6,511.0,SYN-VESSEL-39,,SYN039,31,0,19,,,,A
999000039,2018-04-22T21:11:16,29.08207,-89.28713,0.1,357.9,511.0,SYN-VESSEL-39,,SYN039,31,0,19,,,,A
999000039,2018-04-22T21:08:06,29.08199,-89.28716,0.1,325.8,511.0,SYN-VESSEL-39,,SYN039,31,0,19,,,,A
999000039,2018-04-22T21:16:25,29.08204,-89.28714,0.2,218.1,511.0,SYN-VESSEL-39,,SYN039,31,0,19,,,,A
999000039,2018-04-22T21:17:55,29.08201,-89.28714,0.2,200.1,511.0,SYN-VESSEL-39,,SYN039,31,0,19,,,,A
999000039,2018-04-22T21:14:36,29.08208,-89.28710,0.2,279.6,511.0,SYN-VESSEL-39,,SYN039,31,0,19,,,,A
999000039,2018-04-22T21:13:16,29.08209,-89.28712,0.1,20.6,511.0,SYN-VESSEL-39,,SYN039,31,0,19,,,,A
999000039,2018-04-22T21:31:42,29.08202,-89.28709,0.1,277.6,511.0,SYN-VESSEL-39,,SYN039,31,0,19,,,,A
999000039,2018-04-22T21:34:12,29.08197,-89.28714,0.1,219.6,511.0,SYN-VESSEL-39,,SYN039,31,0,19,,,,A
999000039,2018-04-22T21:35:42,29.08203,-89.28721,0.0,211.9,511.0,SYN-VESSEL-39,,SYN039,31,0,19,,,,A
999000039,2018-04-22T21:28:25,29.08203,-89.28715,0.1,354.2,511.0,SYN-VESSEL-39,,SYN039,31,0,19,,,,A
999000039,2018-04-22T21:26:36,29.08199,-89.28716,0.1,314.6,511.0,SYN-VESSEL-39,,SYN039,31,0,19,,,,A
999000039,2018-04-22T21:25:25,29.08200,-89.28714,0.0,326.8,511.0,SYN-VESSEL-39,,SYN039,31,0,19,,,,A
999000039,2018-04-22T21:21:54,29.08195,-89.28721,0.0,234.2,511.0,SYN-VESSEL-39,,SYN039,31,0,19,,,,A
999000039,2018-04-22T21:24:14,29.08201,-89.28721,0.2,333.9,511.0,SYN-VESSEL-39,,SYN039,31,0,19,,,,A
999000039,2018-04-22T21:20:44,29.08195,-89.28720,0.1,177.9,511.0,SYN-VESSEL-39,,SYN039,31,0,19,,,,A
999000039,2018-04-22T21:37:52,29.08192,-89.28720,0.1,197.1,511.0,SYN-VESSEL-39,,SYN039,31,0,19,,,,A
999000039,2018-04-22T18:27:15,29.08214,-89.28699,0.1,268.8,511.0,SYN-VESSEL-39,,SYN039,31,0,19,,,,A
999000039,2018-04-22T18:23:54,29.08216,-89.28705,0.1,228.6,511.0,SYN-VESSEL-39,,SYN039,31,0,19,,,,A
999000039,2018-04-22T18:32:15,29.08215,-89.28704,0.1,292.3,511.0,SYN-VESSEL-39,,SYN039,31,0,19,,,,A
999000039,2018-04-22T18:28:36,29.08215,-89.28703,0.1,279.9,511.0,SYN-VESSEL-39,,SYN039,31,0,19,,,,A
999000039,2018-04-22T18:21:45,29.08220,-89.28704,0.0,37.8,511.0,SYN-VESSEL-39,,SYN039,31,0,19,,,,A
999000039,2018-04-22T18:20:15,29.08219,-89.28704,0.2,33.5,511.0,SYN-VESSEL-39,,SYN039,31,0,19,,,,A
999000039,2018-04-22T18:18:45,29.08215,-89.28705,0.1,352.4,511.0,SYN-VESSEL-39,,SYN039,31,0,19,,,,A
999000039,2018-04-22T18:17:16,29.08212,-89.28702,0.2,314.4,511.0,SYN-VESSEL-39,,SYN039,31,0,19,,,,A
999000039,2018-04-22T18:34:36,29.08217,-89.28705,0.1,289.2,511.0,SYN-VESSEL-39,,SYN039,31,0,19,,,,A
999000039,2018-04-22T18:39:35,29.08217,-89.28706,0.2,324.3,511.0,SYN-VESSEL-39,,SYN039,31,0,19,,,,A
999000039,2018-04-22T18:37:35,29.08214,-89.28703,0.1,319.1,511.0,SYN-VESSEL-39,,SYN039,31,0,19,,,,A
999000039,2018-04-22T18:33:25,29.08214,-89.28705,0.0,288.5,511.0,SYN-VESSEL-39,,SYN039,31,0,19,,,,A
999000039,2018-04-22T18:30:55,29.08215,-89.28703,0.1,280.7,511.0,SYN-VESSEL-39,,SYN039,31,0,19,,,,A
999000039,2018-04-22T18:43:35,29.08218,-89.28707,0.1,304.5,511.0,SYN-VESSEL-39,,SYN039,31,0,19,,,,A
999000039,2018-04-22T18:42:26,29.08218,-89.28706,0.1,309.7,511.0,SYN-VESSEL-39,,SYN039,31,0,19,,,,A
999000039,2018-04-22T18:40:56,29.08218,-89.28708,0.1,314.3,511.0,SYN-VESSEL-39,,SYN039,31,0,19,,,,A
999000039,2018-04-22T18:44:45,29.08216,-89.28706,0.0,309.5,511.0,SYN-VESSEL-39,,SYN039,31,0,19,,,,A
999000039,2018-04-22T18:52:25,29.08212,-89.28709,0.1,209.7,511.0,SYN-VESSEL-39,,SYN039,31,0,19,,,,A
999000039,2018-04-22T18:50:25,29.08215,-89.28705,0.1,232.1,511.0,SYN-VESSEL-39,,SYN039,31,0,19,,,,A
999000039,2018-04-22T18:46:04,29.08217,-89.28707,0.1,305.7,511.0,SYN-VESSEL-39,,SYN039,31,0,19,,,,A
999000039,2018-04-22T23:54:42,29.08199,-89.28729,0.1,357.1,511.0,SYN-VESSEL-39,,SYN039,31,0,19,,,,A
999000039,2018-04-22T23:56:03,29.08197,-89.28717,0.1,25.3,511.0,SYN-VESSEL-39,,SYN039,31,0,19,,,,A
999000039,2018-04-22T23:39:33,29.08194,-89.28712,0.0,297.9,511.0,SYN-VESSEL-39,,SYN039,31,0,19,,,,A
999000039,2018-04-22T23:38:22,29.08196,-89.28713,0.1,313.3,511.0,SYN-VESSEL-39,,SYN039,31,0,19,,,,A
999000039,2018-04-22T23:36:02,29.08193,-89.28711,0.0,336.6,511.0,SYN-VESSEL-39,,SYN039,31,0,19,,,,A
999000039,2018-04-22T23:43:13,29.08199,-89.28721,0.1,251.7,511.0,SYN-VESSEL-39,,SYN039,31,0,19,,,,A
999000039,2018-04-22T23:45:03,29.08197,-89.28724,0.1,225.7,511.0,SYN-VESSEL-39,,SYN039,31,0,19,,,,A
999000039,2018-04-22T23:46:12,29.08197,-89.28726,0.2,216.8,511.0,SYN-VESSEL-39,,SYN039,31,0,19,,,,A
999000039,2018-04-22T23:48:12,29.08187,-89.28722,0.2,181.9,511.0,SYN-VESSEL-39,,SYN039,31,0,19,,,,A
999000039,2018-04-22T23:51:12,29.08192,-89.28727,0.2,310.6,511.0,SYN-VESSEL-39,,SYN039,31,0,19,,,,A
999000039,2018-04-22T23:49:32,29.08190,-89.28725,0.3,244.4,511.0,SYN-VESSEL-39,,SYN039,31,0,19,,,,A
999000039,2018-04-22T23:27:42,29.08197,-89.28717,0.1,350.3,511.0,SYN-VESSEL-39,,SYN039,31,0,19,,,,A
999000039,2018-04-22T23:34:02,29.08201,-89.28715,0.0,354.3,511.0,SYN-VESSEL-39,,SYN039,31,0,19,,,,A
999000039,2018-04-22T23:32:12,29.08198,-89.28709,0.1,355.2,511.0,SYN-VESSEL-39,,SYN039,31,0,19,,,,A
999000039,2018-04-22T23:29:02,29.08197,-89.28715,0.1,9.6,511.0,SYN-VESSEL-39,,SYN039,31,0,19,,,,A
999000039,2018-04-22T23:19:22,29.08192,-89.28722,0.1,348.2,511.0,SYN-VESSEL-39,,SYN039,31,0,19,,,,A
999000039,2018-04-22T23:20:33,29.08198,-89.28721,0.1,359.8,511.0,SYN-VESSEL-39,,SYN039,31,0,19,,,,A
999000039,2018-04-22T23:23:31,29.08200,-89.28714,0.4,26.7,511.0,SYN-VESSEL-39,,SYN039,31,0,19,,,,A
999000039,2018-04-22T23:25:52,29.08197,-89.28716,0.0,333.6,511.0,SYN-VESSEL-39,,SYN039,31,0,19,,,,A
999000039,2018-04-22T23:22:22,29.08198,-89.28717,0.1,18.9,511.0,SYN-VESSEL-39,,SYN039,31,0,19,,,,A
999000039,2018-04-22T19:21:45,29.08204,-89.28708,0.2,122.0,511.0,SYN-VESSEL-39,,SYN039,31,0,19,,,,A
999000039,2018-04-22T19:20:16,29.08208,-89.28703,0.3,149.9,511.0,SYN-VESSEL-39,,SYN039,31,0,19,,,,A
999000039,2018-04-22T19:18:05,29.08205,-89.28706,0.3,134.1,511.0,SYN-VESSEL-39,,SYN039,31,0,19,,,,A
999000039,2018-04-22T19:16:25,29.08204,-89.28707,0.3,166.7,511.0,SYN-VESSEL-39,,SYN039,31,0,19,,,,A
999000039,2018-04-22T19:15:16,29.08204,-89.28714,0.1,188.5,511.0,SYN-VESSEL-39,,SYN039,31,0,19,,,,A
999000039,2018-04-22T19:12:56,29.08210,-89.28709,0.1,211.8,511.0,SYN-VESSEL-39,,SYN039,31,0,19,,,,A
999000039,2018-04-22T19:06:05,29.08217,-89.28704,0.1,1.7,511.0,SYN-VESSEL-39,,SYN039,31,0,19,,,,A
999000039,2018-04-22T19:07:24,29.08215,-89.28701,0.0,332.3,511.0,SYN-VESSEL-39,,SYN039,31,0,19,,,,A
999000039,2018-04-22T19:09:56,29.08217,-89.28701,0.2,284.0,511.0,SYN-VESSEL-39,,SYN039,31,0,19,,,,A
999000039,2018-04-22T19:11:45,29.08213,-89.28708,0.2,211.5,511.0,SYN-VESSEL-39,,SYN039,31,0,19,,,,A
999000039,2018-04-22T19:08:45,29.08215,-89.28703,0.0,308.7,511.0,SYN-VESSEL-39,,SYN039,31,0,19,,,,A
999000039,2018-04-22T18:58:44,29.08207,-89.28713,0.2,327.5,511.0,SYN-VESSEL-39,,SYN039,31,0,19,,,,A
999000039,2018-04-22T18:56:44,29.08203,-89.28711,0.2,219.4,511.0,SYN-VESSEL-39,,SYN039,31,0,19,,,,A
999000039,2018-04-22T18:54:26,29.08208,-89.28711,0.1,192.3,511.0,SYN-VESSEL-39,,SYN039,31,0,19,,,,A
999000039,2018-04-22T19:04:56,29.08221,-89.28706,0.0,5.5,511.0,SYN-VESSEL-39,,SYN039,31,0,19,,,,A
999000039,2018-04-22T19:02:24,29.08215,-89.28710,0.1,11.1,511.0,SYN-VESSEL-39,,SYN039,31,0,19,,,,A
999000039,2018-04-22T19:03:45,29.08217,-89.28704,0.0,22.6,511.0,SYN-VESSEL-39,,SYN039,31,0,19,,,,A
999000039,2018-04-22T18:59:56,29.08210,-89.28713,0.0,357.7,511.0,SYN-VESSEL-39,,SYN039,31,0,19,,,,A
999000039,2018-04-22T19:00:05,29.08210,-89.28712,0.1,354.6,511.0,SYN-VESSEL-39,,SYN039,31,0,19,,,,A
999000039,2018-04-22T19:01:16,29.08212,-89.28710,0.1,6.6,511.0,SYN-VESSEL-39,,SYN039,31,0,19,,,,A
999000039,2018-04-22T18:14:54,29.08211,-89.28707,0.1,338.4,511.0,SYN-VESSEL-39,,SYN039,31,0,19,,,,A
999000039,2018-04-22T18:12:54,29.08203,-89.28709,0.1,221.2,511.0,SYN-VESSEL-39,,SYN039,31,0,19,,,,A
999000039,2018-04-22T18:09:26,29.08211,-89.28705,0.1,183.5,511.0,SYN-VESSEL-39,,SYN039,31,0,19,,,,A
999000039,2018-04-22T18:10:35,29.08209,-89.28705,0.2,162.7,511.0,SYN-VESSEL-39,,SYN039,31,0,19,,,,A
999000039,2018-04-22T18:08:16,29.08215,-89.28707,0.0,201.4,511.0,SYN-VESSEL-39,,SYN039,31,0,19,,,,A
999000039,2018-04-22T18:11:46,29.08205,-89.28709,0.2,177.0,511.0,SYN-VESSEL-39,,SYN039,31,0,19,,,,A
999000039,2018-04-22T18:05:56,29.08223,-89.28705,0.2,284.7,511.0,SYN-VESSEL-39,,SYN039,31,0,19,,,,A
999000039,2018-04-22T18:07:04,29.08217,-89.28707,0.1,221.8,511.0,SYN-VESSEL-39,,SYN039,31,0,19,,,,A
999000039,2018-04-22T18:00:06,29.08208,-89.28706,0.1,278.5,511.0,SYN-VESSEL-39,,SYN039,31,0,19,,,,A
999000039,2018-04-22T18:02:26,29.08217,-89.28705,0.1,354.3,511.0,SYN-VESSEL-39,,SYN039,31,0,19,,,,A
999000039,2018-04-22T18:03:35,29.08222,-89.28705,0.1,4.6,511.0,SYN-VESSEL-39,,SYN039,31,0,19,,,,A
999000039,2018-04-22T18:04:44,29.08222,-89.28703,0.1,14.3,511.0,SYN-VESSEL-39,,SYN039,31,0,19,,,,A
999000039,2018-04-22T18:01:16,29.08213,-89.28704,0.0,350.0,511.0,SYN-VESSEL-39,,SYN039,31,0,19,,,,A
999000039,2018-04-22T21:03:24,29.08196,-89.28716,0.1,195.8,511.0,SYN-VESSEL-39,,SYN039,31,0,19,,,,A
999000039,2018-04-22T21:04:36,29.08195,-89.28718,0.3,180.5,511.0,SYN-VESSEL-39,,SYN039,31,0,19,,,,A
999000039,2018-04-22T21:02:15,29.08200,-89.28716,0.1,208.5,511.0,SYN-VESSEL-39,,SYN039,31,0,19,,,,A
999000039,2018-04-22T21:01:14,29.08203,-89.28716,0.1,218.0,511.0,SYN-VESSEL-39,,SYN039,31,0,19,,,,A
999000039,2018-04-22T21:00:05,29.08205,-89.28716,0.1,230.3,511.0,SYN-VESSEL-39,,SYN039,31,0,19,,,,A
999000039,2018-04-22T20:58:45,29.08205,-89.28715,0.0,236.7,511.0,SYN-VESSEL-39,,SYN039,31,0,19,,,,A
999000039,2018-04-22T20:59:56,29.08205,-89.28714,0.1,231.6,511.0,SYN-VESSEL-39,,SYN039,31,0,19,,,,A
999000039,2018-04-22T20:53:45,29.08207,-89.28707,0.0,239.3,511.0,SYN-VESSEL-39,,SYN039,31,0,19,,,,A
999000039,2018-04-22T20:56:45,29.08208,-89.28710,0.1,237.3,511.0,SYN-VESSEL-39,,SYN039,31,0,19,,,,A
999000039,2018-04-22T20:51:56,29.08202,-89.28706,0.1,244.3,511.0,SYN-VESSEL-39,,SYN039,31,0,19,,,,A
999000039,2018-04-22T20:48:15,29.08201,-89.28706,0.1,236.1,511.0,SYN-VESSEL-39,,SYN039,31,0,19,,,,A
999000039,2018-04-22T20:43:05,29.08208,-89.28707,0.0,252.2,511.0,SYN-VESSEL-39,,SYN039,31,0,19,,,,A
999000039,2018-04-22T20:46:46,29.08204,-89.28708,0.1,238.6,511.0,SYN-VESSEL-39,,SYN039,31,0,19,,,,A
999000039,2018-04-22T20:41:16,29.08205,-89.28707,0.1,258.2,511.0,SYN-VESSEL-39,,SYN039,31,0,19,,,,A
999000039,2018-04-22T20:40:06,29.08205,-89.28705,0.0,279.3,511.0,SYN-VESSEL-39,,SYN039,31,0,19,,,,A
999000039,2018-04-22T20:36:54,29.08207,-89.28710,0.1,276.9,511.0,SYN-VESSEL-39,,SYN039,31,0,19,,,,A
999000039,2018-04-22T20:35:45,29.08205,-89.28708,0.1,284.9,511.0,SYN-VESSEL-39,,SYN039,31,0,19,,,,A
999000039,2018-04-22T20:31:45,29.08206,-89.28708,0.1,349.9,511.0,SYN-VESSEL-39,,SYN039,31,0,19,,,,A
999000039,2018-04-22T20:30:26,29.08207,-89.28709,0.0,3.8,511.0,SYN-VESSEL-39,,SYN039,31,0,19,,,,A
999000039,2018-04-22T21:57:52,29.08199,-89.28712,0.0,293.6,511.0,SYN-VESSEL-39,,SYN039,31,0,19,,,,A
999000039,2018-04-22T21:56:51,29.08199,-89.28714,0.0,296.4,511.0,SYN-VESSEL-39,,SYN039,31,0,19,,,,A
999000039,2018-04-22T22:00:02,29.08203,-89.28714,0.0,272.1,511.0,SYN-VESSEL-39,,SYN039,31,0,19,,,,A
999000039,2018-04-22T21:59:02,29.08201,-89.28714,0.0,272.9,511.0,SYN-VESSEL-39,,SYN039,31,0,19,,,,A
999000039,2018-04-22T22:01:13,29.08205,-89.28714,0.1,247.7,511.0,SYN-VESSEL-39,,SYN039,31,0,19,,,,A
999000039,2018-04-22T22:05:52,29.08190,-89.28720,0.3,193.9,511.0,SYN-VESSEL-39,,SYN039,31,0,19,,,,A
999000039,2018-04-22T22:07:13,29.08187,-89.28720,0.3,170.0,511.0,SYN-VESSEL-39,,SYN039,31,0,19,,,,A
999000039,2018-04-22T22:02:23,29.08203,-89.28717,0.0,211.5,511.0,SYN-VESSEL-39,,SYN039,31,0,19,,,,A
999000039,2018-04-22T22:04:42,29.08194,-89.28717,0.3,208.8,511.0,SYN-VESSEL-39,,SYN039,31,0,19,,,,A
999000039,2018-04-22T22:03:33,29.08196,-89.28714,0.1,208.5,511.0,SYN-VESSEL-39,,SYN039,31,0,19,,,,A
999000039,2018-04-22T21:39:33,29.08189,-89.28721,0.0,264.4,511.0,SYN-VESSEL-39,,SYN039,31,0,19,,,,A
999000039,2018-04-22T21:41:03,29.08193,-89.28721,0.0,325.8,511.0,SYN-VESSEL-39,,SYN039,31,0,19,,,,A
999000039,2018-04-22T21:42:33,29.08196,-89.28717,0.1,354.7,511.0,SYN-VESSEL-39,,SYN039,31,0,19,,,,A
999000039,2018-04-22T21:45:33,29.08199,-89.28713,0.0,14.2,511.0,SYN-VESSEL-39,,SYN039,31,0,19,,,,A
999000039,2018-04-22T21:44:02,29.08198,-89.28716,0.1,5.0,511.0,SYN-VESSEL-39,,SYN039,31,0,19,,,,A
999000039,2018-04-22T21:49:02,29.08199,-89.28714,0.1,248.9,511.0,SYN-VESSEL-39,,SYN039,31,0,19,,,,A
999000039,2018-04-22T21:50:13,29.08197,-89.28712,0.1,220.4,511.0,SYN-VESSEL-39,,SYN039,31,0,19,,,,A
999000039,2018-04-22T21:55:02,29.08204,-89.28713,0.0,311.9,511.0,SYN-VESSEL-39,,SYN039,31,0,19,,,,A
999000039,2018-04-22T22:09:32,29.08189,-89.28722,0.0,31.3,511.0,SYN-VESSEL-39,,SYN039,31,0,19,,,,A
999000039,2018-04-22T22:08:23,29.08185,-89.28722,0.1,121.6,511.0,SYN-VESSEL-39,,SYN039,31,0,19,,,,A
999000039,2018-04-22T19:29:04,29.08213,-89.28710,0.1,359.2,511.0,SYN-VESSEL-39,,SYN039,31,0,19,,,,A
999000039,2018-04-22T19:27:55,29.08209,-89.28712,0.1,356.5,511.0,SYN-VESSEL-39,,SYN039,31,0,19,,,,A
999000039,2018-04-22T19:25:26,29.08207,-89.28710,0.2,346.2,511.0,SYN-VESSEL-39,,SYN039,31,0,19,,,,A
999000039,2018-04-22T19:24:15,29.08206,-89.28714,0.1,5.7,511.0,SYN-VESSEL-39,,SYN039,31,0,19,,,,A
999000039,2018-04-22T19:23:05,29.08206,-89.28713,0.2,40.6,511.0,SYN-VESSEL-39,,SYN039,31,0,19,,,,A
999000039,2018-04-22T19:30:55,29.08213,-89.28710,0.1,252.2,511.0,SYN-VESSEL-39,,SYN039,31,0,19,,,,A
999000039,2018-04-22T19:33:44,29.08210,-89.28710,0.1,211.0,511.0,SYN-VESSEL-39,,SYN039,31,0,19,,,,A
999000039,2018-04-22T19:36:24,29.08206,-89.28712,0.1,223.4,511.0,SYN-VESSEL-39,,SYN039,31,0,19,,,,A
999000039,2018-04-22T19:37:36,29.08202,-89.28714,0.1,201.0,511.0,SYN-VESSEL-39,,SYN039,31,0,19,,,,A
999000039,2018-04-22T19:46:45,29.08209,-89.28706,0.2,314.2,511.0,SYN-VESSEL-39,,SYN039,31,0,19,,,,A
999000039,2018-04-22T19:44:45,29.08209,-89.28706,0.1,18.4,511.0,SYN-VESSEL-39,,SYN039,31,0,19,,,,A
999000039,2018-04-22T19:39:36,29.08200,-89.28715,0.2,172.1,511.0,SYN-VESSEL-39,,SYN039,31,0,19,,,,A
999000039,2018-04-22T19:43:15,29.08208,-89.28714,0.1,2.6,511.0,SYN-VESSEL-39,,SYN039,31,0,19,,,,A
999000039,2018-04-22T19:41:45,29.08204,-89.28714,0.1,344.3,511.0,SYN-VESSEL-39,,SYN039,31,0,19,,,,A
999000039,2018-04-22T19:53:16,29.08197,-89.28714,0.2,157.8,511.0,SYN-VESSEL-39,,SYN039,31,0,19,,,,A
999000039,2018-04-22T19:48:45,29.08207,-89.28712,0.1,238.4,511.0,SYN-VESSEL-39,,SYN039,31,0,19,,,,A
999000039,2018-04-22T19:51:16,29.08205,-89.28715,0.1,199.5,511.0,SYN-VESSEL-39,,SYN039,31,0,19,,,,A
999000039,2018-04-22T19:59:04,29.08206,-89.28717,0.1,354.1,511.0,SYN-VESSEL-39,,SYN039,31,0,19,,,,A
999000039,2018-04-22T19:57:54,29.08203,-89.28713,0.0,345.5,511.0,SYN-VESSEL-39,,SYN039,31,0,19,,,,A
999000039,2018-04-22T23:59:42,29.08195,-89.28725,0.0,230.3,511.0,SYN-VESSEL-39,,SYN039,31,0,19,,,,A
999000039,2018-04-22T23:58:03,29.08195,-89.28719,0.1,270.6,511.0,SYN-VESSEL-39,,SYN039,31,0,19,,,,A
999000039,2018-04-22T22:20:42,29.08195,-89.28718,0.1,233.5,511.0,SYN-VESSEL-39,,SYN039,31,0,19,,,,A
999000039,2018-04-22T22:14:23,29.08201,-89.28719,0.0,14.9,511.0,SYN-VESSEL-39,,SYN039,31,0,19,,,,A
999000039,2018-04-22T22:19:13,29.08198,-89.28718,0.0,229.8,511.0,SYN-VESSEL-39,,SYN039,31,0,19,,,,A
999000039,2018-04-22T22:25:12,29.08199,-89.28721,0.1,220.6,511.0,SYN-VESSEL-39,,SYN039,31,0,19,,,,A
999000039,2018-04-22T22:22:43,29.08194,-89.28718,0.0,211.3,511.0,SYN-VESSEL-39,,SYN039,31,0,19,,,,A
999000039,2018-04-22T22:24:03,29.08198,-89.28722,0.0,223.6,511.0,SYN-VESSEL-39,,SYN039,31,0,19,,,,A
999000039,2018-04-22T22:13:12,29.08194,-89.28714,0.1,1.2,511.0,SYN-VESSEL-39,,SYN039,31,0,19,,,,A
999000039,2018-04-22T22:12:03,29.08193,-89.28720,0.1,350.1,511.0,SYN-VESSEL-39,,SYN039,31,0,19,,,,A
999000039,2018-04-22T22:10:43,29.08190,-89.28717,0.0,355.0,511.0,SYN-VESSEL-39,,SYN039,31,0,19,,,,A
999000039,2018-04-22T22:17:42,29.08200,-89.28718,0.1,223.8,511.0,SYN-VESSEL-39,,SYN039,31,0,19,,,,A
999000039,2018-04-22T22:16:13,29.08200,-89.28715,0.0,287.6,511.0,SYN-VESSEL-39,,SYN039,31,0,19,,,,A
999000039,2018-04-22T22:32:52,29.08188,-89.28718,0.1,327.5,511.0,SYN-VESSEL-39,,SYN039,31,0,19,,,,A
999000039,2018-04-22T22:31:12,29.08187,-89.28719,0.1,269.6,511.0,SYN-VESSEL-39,,SYN039,31,0,19,,,,A
999000039,2018-04-22T22:26:32,29.08193,-89.28721,0.2,205.1,511.0,SYN-VESSEL-39,,SYN039,31,0,19,,,,A
999000039,2018-04-22T22:28:03,29.08189,-89.28718,0.1,187.8,511.0,SYN-VESSEL-39,,SYN039,31,0,19,,,,A
999000039,2018-04-22T22:30:03,29.08184,-89.28716,0.0,171.4,511.0,SYN-VESSEL-39,,SYN039,31,0,19,,,,A
999000039,2018-04-22T22:37:02,29.08193,-89.28719,0.3,1.5,511.0,SYN-VESSEL-39,,SYN039,31,0,19,,,,A
999000039,2018-04-22T22:35:02,29.08192,-89.28724,0.1,300.8,511.0,SYN-VESSEL-39,,SYN039,31,0,19,,,,A
999000039,2018-04-22T22:41:42,29.08197,-89.28716,0.0,69.1,511.0,SYN-VESSEL-39,,SYN039,31,0,19,,,,A
999000039,2018-04-22T22:39:33,29.08197,-89.28718,0.1,46.8,511.0,SYN-VESSEL-39,,SYN039,31,0,19,,,,A
999000039,2018-04-22T22:43:33,29.08194,-89.28713,0.0,77.6,511.0,SYN-VESSEL-39,,SYN039,31,0,19,,,,A
999000039,2018-04-22T22:45:13,29.08194,-89.28713,0.0,71.3,511.0,SYN-VESSEL-39,,SYN039,31,0,19,,,,A
999000039,2018-04-22T20:23:55,29.08207,-89.28714,0.1,3.4,511.0,SYN-VESSEL-39,,SYN039,31,0,19,,,,A
999000039,2018-04-22T20:28:45,29.08204,-89.28707,0.1,27.1,511.0,SYN-VESSEL-39,,SYN039,31,0,19,,,,A
999000039,2018-04-22T20:26:45,29.08207,-89.28709,0.1,13.1,511.0,SYN-VESSEL-39,,SYN039,31,0,19,,,,A
999000039,2018-04-22T20:22:45,29.08206,-89.28716,0.1,4.4,511.0,SYN-VESSEL-39,,SYN039,31,0,19,,,,A
999000039,2018-04-22T20:20:45,29.08202,-89.28718,0.1,325.1,511.0,SYN-VESSEL-39,,SYN039,31,0,19,,,,A
999000039,2018-04-22T20:17:56,29.08200,-89.28717,0.1,204.6,511.0,SYN-VESSEL-39,,SYN039,31,0,19,,,,A
999000039,2018-04-22T20:19:34,29.08201,-89.28717,0.1,288.5,511.0,SYN-VESSEL-39,,SYN039,31,0,19,,,,A
999000039,2018-04-22T20:15:16,29.08203,-89.28715,0.0,243.4,511.0,SYN-VESSEL-39,,SYN039,31,0,19,,,,A
999000039,2018-04-22T20:16:45,29.08204,-89.28721,0.1,221.9,511.0,SYN-VESSEL-39,,SYN039,31,0,19,,,,A
999000039,2018-04-22T20:14:05,29.08205,-89.28715,0.0,303.1,511.0,SYN-VESSEL-39,,SYN039,31,0,19,,,,A
999000039,2018-04-22T20:12:56,29.08204,-89.28712,0.1,300.7,511.0,SYN-VESSEL-39,,SYN039,31,0,19,,,,A
999000039,2018-04-22T20:00:04,29.08207,-89.28716,0.1,4.3,511.0,SYN-VESSEL-39,,SYN039,31,0,19,,,,A
999000039,2018-04-22T20:01:16,29.08207,-89.28713,0.1,0.7,511.0,SYN-VESSEL-39,,SYN039,31,0,19,,,,A
999000039,2018-04-22T20:02:25,29.08210,-89.28711,0.1,15.8,511.0,SYN-VESSEL-39,,SYN039,31,0,19,,,,A
999000039,2018-04-22T20:03:35,29.08208,-89.28711,0.1,316.4,511.0,SYN-VESSEL-39,,SYN039,31,0,19,,,,A
999000039,2018-04-22T20:07:55,29.08203,-89.28714,0.0,197.1,511.0,SYN-VESSEL-39,,SYN039,31,0,19,,,,A
999000039,2018-04-22T20:09:16,29.08199,-89.28713,0.0,183.7,511.0,SYN-VESSEL-39,,SYN039,31,0,19,,,,A
999000039,2018-04-22T20:10:55,29.08204,-89.28716,0.2,296.5,511.0,SYN-VESSEL-39,,SYN039,31,0,19,,,,A
999000039,2018-04-22T20:06:35,29.08206,-89.28715,0.1,206.4,511.0,SYN-VESSEL-39,,SYN039,31,0,19,,,,A
999000039,2018-04-22T20:05:16,29.08207,-89.28712,0.1,229.0,511.0,SYN-VESSEL-39,,SYN039,31,0,19,,,,A
999000039,2018-04-22T22:49:42,29.08195,-89.28717,0.0,84.8,511.0,SYN-VESSEL-39,,SYN039,31,0,19,,,,A
999000039,2018-04-22T22:53:53,29.08195,-89.28716,0.0,148.7,511.0,SYN-VESSEL-39,,SYN039,31,0,19,,,,A
999000039,2018-04-22T22:52:42,29.08197,-89.28714,0.0,140.5,511.0,SYN-VESSEL-39,,SYN039,31,0,19,,,,A
999000039,2018-04-22T22:55:13,29.08198,-89.28715,0.1,175.3,511.0,SYN-VESSEL-39,,SYN039,31,0,19,,,,A
999000039,2018-04-22T22:56:43,29.08198,-89.28719,0.0,200.3,511.0,SYN-VESSEL-39,,SYN039,31,0,19,,,,A
999000039,2018-04-22T22:58:03,29.08197,-89.28718,0.0,210.0,511.0,SYN-VESSEL-39,,SYN039,31,0,19,,,,A
999000039,2018-04-22T22:59:43,29.08200,-89.28721,0.1,235.5,511.0,SYN-VESSEL-39,,SYN039,31,0,19,,,,A
999000039,2018-04-22T23:00:03,29.08199,-89.28719,0.0,239.1,511.0,SYN-VESSEL-39,,SYN039,31,0,19,,,,A
999000039,2018-04-22T23:05:52,29.08196,-89.28717,0.0,249.9,511.0,SYN-VESSEL-39,,SYN039,31,0,19,,,,A
999000039,2018-04-22T23:07:03,29.08196,-89.28716,0.0,241.2,511.0,SYN-VESSEL-39,,SYN039,31,0,19,,,,A
999000039,2018-04-22T23:02:21,29.08198,-89.28720,0.0,250.4,511.0,SYN-VESSEL-39,,SYN039,31,0,19,,,,A
999000039,2018-04-22T23:01:12,29.08199,-89.28720,0.0,245.8,511.0,SYN-VESSEL-39,,SYN039,31,0,19,,,,A
999000039,2018-04-22T23:04:33,29.08197,-89.28719,0.0,250.2,511.0,SYN-VESSEL-39,,SYN039,31,0,19,,,,A
999000039,2018-04-22T23:03:32,29.08197,-89.28717,0.1,254.2,511.0,SYN-VESSEL-39,,SYN039,31,0,19,,,,A
999000039,2018-04-22T23:13:42,29.08197,-89.28721,0.0,217.9,511.0,SYN-VESSEL-39,,SYN039,31,0,19,,,,A
999000039,2018-04-22T23:08:12,29.08199,-89.28714,0.0,233.1,511.0,SYN-VESSEL-39,,SYN039,31,0,19,,,,A
999000039,2018-04-22T23:09:13,29.08198,-89.28717,0.1,232.9,511.0,SYN-VESSEL-39,,SYN039,31,0,19,,,,A
999000039,2018-04-22T23:11:52,29.08198,-89.28715,0.1,220.2,511.0,SYN-VESSEL-39,,SYN039,31,0,19,,,,A
999000039,2018-04-22T23:10:42,29.08197,-89.28713,0.1,199.9,511.0,SYN-VESSEL-39,,SYN039,31,0,19,,,,A
999000039,2018-04-22T23:17:33,29.08187,-89.28719,0.1,279.1,511.0,SYN-VESSEL-39,,SYN039,31,0,19,,,,A
999000039,2018-04-22T23:15:33,29.08190,-89.28724,0.1,202.5,511.0,SYN-VESSEL-39,,SYN039,31,0,19,,,,A
999000018,2018-04-22T23:54:25,29.11204,-89.29562,7.9,303.0,511.0,SYN-VESSEL-18,,SYN018,31,5,12,4,,,A
999000018,2018-04-22T23:18:05,29.08052,-89.28571,4.9,32.4,511.0,SYN-VESSEL-18,,SYN018,31,5,12,4,,,A
999000018,2018-04-22T23:16:34,29.07878,-89.28709,4.9,36.3,511.0,SYN-VESSEL-18,,SYN018,31,5,12,4,,,A
999000018,2018-04-22T23:13:55,29.07617,-89.28988,4.9,41.7,511.0,SYN-VESSEL-18,,SYN018,31,5,12,4,,,A
999000018,2018-04-22T23:15:05,29.07727,-89.28865,4.8,44.7,511.0,SYN-VESSEL-18,,SYN018,31,5,12,4,,,A
999000018,2018-04-22T23:11:46,29.07401,-89.29211,4.9,41.1,511.0,SYN-VESSEL-18,,SYN018,31,5,12,4,,,A
999000018,2018-04-22T23:10:35,29.07284,-89.29337,4.9,45.9,511.0,SYN-VESSEL-18,,SYN018,31,5,12,4,,,A
999000018,2018-04-22T23:08:54,29.07128,-89.29537,4.9,47.2,511.0,SYN-VESSEL-18,,SYN018,31,5,12,4,,,A
999000018,2018-04-22T23:06:06,29.06857,-89.29857,5.1,45.9,511.0,SYN-VESSEL-18,,SYN018,31,5,12,4,,,A
999000018,2018-04-22T23:07:14,29.06966,-89.29721,5.0,46.0,511.0,SYN-VESSEL-18,,SYN018,31,5,12,4,,,A
999000018,2018-04-22T23:04:55,29.06742,-89.29994,5.1,45.1,511.0,SYN-VESSEL-18,,SYN018,31,5,12,4,,,A
999000018,2018-04-22T23:28:15,29.09206,-89.27761,4.7,26.3,511.0,SYN-VESSEL-18,,SYN018,31,5,12,4,,,A
999000018,2018-04-22T23:25:36,29.08896,-89.27966,4.9,30.4,511.0,SYN-VESSEL-18,,SYN018,31,5,12,4,,,A
999000018,2018-04-22T23:29:16,29.09327,-89.27691,5.0,26.2,511.0,SYN-VESSEL-18,,SYN018,31,5,12,4,,,A
999000018,2018-04-22T23:30:26,29.09473,-89.27611,4.9,24.4,511.0,SYN-VESSEL-18,,SYN018,31,5,12,4,,,A
999000018,2018-04-22T23:20:05,29.08281,-89.28418,4.6,31.8,511.0,SYN-VESSEL-18,,SYN018,31,5,12,4,,,A
999000018,2018-04-22T23:21:45,29.08466,-89.28289,4.6,31.1,511.0,SYN-VESSEL-18,,SYN018,31,5,12,4,,,A
999000018,2018-04-22T23:23:15,29.08630,-89.28173,4.7,35.5,511.0,SYN-VESSEL-18,,SYN018,31,5,12,4,,,A
999000018,2018-04-22T23:24:25,29.08763,-89.28065,5.4,34.2,511.0,SYN-VESSEL-18,,SYN018,31,5,12,4,,,A
999000018,2018-04-22T23:44:15,29.11130,-89.27420,6.7,284.0,511.0,SYN-VESSEL-18,,SYN018,31,5,12,4,,,A
999000018,2018-04-22T23:45:24,29.11061,-89.27647,7.2,244.2,511.0,SYN-VESSEL-18,,SYN018,31,5,12,4,,,A
999000018,2018-04-22T23:43:05,29.11020,-89.27229,3.9,343.8,511.0,SYN-VESSEL-18,,SYN018,31,5,12,4,,,A
999000018,2018-04-22T23:46:44,29.10984,-89.27942,7.9,256.5,511.0,SYN-VESSEL-18,,SYN018,31,5,12,4,,,A
999000018,2018-04-22T23:51:55,29.10967,-89.29022,7.0,292.5,511.0,SYN-VESSEL-18,,SYN018,31,5,12,4,,,A
999000018,2018-04-22T23:50:44,29.10859,-89.28771,7.5,308.5,511.0,SYN-VESSEL-18,,SYN018,31,5,12,4,,,A
999000018,2018-04-22T23:32:45,29.09759,-89.27439,5.2,28.9,511.0,SYN-VESSEL-18,,SYN018,31,5,12,4,,,A
999000018,2018-04-22T23:31:36,29.09616,-89.27530,5.0,28.1,511.0,SYN-VESSEL-18,,SYN018,31,5,12,4,,,A
999000018,2018-04-22T23:36:25,29.10220,-89.27181,3.9,352.0,511.0,SYN-VESSEL-18,,SYN018,31,5,12,4,,,A
999000018,2018-04-22T23:37:54,29.10391,-89.27327,5.4,319.5,511.0,SYN-VESSEL-18,,SYN018,31,5,12,4,,,A
999000018,2018-04-22T23:39:25,29.10573,-89.27381,4.7,9.7,511.0,SYN-VESSEL-18,,SYN018,31,5,12,4,,,A
999000018,2018-04-22T23:53:04,29.11048,-89.29276,7.9,288.8,511.0,SYN-VESSEL-18,,SYN018,31,5,12,4,,,A
999000037,2018-04-22T22:27:09,28.85089,-89.21170,10.9,261.4,262.0,SYN-VESSEL-37,IMO9990037,SYN037,31,0,37,12,5.5,,A
999000037,2018-04-22T22:30:09,28.84951,-89.22194,10.9,261.3,262.0,SYN-VESSEL-37,IMO9990037,SYN037,31,0,37,12,5.5,,A
999000037,2018-04-22T22:31:28,28.84889,-89.22646,10.9,261.1,263.0,SYN-VESSEL-37,IMO9990037,SYN037,31,0,37,12,5.5,,A
999000037,2018-04-22T22:43:39,28.84329,-89.26865,11.1,261.4,262.0,SYN-VESSEL-37,IMO9990037,SYN037,31,0,37,12,5.5,,A
999000037,2018-04-22T22:32:39,28.84836,-89.23046,11.0,261.3,262.0,SYN-VESSEL-37,IMO9990037,SYN037,31,0,37,12,5.5,,A
999000037,2018-04-22T22:36:39,28.84656,-89.24436,11.0,261.7,262.0,SYN-VESSEL-37,IMO9990037,SYN037,31,0,37,12,5.5,,A
999000037,2018-04-22T22:39:39,28.84516,-89.25477,11.1,261.2,262.0,SYN-VESSEL-37,IMO9990037,SYN037,31,0,37,12,5.5,,A
999000037,2018-04-22T22:33:48,28.84782,-89.23450,11.0,261.4,262.0,SYN-VESSEL-37,IMO9990037,SYN037,31,0,37,12,5.5,,A
999000037,2018-04-22T22:37:59,28.84595,-89.24897,11.0,261.6,262.0,SYN-VESSEL-37,IMO9990037,SYN037,31,0,37,12,5.5,,A
999000037,2018-04-22T22:16:19,28.85605,-89.17510,10.7,261.4,261.0,SYN-VESSEL-37,IMO9990037,SYN037,31,0,37,12,5.5,,A
999000037,2018-04-22T22:17:29,28.85550,-89.17902,10.7,260.9,261.0,SYN-VESSEL-37,IMO9990037,SYN037,31,0,37,12,5.5,,A
999000037,2018-04-22T22:13:28,28.85735,-89.16549,10.7,261.6,261.0,SYN-VESSEL-37,IMO9990037,SYN037,31,0,37,12,5.5,,A
999000037,2018-04-22T22:14:38,28.85681,-89.16943,10.8,261.2,261.0,SYN-VESSEL-37,IMO9990037,SYN037,31,0,37,12,5.5,,A
999000037,2018-04-22T22:12:09,28.85795,-89.16106,10.7,261.9,261.0,SYN-VESSEL-37,IMO9990037,SYN037,31,0,37,12,5.5,,A
999000037,2018-04-22T22:25:09,28.85185,-89.20489,10.9,261.0,262.0,SYN-VESSEL-37,IMO9990037,SYN037,31,0,37,12,5.5,,A
999000037,2018-04-22T22:23:08,28.85279,-89.19806,10.9,261.0,262.0,SYN-VESSEL-37,IMO9990037,SYN037,31,0,37,12,5.5,,A
999000037,2018-04-22T22:20:29,28.85400,-89.18909,10.7,260.3,262.0,SYN-VESSEL-37,IMO9990037,SYN037,31,0,37,12,5.5,,A
999000037,2018-04-22T22:19:19,28.85460,-89.18518,10.7,260.7,261.0,SYN-VESSEL-37,IMO9990037,SYN037,31,0,37,12,5.5,,A
999000057,2018-04-22T23:59:49,29.10183,-89.27354,16.1,201.2,201.0,SYN-VESSEL-57,IMO9990057,SYN057,31,12,41,13,,,A
999000057,2018-04-22T23:58:42,29.10644,-89.27154,16.2,200.3,198.0,SYN-VESSEL-57,IMO9990057,SYN057,31,12,41,13,,,A
999000057,2018-04-22T23:56:42,29.11476,-89.26763,16.1,203.9,203.0,SYN-VESSEL-57,IMO9990057,SYN057,31,12,41,13,,,A
999000057,2018-04-22T23:55:06,29.12140,-89.26458,16.1,201.9,200.0,SYN-VESSEL-57,IMO9990057,SYN057,31,12,41,13,,,A
999000057,2018-04-22T23:47:49,29.15158,-89.25539,15.2,184.0,184.0,SYN-VESSEL-57,IMO9990057,SYN057,31,12,41,13,,,A
999000057,2018-04-22T23:43:55,29.16838,-89.25729,16.5,164.6,163.0,SYN-VESSEL-57,IMO9990057,SYN057,31,12,41,13,,,A
999000057,2018-04-22T23:45:24,29.16179,-89.25538,15.8,171.9,178.0,SYN-VESSEL-57,IMO9990057,SYN057,31,12,41,13,,,A
999000057,2018-04-22T23:46:36,29.15669,-89.25516,15.0,181.6,182.0,SYN-VESSEL-57,IMO9990057,SYN057,31,12,41,13,,,A
999000057,2018-04-22T23:50:12,29.14165,-89.25682,15.0,189.8,189.0,SYN-VESSEL-57,IMO9990057,SYN057,31,12,41,13,,,A
999000057,2018-04-22T23:51:30,29.13631,-89.25822,15.2,195.7,196.0,SYN-VESSEL-57,IMO9990057,SYN057,31,12,41,13,,,A
999000057,2018-04-22T23:53:54,29.12639,-89.26234,16.1,200.8,200.0,SYN-VESSEL-57,IMO9990057,SYN057,31,12,41,13,,,A
999000057,2018-04-22T23:52:42,29.13146,-89.26022,15.7,201.0,199.0,SYN-VESSEL-57,IMO9990057,SYN057,31,12,41,13,,,A
999000057,2018-04-22T23:42:36,29.17416,-89.25918,16.0,162.8,163.0,SYN-VESSEL-57,IMO9990057,SYN057,31,12,41,13,,,A
999000057,2018-04-22T23:40:00,29.18468,-89.26415,15.1,152.9,153.0,SYN-VESSEL-57,IMO9990057,SYN057,31,12,41,13,,,A
999000057,2018-04-22T23:41:24,29.17910,-89.26129,15.8,157.2,157.0,SYN-VESSEL-57,IMO9990057,SYN057,31,12,41,13,,,A
999000057,2018-04-22T23:36:40,29.19584,-89.27084,11.2,149.3,152.0,SYN-VESSEL-57,IMO9990057,SYN057,31,12,41,13,,,A
999000057,2018-04-22T23:38:40,29.18951,-89.26705,13.9,151.7,151.0,SYN-VESSEL-57,IMO9990057,SYN057,31,12,41,13,,,A
999000006,2018-04-22T18:15:15,28.72999,-89.29777,10.0,253.3,253.0,SYN-VESSEL-06,IMO9990006,SYN006,90,0,91,18,5.8,,A
999000006,2018-04-22T18:13:45,28.73119,-89.29322,9.9,254.1,253.0,SYN-VESSEL-06,IMO9990006,SYN006,90,0,91,18,5.8,,A
999000006,2018-04-22T18:03:35,28.73946,-89.26251,10.0,253.1,252.0,SYN-VESSEL-06,IMO9990006,SYN006,90,0,91,18,5.8,,A
999000006,2018-04-22T18:04:45,28.73851,-89.26604,10.0,253.3,252.0,SYN-VESSEL-06,IMO9990006,SYN006,90,0,91,18,5.8,,A
999000006,2018-04-22T18:00:06,28.74234,-89.25199,10.0,252.8,252.0,SYN-VESSEL-06,IMO9990006,SYN006,90,0,91,18,5.8,,A
999000006,2018-04-22T18:02:26,28.74041,-89.25903,10.0,252.8,252.0,SYN-VESSEL-06,IMO9990006,SYN006,90,0,91,18,5.8,,A
999000006,2018-04-22T18:01:16,28.74137,-89.25551,10.0,253.1,252.0,SYN-VESSEL-06,IMO9990006,SYN006,90,0,91,18,5.8,,A
999000006,2018-04-22T18:08:45,28.73515,-89.27807,10.0,252.4,252.0,SYN-VESSEL-06,IMO9990006,SYN006,90,0,91,18,5.8,,A
999000006,2018-04-22T18:07:16,28.73640,-89.27367,9.9,252.4,252.0,SYN-VESSEL-06,IMO9990006,SYN006,90,0,91,18,5.8,,A
999000006,2018-04-22T18:05:55,28.73752,-89.26956,10.0,252.5,252.0,SYN-VESSEL-06,IMO9990006,SYN006,90,0,91,18,5.8,,A
999000006,2018-04-22T18:10:06,28.73400,-89.28214,10.0,252.2,253.0,SYN-VESSEL-06,IMO9990006,SYN006,90,0,91,18,5.8,,A
999000006,2018-04-22T18:11:15,28.73312,-89.28563,9.9,254.2,254.0,SYN-VESSEL-06,IMO9990006,SYN006,90,0,91,18,5.8,,A
999000013,2018-04-22T21:01:31,29.10910,-89.27108,0.6,37.0,31.0,SYN-VESSEL-13,IMO9990013,SYN013,90,3,80,16,5.1,,A
999000013,2018-04-22T21:02:42,29.10929,-89.27099,0.6,15.4,30.0,SYN-VESSEL-13,IMO9990013,SYN013,90,3,80,16,5.1,,A
999000013,2018-04-22T20:47:06,29.11286,-89.26873,6.0,199.4,212.0,SYN-VESSEL-13,IMO9990013,SYN013,90,3,80,16,5.1,,A
999000013,2018-04-22T20:43:58,29.11534,-89.26824,2.2,339.3,62.0,SYN-VESSEL-13,IMO9990013,SYN013,90,3,80,16,5.1,,A
999000013,2018-04-22T20:42:41,29.11479,-89.26833,1.3,20.6,24.0,SYN-VESSEL-13,IMO9990013,SYN013,90,3,80,16,5.1,,A
999000013,2018-04-22T20:39:41,29.11396,-89.26870,1.0,25.4,28.0,SYN-VESSEL-13,IMO9990013,SYN013,90,3,80,16,5.1,,A
999000013,2018-04-22T20:32:52,29.11253,-89.26962,0.8,21.4,32.0,SYN-VESSEL-13,IMO9990013,SYN013,90,3,80,16,5.1,,A
999000013,2018-04-22T20:31:42,29.11226,-89.26971,0.9,15.4,26.0,SYN-VESSEL-13,IMO9990013,SYN013,90,3,80,16,5.1,,A
999000013,2018-04-22T20:36:51,29.11336,-89.26917,0.8,25.4,31.0,SYN-VESSEL-13,IMO9990013,SYN013,90,3,80,16,5.1,,A
999000013,2018-04-22T20:38:21,29.11367,-89.26889,0.8,31.0,31.0,SYN-VESSEL-13,IMO9990013,SYN013,90,3,80,16,5.1,,A
999000013,2018-04-22T20:51:32,29.10721,-89.27220,1.0,326.9,27.0,SYN-VESSEL-13,IMO9990013,SYN013,90,3,80,16,5.1,,A
999000013,2018-04-22T20:50:08,29.10774,-89.27136,5.9,206.1,311.0,SYN-VESSEL-13,IMO9990013,SYN013,90,3,80,16,5.1,,A
999000013,2018-04-22T20:48:32,29.11053,-89.27020,7.0,209.1,205.0,SYN-VESSEL-13,IMO9990013,SYN013,90,3,80,16,5.1,,A
999000013,2018-04-22T20:53:51,29.10779,-89.27190,0.9,33.3,30.0,SYN-VESSEL-13,IMO9990013,SYN013,90,3,80,16,5.1,,A
999000013,2018-04-22T20:55:42,29.10819,-89.27166,0.7,18.7,27.0,SYN-VESSEL-13,IMO9990013,SYN013,90,3,80,16,5.1,,A
999000013,2018-04-22T21:00:02,29.10887,-89.27126,0.5,28.1,33.0,SYN-VESSEL-13,IMO9990013,SYN013,90,3,80,16,5.1,,A
999000013,2018-04-22T20:59:31,29.10880,-89.27129,0.5,36.7,30.0,SYN-VESSEL-13,IMO9990013,SYN013,90,3,80,16,5.1,,A
999000013,2018-04-22T20:56:51,29.10840,-89.27159,0.7,23.1,31.0,SYN-VESSEL-13,IMO9990013,SYN013,90,3,80,16,5.1,,A
999000013,2018-04-22T18:52:06,29.10537,-89.27361,2.3,295.7,31.0,SYN-VESSEL-13,IMO9990013,SYN013,90,3,80,16,5.1,,A
999000013,2018-04-22T18:51:02,29.10557,-89.27223,5.9,222.5,303.0,SYN-VESSEL-13,IMO9990013,SYN013,90,3,80,16,5.1,,A
999000013,2018-04-22T18:42:42,29.12537,-89.26273,10.7,200.3,204.0,SYN-VESSEL-13,IMO9990013,SYN013,90,3,80,16,5.1,,A
999000013,2018-04-22T18:45:01,29.11873,-89.26547,11.0,201.9,204.0,SYN-VESSEL-13,IMO9990013,SYN013,90,3,80,16,5.1,,A
999000013,2018-04-22T18:49:32,29.10810,-89.27078,7.2,204.1,215.0,SYN-VESSEL-13,IMO9990013,SYN013,90,3,80,16,5.1,,A
999000013,2018-04-22T18:47:32,29.11187,-89.26890,8.8,206.8,208.0,SYN-VESSEL-13,IMO9990013,SYN013,90,3,80,16,5.1,,A
999000013,2018-04-22T18:31:42,29.15581,-89.25127,9.4,197.8,208.0,SYN-VESSEL-13,IMO9990013,SYN013,90,3,80,16,5.1,,A
999000013,2018-04-22T18:34:31,29.14800,-89.25459,10.5,197.8,199.0,SYN-VESSEL-13,IMO9990013,SYN013,90,3,80,16,5.1,,A
999000013,2018-04-22T18:41:32,29.12864,-89.26130,10.8,202.5,205.0,SYN-VESSEL-13,IMO9990013,SYN013,90,3,80,16,5.1,,A
999000013,2018-04-22T18:40:22,29.13195,-89.25983,10.7,202.3,203.0,SYN-VESSEL-13,IMO9990013,SYN013,90,3,80,16,5.1,,A
999000013,2018-04-22T18:38:22,29.13752,-89.25781,10.3,196.3,198.0,SYN-VESSEL-13,IMO9990013,SYN013,90,3,80,16,5.1,,A
999000013,2018-04-22T18:26:42,29.16106,-89.25092,2.3,158.7,168.0,SYN-VESSEL-13,IMO9990013,SYN013,90,3,80,16,5.1,,A
999000013,2018-04-22T18:23:35,29.16265,-89.25123,2.3,260.6,193.0,SYN-VESSEL-13,IMO9990013,SYN013,90,3,80,16,5.1,,A
999000013,2018-04-22T18:25:32,29.16172,-89.25122,2.1,148.4,167.0,SYN-VESSEL-13,IMO9990013,SYN013,90,3,80,16,5.1,,A
999000013,2018-04-22T18:27:52,29.16069,-89.25060,0.8,113.1,165.0,SYN-VESSEL-13,IMO9990013,SYN013,90,3,80,16,5.1,,A
999000013,2018-04-22T18:30:22,29.15876,-89.25017,6.7,192.1,207.0,SYN-VESSEL-13,IMO9990013,SYN013,90,3,80,16,5.1,,A
999000013,2018-04-22T18:19:12,29.15941,-89.24941,3.0,346.5,349.0,SYN-VESSEL-13,IMO9990013,SYN013,90,3,80,16,5.1,,A
999000013,2018-04-22T18:17:02,29.15774,-89.24856,2.8,327.8,330.0,SYN-VESSEL-13,IMO9990013,SYN013,90,3,80,16,5.1,,A
999000013,2018-04-22T18:22:29,29.16205,-89.25027,3.4,326.8,293.0,SYN-VESSEL-13,IMO9990013,SYN013,90,3,80,16,5.1,,A
999000013,2018-04-22T18:21:01,29.16092,-89.24975,3.1,348.5,333.0,SYN-VESSEL-13,IMO9990013,SYN013,90,3,80,16,5.1,,A
999000013,2018-04-22T23:59:01,29.11129,-89.27044,0.8,30.1,29.0,SYN-VESSEL-13,IMO9990013,SYN013,90,3,80,16,5.1,,A
999000013,2018-04-22T18:54:32,29.10603,-89.27309,0.7,39.1,26.0,SYN-VESSEL-13,IMO9990013,SYN013,90,3,80,16,5.1,,A
999000013,2018-04-22T18:56:22,29.10638,-89.27289,0.7,32.8,29.0,SYN-VESSEL-13,IMO9990013,SYN013,90,3,80,16,5.1,,A
999000013,2018-04-22T18:58:22,29.10674,-89.27264,0.8,27.3,27.0,SYN-VESSEL-13,IMO9990013,SYN013,90,3,80,16,5.1,,A
999000013,2018-04-22T18:59:32,29.10702,-89.27251,0.8,26.5,26.0,SYN-VESSEL-13,IMO9990013,SYN013,90,3,80,16,5.1,,A
999000013,2018-04-22T19:00:01,29.10712,-89.27244,0.7,21.1,26.0,SYN-VESSEL-13,IMO9990013,SYN013,90,3,80,16,5.1,,A
999000013,2018-04-22T19:01:13,29.10737,-89.27231,0.8,21.6,25.0,SYN-VESSEL-13,IMO9990013,SYN013,90,3,80,16,5.1,,A
999000013,2018-04-22T19:03:41,29.10793,-89.27202,0.9,3.7,25.0,SYN-VESSEL-13,IMO9990013,SYN013,90,3,80,16,5.1,,A
999000013,2018-04-22T19:04:51,29.10819,-89.27187,0.7,35.5,32.0,SYN-VESSEL-13,IMO9990013,SYN013,90,3,80,16,5.1,,A
999000013,2018-04-22T19:02:23,29.10764,-89.27221,1.0,19.2,28.0,SYN-VESSEL-13,IMO9990013,SYN013,90,3,80,16,5.1,,A
999000013,2018-04-22T19:06:33,29.10860,-89.27160,1.0,29.9,31.0,SYN-VESSEL-13,IMO9990013,SYN013,90,3,80,16,5.1,,A
999000013,2018-04-22T19:08:52,29.10932,-89.27104,1.3,21.5,22.0,SYN-VESSEL-13,IMO9990013,SYN013,90,3,80,16,5.1,,A
999000013,2018-04-22T19:07:51,29.10899,-89.27128,1.6,44.8,30.0,SYN-VESSEL-13,IMO9990013,SYN013,90,3,80,16,5.1,,A
999000013,2018-04-22T19:10:32,29.10991,-89.27081,1.5,31.8,28.0,SYN-VESSEL-13,IMO9990013,SYN013,90,3,80,16,5.1,,A
999000013,2018-04-22T19:11:42,29.11032,-89.27060,1.0,20.1,27.0,SYN-VESSEL-13,IMO9990013,SYN013,90,3,80,16,5.1,,A
999000013,2018-04-22T19:15:01,29.11089,-89.27036,0.6,23.8,28.0,SYN-VESSEL-13,IMO9990013,SYN013,90,3,80,16,5.1,,A
999000013,2018-04-22T19:12:51,29.11059,-89.27051,0.8,3.6,28.0,SYN-VESSEL-13,IMO9990013,SYN013,90,3,80,16,5.1,,A
999000013,2018-04-22T19:20:22,29.11194,-89.26968,0.4,26.4,24.0,SYN-VESSEL-13,IMO9990013,SYN013,90,3,80,16,5.1,,A
999000013,2018-04-22T19:17:12,29.11134,-89.27007,0.8,43.0,32.0,SYN-VESSEL-13,IMO9990013,SYN013,90,3,80,16,5.1,,A
999000013,2018-04-22T19:18:33,29.11159,-89.26987,0.8,22.2,26.0,SYN-VESSEL-13,IMO9990013,SYN013,90,3,80,16,5.1,,A
999000013,2018-04-22T23:54:32,29.11021,-89.27103,0.9,29.5,31.0,SYN-VESSEL-13,IMO9990013,SYN013,90,3,80,16,5.1,,A
999000013,2018-04-22T23:53:12,29.10996,-89.27121,0.8,19.6,29.0,SYN-VESSEL-13,IMO9990013,SYN013,90,3,80,16,5.1,,A
999000013,2018-04-22T23:57:51,29.11100,-89.27060,1.1,38.7,31.0,SYN-VESSEL-13,IMO9990013,SYN013,90,3,80,16,5.1,,A
999000013,2018-04-22T23:32:21,29.10637,-89.27306,0.6,15.7,26.0,SYN-VESSEL-13,IMO9990013,SYN013,90,3,80,16,5.1,,A
999000013,2018-04-22T23:29:02,29.10559,-89.27322,0.8,20.1,21.0,SYN-VESSEL-13,IMO9990013,SYN013,90,3,80,16,5.1,,A
999000013,2018-04-22T23:27:32,29.10528,-89.27336,1.1,47.4,29.0,SYN-VESSEL-13,IMO9990013,SYN013,90,3,80,16,5.1,,A
999000013,2018-04-22T23:30:13,29.10592,-89.27318,0.9,7.5,22.0,SYN-VESSEL-13,IMO9990013,SYN013,90,3,80,16,5.1,,A
999000013,2018-04-22T23:21:34,29.11073,-89.26994,4.9,172.3,190.0,SYN-VESSEL-13,IMO9990013,SYN013,90,3,80,16,5.1,,A
999000013,2018-04-22T23:19:21,29.11125,-89.27042,1.2,28.0,32.0,SYN-VESSEL-13,IMO9990013,SYN013,90,3,80,16,5.1,,A
999000013,2018-04-22T23:20:31,29.11174,-89.27030,1.1,104.1,134.0,SYN-VESSEL-13,IMO9990013,SYN013,90,3,80,16,5.1,,A
999000013,2018-04-22T23:25:08,29.10483,-89.27313,3.9,231.9,350.0,SYN-VESSEL-13,IMO9990013,SYN013,90,3,80,16,5.1,,A
999000013,2018-04-22T23:26:21,29.10500,-89.27361,1.6,16.7,29.0,SYN-VESSEL-13,IMO9990013,SYN013,90,3,80,16,5.1,,A
999000013,2018-04-22T23:23:03,29.10834,-89.27088,7.0,207.3,210.0,SYN-VESSEL-13,IMO9990013,SYN013,90,3,80,16,5.1,,A
999000013,2018-04-22T23:24:05,29.10641,-89.27201,7.5,204.1,230.0,SYN-VESSEL-13,IMO9990013,SYN013,90,3,80,16,5.1,,A
999000013,2018-04-22T23:50:32,29.10939,-89.27150,0.8,13.8,29.0,SYN-VESSEL-13,IMO9990013,SYN013,90,3,80,16,5.1,,A
999000013,2018-04-22T23:47:12,29.10872,-89.27185,0.9,25.8,33.0,SYN-VESSEL-13,IMO9990013,SYN013,90,3,80,16,5.1,,A
999000013,2018-04-22T23:45:12,29.10823,-89.27208,0.9,19.6,26.0,SYN-VESSEL-13,IMO9990013,SYN013,90,3,80,16,5.1,,A
999000013,2018-04-22T23:40:21,29.10731,-89.27250,0.4,32.8,28.0,SYN-VESSEL-13,IMO9990013,SYN013,90,3,80,16,5.1,,A
999000013,2018-04-22T23:41:52,29.10756,-89.27237,0.7,1.8,24.0,SYN-VESSEL-13,IMO9990013,SYN013,90,3,80,16,5.1,,A
999000013,2018-04-22T23:38:41,29.10714,-89.27259,0.3,23.0,28.0,SYN-VESSEL-13,IMO9990013,SYN013,90,3,80,16,5.1,,A
999000013,2018-04-22T23:37:21,29.10702,-89.27267,0.5,37.5,27.0,SYN-VESSEL-13,IMO9990013,SYN013,90,3,80,16,5.1,,A
999000013,2018-04-22T23:35:51,29.10683,-89.27281,0.5,14.7,28.0,SYN-VESSEL-13,IMO9990013,SYN013,90,3,80,16,5.1,,A
999000013,2018-04-22T18:10:12,29.15379,-89.24968,4.4,37.3,26.0,SYN-VESSEL-13,IMO9990013,SYN013,90,3,80,16,5.1,,A
999000013,2018-04-22T18:11:21,29.15460,-89.24868,3.5,50.6,24.0,SYN-VESSEL-13,IMO9990013,SYN013,90,3,80,16,5.1,,A
999000013,2018-04-22T18:12:23,29.15521,-89.24804,2.4,40.3,7.0,SYN-VESSEL-13,IMO9990013,SYN013,90,3,80,16,5.1,,A
999000013,2018-04-22T18:09:08,29.15254,-89.25073,5.5,26.3,25.0,SYN-VESSEL-13,IMO9990013,SYN013,90,3,80,16,5.1,,A
999000013,2018-04-22T18:08:02,29.15100,-89.25143,5.2,27.4,15.0,SYN-VESSEL-13,IMO9990013,SYN013,90,3,80,16,5.1,,A
999000013,2018-04-22T18:04:33,29.14660,-89.25374,4.2,20.0,12.0,SYN-VESSEL-13,IMO9990013,SYN013,90,3,80,16,5.1,,A
999000013,2018-04-22T18:05:42,29.14807,-89.25339,4.8,14.3,19.0,SYN-VESSEL-13,IMO9990013,SYN013,90,3,80,16,5.1,,A
999000013,2018-04-22T18:06:51,29.14952,-89.25254,5.3,33.4,26.0,SYN-VESSEL-13,IMO9990013,SYN013,90,3,80,16,5.1,,A
999000013,2018-04-22T18:03:28,29.14551,-89.25405,3.0,352.3,8.0,SYN-VESSEL-13,IMO9990013,SYN013,90,3,80,16,5.1,,A
999000013,2018-04-22T18:01:11,29.14275,-89.25497,5.8,18.6,17.0,SYN-VESSEL-13,IMO9990013,SYN013,90,3,80,16,5.1,,A
999000013,2018-04-22T18:00:02,29.14094,-89.25562,5.7,9.9,16.0,SYN-VESSEL-13,IMO9990013,SYN013,90,3,80,16,5.1,,A
999000013,2018-04-22T18:02:12,29.14417,-89.25446,4.9,14.5,15.0,SYN-VESSEL-13,IMO9990013,SYN013,90,3,80,16,5.1,,A
999000013,2018-04-22T18:15:45,29.15696,-89.24794,2.6,345.8,326.0,SYN-VESSEL-13,IMO9990013,SYN013,90,3,80,16,5.1,,A
999000013,2018-04-22T18:13:31,29.15572,-89.24781,1.4,344.6,346.0,SYN-VESSEL-13,IMO9990013,SYN013,90,3,80,16,5.1,,A
999000013,2018-04-22T20:29:52,29.11188,-89.26989,1.1,31.1,30.0,SYN-VESSEL-13,IMO9990013,SYN013,90,3,80,16,5.1,,A
999000013,2018-04-22T20:28:02,29.11147,-89.27015,1.1,23.4,29.0,SYN-VESSEL-13,IMO9990013,SYN013,90,3,80,16,5.1,,A
999000013,2018-04-22T20:26:31,29.11112,-89.27034,0.7,38.1,30.0,SYN-VESSEL-13,IMO9990013,SYN013,90,3,80,16,5.1,,A
999000013,2018-04-22T20:04:52,29.10751,-89.27220,0.7,38.0,23.0,SYN-VESSEL-13,IMO9990013,SYN013,90,3,80,16,5.1,,A
999000013,2018-04-22T20:07:22,29.10782,-89.27207,0.6,30.1,27.0,SYN-VESSEL-13,IMO9990013,SYN013,90,3,80,16,5.1,,A
999000013,2018-04-22T20:03:42,29.10727,-89.27230,0.4,27.4,25.0,SYN-VESSEL-13,IMO9990013,SYN013,90,3,80,16,5.1,,A
999000013,2018-04-22T20:09:41,29.10825,-89.27183,0.6,35.6,30.0,SYN-VESSEL-13,IMO9990013,SYN013,90,3,80,16,5.1,,A
999000013,2018-04-22T20:08:31,29.10803,-89.27198,0.7,20.3,29.0,SYN-VESSEL-13,IMO9990013,SYN013,90,3,80,16,5.1,,A
999000013,2018-04-22T20:06:02,29.10762,-89.27218,0.4,23.8,26.0,SYN-VESSEL-13,IMO9990013,SYN013,90,3,80,16,5.1,,A
999000013,2018-04-22T19:59:42,29.10684,-89.27250,0.7,11.4,26.0,SYN-VESSEL-13,IMO9990013,SYN013,90,3,80,16,5.1,,A
999000013,2018-04-22T20:00:02,29.10690,-89.27248,0.7,22.3,27.0,SYN-VESSEL-13,IMO9990013,SYN013,90,3,80,16,5.1,,A
999000013,2018-04-22T20:01:12,29.10705,-89.27241,0.3,22.6,26.0,SYN-VESSEL-13,IMO9990013,SYN013,90,3,80,16,5.1,,A
999000013,2018-04-22T20:02:22,29.10712,-89.27236,0.3,16.0,26.0,SYN-VESSEL-13,IMO9990013,SYN013,90,3,80,16,5.1,,A
999000013,2018-04-22T20:21:22,29.11019,-89.27084,0.6,36.6,29.0,SYN-VESSEL-13,IMO9990013,SYN013,90,3,80,16,5.1,,A
999000013,2018-04-22T20:18:32,29.10946,-89.27120,1.1,13.3,25.0,SYN-VESSEL-13,IMO9990013,SYN013,90,3,80,16,5.1,,A
999000013,2018-04-22T20:22:32,29.11040,-89.27076,0.6,25.7,31.0,SYN-VESSEL-13,IMO9990013,SYN013,90,3,80,16,5.1,,A
999000013,2018-04-22T20:25:02,29.11085,-89.27051,0.7,17.3,30.0,SYN-VESSEL-13,IMO9990013,SYN013,90,3,80,16,5.1,,A
999000013,2018-04-22T20:17:01,29.10909,-89.27134,0.7,24.8,26.0,SYN-VESSEL-13,IMO9990013,SYN013,90,3,80,16,5.1,,A
999000013,2018-04-22T20:15:32,29.10890,-89.27145,0.4,33.1,28.0,SYN-VESSEL-13,IMO9990013,SYN013,90,3,80,16,5.1,,A
999000013,2018-04-22T20:13:52,29.10872,-89.27156,0.4,33.2,30.0,SYN-VESSEL-13,IMO9990013,SYN013,90,3,80,16,5.1,,A
999000013,2018-04-22T20:12:41,29.10859,-89.27165,0.5,42.7,31.0,SYN-VESSEL-13,IMO9990013,SYN013,90,3,80,16,5.1,,A
999000013,2018-04-22T20:10:52,29.10836,-89.27176,0.3,20.0,25.0,SYN-VESSEL-13,IMO9990013,SYN013,90,3,80,16,5.1,,A
999000013,2018-04-22T22:42:12,29.11008,-89.27003,7.9,206.4,208.0,SYN-VESSEL-13,IMO9990013,SYN013,90,3,80,16,5.1,,A
999000013,2018-04-22T22:43:22,29.10789,-89.27123,6.9,205.5,213.0,SYN-VESSEL-13,IMO9990013,SYN013,90,3,80,16,5.1,,A
999000013,2018-04-22T22:40:52,29.11278,-89.26847,8.7,205.8,210.0,SYN-VESSEL-13,IMO9990013,SYN013,90,3,80,16,5.1,,A
999000013,2018-04-22T22:39:12,29.11708,-89.26622,11.3,202.3,206.0,SYN-VESSEL-13,IMO9990013,SYN013,90,3,80,16,5.1,,A
999000013,2018-04-22T22:37:42,29.12145,-89.26430,11.2,200.9,204.0,SYN-VESSEL-13,IMO9990013,SYN013,90,3,80,16,5.1,,A
999000013,2018-04-22T22:30:31,29.14241,-89.25443,11.0,188.9,195.0,SYN-VESSEL-13,IMO9990013,SYN013,90,3,80,16,5.1,,A
999000013,2018-04-22T22:28:22,29.14861,-89.25313,9.7,201.2,201.0,SYN-VESSEL-13,IMO9990013,SYN013,90,3,80,16,5.1,,A
999000013,2018-04-22T22:36:11,29.12599,-89.26238,11.3,200.2,204.0,SYN-VESSEL-13,IMO9990013,SYN013,90,3,80,16,5.1,,A
999000013,2018-04-22T22:33:41,29.13315,-89.25869,11.4,209.3,210.0,SYN-VESSEL-13,IMO9990013,SYN013,90,3,80,16,5.1,,A
999000013,2018-04-22T22:17:01,29.15557,-89.24682,0.6,291.5,286.0,SYN-VESSEL-13,IMO9990013,SYN013,90,3,80,16,5.1,,A
999000013,2018-04-22T22:15:52,29.15539,-89.24657,1.1,299.1,288.0,SYN-VESSEL-13,IMO9990013,SYN013,90,3,80,16,5.1,,A
999000013,2018-04-22T22:13:12,29.15483,-89.24599,1.3,305.4,305.0,SYN-VESSEL-13,IMO9990013,SYN013,90,3,80,16,5.1,,A
999000013,2018-04-22T22:14:46,29.15517,-89.24620,1.8,323.5,292.0,SYN-VESSEL-13,IMO9990013,SYN013,90,3,80,16,5.1,,A
999000013,2018-04-22T22:12:01,29.15465,-89.24562,0.9,220.6,292.0,SYN-VESSEL-13,IMO9990013,SYN013,90,3,80,16,5.1,,A
999000013,2018-04-22T22:26:22,29.15306,-89.25114,7.0,199.7,218.0,SYN-VESSEL-13,IMO9990013,SYN013,90,3,80,16,5.1,,A
999000013,2018-04-22T22:18:22,29.15578,-89.24712,1.4,306.2,287.0,SYN-VESSEL-13,IMO9990013,SYN013,90,3,80,16,5.1,,A
999000013,2018-04-22T22:20:31,29.15619,-89.24762,0.7,307.1,276.0,SYN-VESSEL-13,IMO9990013,SYN013,90,3,80,16,5.1,,A
999000013,2018-04-22T22:23:31,29.15617,-89.24910,2.2,243.1,246.0,SYN-VESSEL-13,IMO9990013,SYN013,90,3,80,16,5.1,,A
999000013,2018-04-22T22:21:41,29.15629,-89.24813,1.6,286.4,273.0,SYN-VESSEL-13,IMO9990013,SYN013,90,3,80,16,5.1,,A
999000013,2018-04-22T22:44:31,29.10600,-89.27215,6.3,197.5,245.0,SYN-VESSEL-13,IMO9990013,SYN013,90,3,80,16,5.1,,A
999000013,2018-04-22T21:26:52,29.11295,-89.26878,0.5,41.4,30.0,SYN-VESSEL-13,IMO9990013,SYN013,90,3,80,16,5.1,,A
999000013,2018-04-22T21:30:52,29.11361,-89.26859,0.9,0.8,19.0,SYN-VESSEL-13,IMO9990013,SYN013,90,3,80,16,5.1,,A
999000013,2018-04-22T21:28:01,29.11306,-89.26866,0.5,28.3,26.0,SYN-VESSEL-13,IMO9990013,SYN013,90,3,80,16,5.1,,A
999000013,2018-04-22T21:29:22,29.11326,-89.26863,0.5,358.9,20.0,SYN-VESSEL-13,IMO9990013,SYN013,90,3,80,16,5.1,,A
999000013,2018-04-22T21:33:42,29.11502,-89.26807,3.6,22.9,27.0,SYN-VESSEL-13,IMO9990013,SYN013,90,3,80,16,5.1,,A
999000013,2018-04-22T21:32:02,29.11393,-89.26855,1.4,10.4,24.0,SYN-VESSEL-13,IMO9990013,SYN013,90,3,80,16,5.1,,A
999000013,2018-04-22T21:24:01,29.11258,-89.26905,0.5,30.4,29.0,SYN-VESSEL-13,IMO9990013,SYN013,90,3,80,16,5.1,,A
999000013,2018-04-22T21:25:32,29.11276,-89.26891,0.5,46.2,30.0,SYN-VESSEL-13,IMO9990013,SYN013,90,3,80,16,5.1,,A
999000013,2018-04-22T21:19:01,29.11186,-89.26943,0.5,22.6,28.0,SYN-VESSEL-13,IMO9990013,SYN013,90,3,80,16,5.1,,A
999000013,2018-04-22T21:20:42,29.11212,-89.26931,0.5,41.2,31.0,SYN-VESSEL-13,IMO9990013,SYN013,90,3,80,16,5.1,,A
999000013,2018-04-22T21:22:01,29.11230,-89.26915,0.5,27.4,26.0,SYN-VESSEL-13,IMO9990013,SYN013,90,3,80,16,5.1,,A
999000013,2018-04-22T21:06:41,29.10992,-89.27056,0.6,39.5,32.0,SYN-VESSEL-13,IMO9990013,SYN013,90,3,80,16,5.1,,A
999000013,2018-04-22T21:05:02,29.10964,-89.27072,0.6,36.4,29.0,SYN-VESSEL-13,IMO9990013,SYN013,90,3,80,16,5.1,,A
999000013,2018-04-22T21:03:53,29.10950,-89.27089,0.6,36.5,33.0,SYN-VESSEL-13,IMO9990013,SYN013,90,3,80,16,5.1,,A
999000013,2018-04-22T21:07:52,29.11009,-89.27040,0.6,31.7,30.0,SYN-VESSEL-13,IMO9990013,SYN013,90,3,80,16,5.1,,A
999000013,2018-04-22T21:09:02,29.11029,-89.27030,0.7,29.4,29.0,SYN-VESSEL-13,IMO9990013,SYN013,90,3,80,16,5.1,,A
999000013,2018-04-22T21:10:42,29.11057,-89.27014,0.7,28.2,25.0,SYN-VESSEL-13,IMO9990013,SYN013,90,3,80,16,5.1,,A
999000013,2018-04-22T21:11:51,29.11079,-89.27009,0.5,25.0,31.0,SYN-VESSEL-13,IMO9990013,SYN013,90,3,80,16,5.1,,A
999000013,2018-04-22T21:16:01,29.11144,-89.26969,0.5,17.5,28.0,SYN-VESSEL-13,IMO9990013,SYN013,90,3,80,16,5.1,,A
999000013,2018-04-22T21:14:32,29.11121,-89.26983,0.6,20.4,31.0,SYN-VESSEL-13,IMO9990013,SYN013,90,3,80,16,5.1,,A
999000013,2018-04-22T21:17:21,29.11162,-89.26956,0.6,30.7,28.0,SYN-VESSEL-13,IMO9990013,SYN013,90,3,80,16,5.1,,A
999000013,2018-04-22T21:13:21,29.11103,-89.26994,0.6,34.2,30.0,SYN-VESSEL-13,IMO9990013,SYN013,90,3,80,16,5.1,,A
999000013,2018-04-22T21:35:31,29.11728,-89.26691,5.4,23.1,25.0,SYN-VESSEL-13,IMO9990013,SYN013,90,3,80,16,5.1,,A
999000013,2018-04-22T21:37:52,29.12065,-89.26497,5.9,39.5,34.0,SYN-VESSEL-13,IMO9990013,SYN013,90,3,80,16,5.1,,A
999000013,2018-04-22T22:10:52,29.15461,-89.24562,1.0,91.5,296.0,SYN-VESSEL-13,IMO9990013,SYN013,90,3,80,16,5.1,,A
999000013,2018-04-22T22:09:29,29.15440,-89.24572,1.1,35.8,318.0,SYN-VESSEL-13,IMO9990013,SYN013,90,3,80,16,5.1,,A
999000013,2018-04-22T21:39:52,29.12328,-89.26287,5.6,30.7,33.0,SYN-VESSEL-13,IMO9990013,SYN013,90,3,80,16,5.1,,A
999000013,2018-04-22T21:44:51,29.13018,-89.25935,5.6,21.4,18.0,SYN-VESSEL-13,IMO9990013,SYN013,90,3,80,16,5.1,,A
999000013,2018-04-22T21:42:52,29.12721,-89.26022,5.3,6.6,13.0,SYN-VESSEL-13,IMO9990013,SYN013,90,3,80,16,5.1,,A
999000013,2018-04-22T21:41:42,29.12560,-89.26085,5.6,39.0,26.0,SYN-VESSEL-13,IMO9990013,SYN013,90,3,80,16,5.1,,A
999000013,2018-04-22T21:50:51,29.13895,-89.25580,5.6,16.2,20.0,SYN-VESSEL-13,IMO9990013,SYN013,90,3,80,16,5.1,,A
999000013,2018-04-22T21:46:51,29.13311,-89.25824,5.6,27.4,27.0,SYN-VESSEL-13,IMO9990013,SYN013,90,3,80,16,5.1,,A
999000013,2018-04-22T21:54:33,29.14458,-89.25381,5.5,13.3,13.0,SYN-VESSEL-13,IMO9990013,SYN013,90,3,80,16,5.1,,A
999000013,2018-04-22T21:58:01,29.14974,-89.25241,5.6,19.9,21.0,SYN-VESSEL-13,IMO9990013,SYN013,90,3,80,16,5.1,,A
999000013,2018-04-22T21:55:42,29.14628,-89.25332,5.4,14.0,10.0,SYN-VESSEL-13,IMO9990013,SYN013,90,3,80,16,5.1,,A
999000013,2018-04-22T21:56:52,29.14803,-89.25299,5.3,12.3,14.0,SYN-VESSEL-13,IMO9990013,SYN013,90,3,80,16,5.1,,A
999000013,2018-04-22T22:00:02,29.15229,-89.25040,5.3,43.7,36.0,SYN-VESSEL-13,IMO9990013,SYN013,90,3,80,16,5.1,,A
999000013,2018-04-22T21:59:12,29.15130,-89.25127,5.5,32.3,25.0,SYN-VESSEL-13,IMO9990013,SYN013,90,3,80,16,5.1,,A
999000013,2018-04-22T22:01:05,29.15303,-89.24911,4.4,85.9,71.0,SYN-VESSEL-13,IMO9990013,SYN013,90,3,80,16,5.1,,A
999000013,2018-04-22T22:02:10,29.15302,-89.24765,4.5,103.2,73.0,SYN-VESSEL-13,IMO9990013,SYN013,90,3,80,16,5.1,,A
999000013,2018-04-22T22:06:52,29.15415,-89.24590,1.0,329.1,329.0,SYN-VESSEL-13,IMO9990013,SYN013,90,3,80,16,5.1,,A
999000013,2018-04-22T22:08:02,29.15437,-89.24598,0.4,45.7,328.0,SYN-VESSEL-13,IMO9990013,SYN013,90,3,80,16,5.1,,A
999000013,2018-04-22T22:03:12,29.15308,-89.24637,3.5,71.7,24.0,SYN-VESSEL-13,IMO9990013,SYN013,90,3,80,16,5.1,,A
999000013,2018-04-22T22:05:31,29.15392,-89.24574,0.4,331.0,319.0,SYN-VESSEL-13,IMO9990013,SYN013,90,3,80,16,5.1,,A
999000013,2018-04-22T22:04:16,29.15360,-89.24576,1.9,21.2,332.0,SYN-VESSEL-13,IMO9990013,SYN013,90,3,80,16,5.1,,A
999000013,2018-04-22T19:58:31,29.10665,-89.27259,0.6,39.9,28.0,SYN-VESSEL-13,IMO9990013,SYN013,90,3,80,16,5.1,,A
999000013,2018-04-22T19:56:51,29.10639,-89.27273,0.6,35.9,28.0,SYN-VESSEL-13,IMO9990013,SYN013,90,3,80,16,5.1,,A
999000013,2018-04-22T19:30:03,29.11329,-89.26900,0.5,15.3,27.0,SYN-VESSEL-13,IMO9990013,SYN013,90,3,80,16,5.1,,A
999000013,2018-04-22T19:31:12,29.11345,-89.26890,0.5,34.9,29.0,SYN-VESSEL-13,IMO9990013,SYN013,90,3,80,16,5.1,,A
999000013,2018-04-22T19:34:41,29.11397,-89.26858,0.6,27.2,25.0,SYN-VESSEL-13,IMO9990013,SYN013,90,3,80,16,5.1,,A
999000013,2018-04-22T19:35:52,29.11416,-89.26852,0.3,359.7,23.0,SYN-VESSEL-13,IMO9990013,SYN013,90,3,80,16,5.1,,A
999000013,2018-04-22T19:37:01,29.11427,-89.26846,0.6,28.7,25.0,SYN-VESSEL-13,IMO9990013,SYN013,90,3,80,16,5.1,,A
999000013,2018-04-22T19:28:52,29.11310,-89.26909,0.5,17.9,26.0,SYN-VESSEL-13,IMO9990013,SYN013,90,3,80,16,5.1,,A
999000013,2018-04-22T19:25:23,29.11254,-89.26933,0.3,8.2,21.0,SYN-VESSEL-13,IMO9990013,SYN013,90,3,80,16,5.1,,A
999000013,2018-04-22T19:26:31,29.11268,-89.26933,0.6,40.0,27.0,SYN-VESSEL-13,IMO9990013,SYN013,90,3,80,16,5.1,,A
999000013,2018-04-22T19:22:22,29.11220,-89.26960,0.5,18.7,28.0,SYN-VESSEL-13,IMO9990013,SYN013,90,3,80,16,5.1,,A
999000013,2018-04-22T19:24:22,29.11246,-89.26941,0.4,40.4,29.0,SYN-VESSEL-13,IMO9990013,SYN013,90,3,80,16,5.1,,A
999000013,2018-04-22T19:40:22,29.11503,-89.26814,0.9,14.9,23.0,SYN-VESSEL-13,IMO9990013,SYN013,90,3,80,16,5.1,,A
999000013,2018-04-22T19:43:05,29.11402,-89.26752,5.3,182.2,194.0,SYN-VESSEL-13,IMO9990013,SYN013,90,3,80,16,5.1,,A
999000013,2018-04-22T19:42:01,29.11530,-89.26777,2.9,142.8,151.0,SYN-VESSEL-13,IMO9990013,SYN013,90,3,80,16,5.1,,A
999000013,2018-04-22T19:47:11,29.10684,-89.27137,6.8,210.3,217.0,SYN-VESSEL-13,IMO9990013,SYN013,90,3,80,16,5.1,,A
999000013,2018-04-22T19:46:01,29.10896,-89.27017,7.3,203.8,205.0,SYN-VESSEL-13,IMO9990013,SYN013,90,3,80,16,5.1,,A
999000013,2018-04-22T19:44:32,29.11160,-89.26863,6.9,211.0,211.0,SYN-VESSEL-13,IMO9990013,SYN013,90,3,80,16,5.1,,A
999000013,2018-04-22T19:52:02,29.10579,-89.27304,0.4,41.8,25.0,SYN-VESSEL-13,IMO9990013,SYN013,90,3,80,16,5.1,,A
999000013,2018-04-22T19:53:12,29.10585,-89.27301,0.1,352.1,23.0,SYN-VESSEL-13,IMO9990013,SYN013,90,3,80,16,5.1,,A
999000013,2018-04-22T19:49:38,29.10511,-89.27331,2.0,308.5,20.0,SYN-VESSEL-13,IMO9990013,SYN013,90,3,80,16,5.1,,A
999000013,2018-04-22T19:48:15,29.10520,-89.27232,4.9,224.6,329.0,SYN-VESSEL-13,IMO9990013,SYN013,90,3,80,16,5.1,,A
999000013,2018-04-22T22:57:52,29.10719,-89.27246,0.6,37.2,23.0,SYN-VESSEL-13,IMO9990013,SYN013,90,3,80,16,5.1,,A
999000013,2018-04-22T22:59:52,29.10750,-89.27234,0.6,8.7,23.0,SYN-VESSEL-13,IMO9990013,SYN013,90,3,80,16,5.1,,A
999000013,2018-04-22T23:01:12,29.10771,-89.27226,0.5,27.7,23.0,SYN-VESSEL-13,IMO9990013,SYN013,90,3,80,16,5.1,,A
999000013,2018-04-22T23:00:03,29.10752,-89.27233,0.6,10.8,24.0,SYN-VESSEL-13,IMO9990013,SYN013,90,3,80,16,5.1,,A
999000013,2018-04-22T22:49:42,29.10569,-89.27293,1.1,2.7,17.0,SYN-VESSEL-13,IMO9990013,SYN013,90,3,80,16,5.1,,A
999000013,2018-04-22T22:48:02,29.10516,-89.27314,1.4,31.9,25.0,SYN-VESSEL-13,IMO9990013,SYN013,90,3,80,16,5.1,,A
999000013,2018-04-22T22:51:21,29.10618,-89.27288,0.9,8.6,22.0,SYN-VESSEL-13,IMO9990013,SYN013,90,3,80,16,5.1,,A
999000013,2018-04-22T22:45:55,29.10447,-89.27334,1.2,262.3,17.0,SYN-VESSEL-13,IMO9990013,SYN013,90,3,80,16,5.1,,A
999000013,2018-04-22T22:56:51,29.10706,-89.27250,0.4,24.7,23.0,SYN-VESSEL-13,IMO9990013,SYN013,90,3,80,16,5.1,,A
999000013,2018-04-22T22:54:51,29.10679,-89.27260,0.5,21.4,23.0,SYN-VESSEL-13,IMO9990013,SYN013,90,3,80,16,5.1,,A
999000013,2018-04-22T23:14:31,29.11015,-89.27102,0.7,21.2,31.0,SYN-VESSEL-13,IMO9990013,SYN013,90,3,80,16,5.1,,A
999000013,2018-04-22T23:13:01,29.10986,-89.27119,0.7,31.1,30.0,SYN-VESSEL-13,IMO9990013,SYN013,90,3,80,16,5.1,,A
999000013,2018-04-22T23:11:52,29.10964,-89.27130,0.7,39.4,27.0,SYN-VESSEL-13,IMO9990013,SYN013,90,3,80,16,5.1,,A
999000013,2018-04-22T23:08:22,29.10882,-89.27170,0.9,34.4,25.0,SYN-VESSEL-13,IMO9990013,SYN013,90,3,80,16,5.1,,A
999000013,2018-04-22T23:09:31,29.10914,-89.27157,0.9,18.6,28.0,SYN-VESSEL-13,IMO9990013,SYN013,90,3,80,16,5.1,,A
999000013,2018-04-22T23:10:32,29.10937,-89.27143,0.8,19.7,27.0,SYN-VESSEL-13,IMO9990013,SYN013,90,3,80,16,5.1,,A
999000013,2018-04-22T23:03:21,29.10790,-89.27218,0.3,35.3,28.0,SYN-VESSEL-13,IMO9990013,SYN013,90,3,80,16,5.1,,A
999000013,2018-04-22T23:02:13,29.10785,-89.27222,0.4,5.1,25.0,SYN-VESSEL-13,IMO9990013,SYN013,90,3,80,16,5.1,,A
999000013,2018-04-22T23:04:52,29.10809,-89.27208,0.4,33.7,28.0,SYN-VESSEL-13,IMO9990013,SYN013,90,3,80,16,5.1,,A
999000013,2018-04-22T23:06:02,29.10832,-89.27199,0.7,14.5,30.0,SYN-VESSEL-13,IMO9990013,SYN013,90,3,80,16,5.1,,A
999000013,2018-04-22T23:07:12,29.10858,-89.27181,1.2,30.6,29.0,SYN-VESSEL-13,IMO9990013,SYN013,90,3,80,16,5.1,,A
999000013,2018-04-22T23:17:01,29.11065,-89.27081,0.9,12.0,28.0,SYN-VESSEL-13,IMO9990013,SYN013,90,3,80,16,5.1,,A
999000036,2018-04-22T23:06:52,29.17901,-89.25809,0.0,103.6,246.0,SYN-VESSEL-36,,SYN036,,15,,,,,A
999000036,2018-04-22T23:05:41,29.17900,-89.25808,0.0,51.1,247.0,SYN-VESSEL-36,,SYN036,,15,,,,,A
999000036,2018-04-22T23:04:32,29.17899,-89.25808,0.0,185.2,247.0,SYN-VESSEL-36,,SYN036,,15,,,,,A
999000036,2018-04-22T23:02:11,29.17899,-89.25808,0.0,294.7,247.0,SYN-VESSEL-36,,SYN036,,15,,,,,A
999000036,2018-04-22T23:03:20,29.17900,-89.25809,0.0,92.8,248.0,SYN-VESSEL-36,,SYN036,,15,,,,,A
999000036,2018-04-22T23:09:20,29.17901,-89.25807,0.0,291.6,247.0,SYN-VESSEL-36,,SYN036,,15,,,,,A
999000036,2018-04-22T23:11:10,29.17900,-89.25809,0.0,298.3,247.0,SYN-VESSEL-36,,SYN036,,15,,,,,A
999000036,2018-04-22T23:08:10,29.17899,-89.25808,0.0,267.6,248.0,SYN-VESSEL-36,,SYN036,,15,,,,,A
999000036,2018-04-22T23:13:01,29.17899,-89.25808,0.0,208.0,248.0,SYN-VESSEL-36,,SYN036,,15,,,,,A
999000036,2018-04-22T23:14:40,29.17899,-89.25808,0.0,37.0,248.0,SYN-VESSEL-36,,SYN036,,15,,,,,A
999000036,2018-04-22T22:50:20,29.17900,-89.25808,0.1,207.1,247.0,SYN-VESSEL-36,,SYN036,,15,,,,,A
999000036,2018-04-22T22:45:41,29.17900,-89.25808,0.0,83.1,244.0,SYN-VESSEL-36,,SYN036,,15,,,,,A
999000036,2018-04-22T22:48:30,29.17898,-89.25807,0.0,142.6,241.0,SYN-VESSEL-36,,SYN036,,15,,,,,A
999000036,2018-04-22T22:47:10,29.17899,-89.25807,0.0,125.0,242.0,SYN-VESSEL-36,,SYN036,,15,,,,,A
999000036,2018-04-22T22:53:10,29.17898,-89.25807,0.0,241.0,248.0,SYN-VESSEL-36,,SYN036,,15,,,,,A
999000036,2018-04-22T22:54:20,29.17898,-89.25805,0.0,120.3,248.0,SYN-VESSEL-36,,SYN036,,15,,,,,A
999000036,2018-04-22T22:55:41,29.17899,-89.25805,0.0,352.0,247.0,SYN-VESSEL-36,,SYN036,,15,,,,,A
999000036,2018-04-22T22:58:41,29.17899,-89.25807,0.0,236.6,248.0,SYN-VESSEL-36,,SYN036,,15,,,,,A
999000036,2018-04-22T22:59:51,29.17899,-89.25808,0.0,281.4,247.0,SYN-VESSEL-36,,SYN036,,15,,,,,A
999000036,2018-04-22T23:00:01,29.17899,-89.25808,0.0,308.7,248.0,SYN-VESSEL-36,,SYN036,,15,,,,,A
999000036,2018-04-22T23:01:10,29.17899,-89.25807,0.0,53.4,248.0,SYN-VESSEL-36,,SYN036,,15,,,,,A
999000036,2018-04-22T23:15:52,29.17898,-89.25807,0.0,112.8,248.0,SYN-VESSEL-36,,SYN036,,15,,,,,A
999000036,2018-04-22T23:17:40,29.17899,-89.25807,0.0,19.5,248.0,SYN-VESSEL-36,,SYN036,,15,,,,,A
999000036,2018-04-22T22:02:11,29.17900,-89.25808,0.0,128.1,247.0,SYN-VESSEL-36,,SYN036,,15,,,,,A
999000036,2018-04-22T22:03:20,29.17899,-89.25808,0.0,53.6,248.0,SYN-VESSEL-36,,SYN036,,15,,,,,A
999000036,2018-04-22T22:06:52,29.17900,-89.25808,0.0,205.5,248.0,SYN-VESSEL-36,,SYN036,,15,,,,,A
999000036,2018-04-22T22:08:01,29.17900,-89.25808,0.0,24.2,248.0,SYN-VESSEL-36,,SYN036,,15,,,,,A
999000036,2018-04-22T22:04:30,29.17900,-89.25809,0.0,209.6,249.0,SYN-VESSEL-36,,SYN036,,15,,,,,A
999000036,2018-04-22T22:05:40,29.17899,-89.25807,0.0,255.7,248.0,SYN-VESSEL-36,,SYN036,,15,,,,,A
999000036,2018-04-22T22:01:02,29.17900,-89.25808,0.0,227.1,247.0,SYN-VESSEL-36,,SYN036,,15,,,,,A
999000036,2018-04-22T22:00:01,29.17899,-89.25808,0.1,74.7,248.0,SYN-VESSEL-36,,SYN036,,15,,,,,A
999000036,2018-04-22T21:59:30,29.17899,-89.25808,0.1,269.8,248.0,SYN-VESSEL-36,,SYN036,,15,,,,,A
999000036,2018-04-22T21:58:21,29.17900,-89.25808,0.0,286.1,249.0,SYN-VESSEL-36,,SYN036,,15,,,,,A
999000036,2018-04-22T21:54:51,29.17899,-89.25808,0.0,283.1,248.0,SYN-VESSEL-36,,SYN036,,15,,,,,A
999000036,2018-04-22T21:56:51,29.17900,-89.25808,0.0,320.8,248.0,SYN-VESSEL-36,,SYN036,,15,,,,,A
999000036,2018-04-22T21:51:41,29.17899,-89.25808,0.0,278.6,248.0,SYN-VESSEL-36,,SYN036,,15,,,,,A
999000036,2018-04-22T21:50:01,29.17899,-89.25808,0.0,265.0,249.0,SYN-VESSEL-36,,SYN036,,15,,,,,A
999000036,2018-04-22T21:47:32,29.17900,-89.25808,0.0,250.0,248.0,SYN-VESSEL-36,,SYN036,,15,,,,,A
999000036,2018-04-22T21:40:11,29.17899,-89.25807,0.0,220.9,249.0,SYN-VESSEL-36,,SYN036,,15,,,,,A
999000036,2018-04-22T21:44:32,29.17900,-89.25808,0.0,302.2,248.0,SYN-VESSEL-36,,SYN036,,15,,,,,A
999000036,2018-04-22T21:39:01,29.17899,-89.25808,0.0,268.3,249.0,SYN-VESSEL-36,,SYN036,,15,,,,,A
999000036,2018-04-22T22:09:12,29.17900,-89.25808,0.0,102.3,247.0,SYN-VESSEL-36,,SYN036,,15,,,,,A
999000036,2018-04-22T20:25:20,29.17898,-89.25808,0.0,318.6,247.0,SYN-VESSEL-36,,SYN036,,15,,,,,A
999000036,2018-04-22T20:27:20,29.17899,-89.25808,0.0,263.2,248.0,SYN-VESSEL-36,,SYN036,,15,,,,,A
999000036,2018-04-22T20:28:31,29.17902,-89.25809,0.0,294.7,248.0,SYN-VESSEL-36,,SYN036,,15,,,,,A
999000036,2018-04-22T20:12:41,29.17900,-89.25807,0.0,67.9,248.0,SYN-VESSEL-36,,SYN036,,15,,,,,A
999000036,2018-04-22T20:10:41,29.17899,-89.25807,0.0,206.2,249.0,SYN-VESSEL-36,,SYN036,,15,,,,,A
999000036,2018-04-22T20:15:32,29.17899,-89.25808,0.0,214.2,248.0,SYN-VESSEL-36,,SYN036,,15,,,,,A
999000036,2018-04-22T20:13:51,29.17900,-89.25808,0.0,316.2,248.0,SYN-VESSEL-36,,SYN036,,15,,,,,A
999000036,2018-04-22T20:16:52,29.17898,-89.25807,0.0,255.3,247.0,SYN-VESSEL-36,,SYN036,,15,,,,,A
999000036,2018-04-22T20:19:40,29.17899,-89.25808,0.0,279.8,248.0,SYN-VESSEL-36,,SYN036,,15,,,,,A
999000036,2018-04-22T20:23:00,29.17900,-89.25808,0.0,249.6,248.0,SYN-VESSEL-36,,SYN036,,15,,,,,A
999000036,2018-04-22T20:20:41,29.17899,-89.25808,0.0,247.8,247.0,SYN-VESSEL-36,,SYN036,,15,,,,,A
999000036,2018-04-22T20:18:32,29.17899,-89.25808,0.0,332.0,248.0,SYN-VESSEL-36,,SYN036,,15,,,,,A
999000036,2018-04-22T20:09:01,29.17899,-89.25807,0.0,256.3,245.0,SYN-VESSEL-36,,SYN036,,15,,,,,A
999000036,2018-04-22T20:07:31,29.17900,-89.25807,0.0,353.5,247.0,SYN-VESSEL-36,,SYN036,,15,,,,,A
999000036,2018-04-22T20:03:31,29.17899,-89.25807,0.1,77.1,248.0,SYN-VESSEL-36,,SYN036,,15,,,,,A
999000036,2018-04-22T20:04:42,29.17899,-89.25808,0.0,247.2,247.0,SYN-VESSEL-36,,SYN036,,15,,,,,A
999000036,2018-04-22T20:06:21,29.17900,-89.25808,0.1,270.4,246.0,SYN-VESSEL-36,,SYN036,,15,,,,,A
999000036,2018-04-22T20:00:01,29.17898,-89.25808,0.1,214.0,246.0,SYN-VESSEL-36,,SYN036,,15,,,,,A
999000036,2018-04-22T19:59:11,29.17900,-89.25808,0.0,24.4,248.0,SYN-VESSEL-36,,SYN036,,15,,,,,A
999000036,2018-04-22T20:02:21,29.17899,-89.25808,0.0,255.0,249.0,SYN-VESSEL-36,,SYN036,,15,,,,,A
999000036,2018-04-22T20:01:10,29.17899,-89.25808,0.0,5.1,248.0,SYN-VESSEL-36,,SYN036,,15,,,,,A
999000036,2018-04-22T18:48:22,29.17900,-89.25808,0.0,237.3,249.0,SYN-VESSEL-36,,SYN036,,15,,,,,A
999000036,2018-04-22T18:52:40,29.17900,-89.25807,0.1,70.5,248.0,SYN-VESSEL-36,,SYN036,,15,,,,,A
999000036,2018-04-22T18:39:30,29.17900,-89.25808,0.0,41.9,244.0,SYN-VESSEL-36,,SYN036,,15,,,,,A
999000036,2018-04-22T18:38:10,29.17900,-89.25808,0.1,307.0,248.0,SYN-VESSEL-36,,SYN036,,15,,,,,A
999000036,2018-04-22T18:35:40,29.17899,-89.25808,0.0,233.0,249.0,SYN-VESSEL-36,,SYN036,,15,,,,,A
999000036,2018-04-22T18:33:51,29.17899,-89.25809,0.0,319.6,249.0,SYN-VESSEL-36,,SYN036,,15,,,,,A
999000036,2018-04-22T18:44:10,29.17899,-89.25809,0.0,257.6,248.0,SYN-VESSEL-36,,SYN036,,15,,,,,A
999000036,2018-04-22T18:42:51,29.17900,-89.25808,0.0,258.3,250.0,SYN-VESSEL-36,,SYN036,,15,,,,,A
999000036,2018-04-22T18:41:22,29.17900,-89.25808,0.0,313.5,250.0,SYN-VESSEL-36,,SYN036,,15,,,,,A
999000036,2018-04-22T18:47:10,29.17899,-89.25808,0.0,235.2,248.0,SYN-VESSEL-36,,SYN036,,15,,,,,A
999000036,2018-04-22T18:28:20,29.17900,-89.25808,0.0,270.7,249.0,SYN-VESSEL-36,,SYN036,,15,,,,,A
999000036,2018-04-22T18:26:32,29.17899,-89.25809,0.0,249.2,250.0,SYN-VESSEL-36,,SYN036,,15,,,,,A
999000036,2018-04-22T18:32:40,29.17899,-89.25808,0.0,70.7,250.0,SYN-VESSEL-36,,SYN036,,15,,,,,A
999000036,2018-04-22T18:30:51,29.17899,-89.25809,0.0,44.1,250.0,SYN-VESSEL-36,,SYN036,,15,,,,,A
999000036,2018-04-22T18:21:10,29.17900,-89.25807,0.0,302.9,243.0,SYN-VESSEL-36,,SYN036,,15,,,,,A
999000036,2018-04-22T18:23:31,29.17899,-89.25809,0.1,281.0,243.0,SYN-VESSEL-36,,SYN036,,15,,,,,A
999000036,2018-04-22T18:17:40,29.17899,-89.25808,0.0,260.4,249.0,SYN-VESSEL-36,,SYN036,,15,,,,,A
999000036,2018-04-22T18:19:10,29.17900,-89.25808,0.0,66.1,249.0,SYN-VESSEL-36,,SYN036,,15,,,,,A
999000036,2018-04-22T22:13:51,29.17899,-89.25808,0.0,301.6,248.0,SYN-VESSEL-36,,SYN036,,15,,,,,A
999000036,2018-04-22T22:10:21,29.17899,-89.25808,0.0,216.8,249.0,SYN-VESSEL-36,,SYN036,,15,,,,,A
999000036,2018-04-22T22:11:31,29.17900,-89.25808,0.0,279.3,248.0,SYN-VESSEL-36,,SYN036,,15,,,,,A
999000036,2018-04-22T22:12:42,29.17899,-89.25808,0.0,310.7,248.0,SYN-VESSEL-36,,SYN036,,15,,,,,A
999000036,2018-04-22T22:18:10,29.17899,-89.25807,0.0,256.2,248.0,SYN-VESSEL-36,,SYN036,,15,,,,,A
999000036,2018-04-22T22:15:20,29.17899,-89.25805,0.0,214.4,247.0,SYN-VESSEL-36,,SYN036,,15,,,,,A
999000036,2018-04-22T22:16:21,29.17900,-89.25805,0.0,233.9,248.0,SYN-VESSEL-36,,SYN036,,15,,,,,A
999000036,2018-04-22T22:24:50,29.17898,-89.25808,0.0,28.5,248.0,SYN-VESSEL-36,,SYN036,,15,,,,,A
999000036,2018-04-22T22:21:10,29.17899,-89.25807,0.0,194.9,248.0,SYN-VESSEL-36,,SYN036,,15,,,,,A
999000036,2018-04-22T22:19:21,29.17900,-89.25806,0.0,291.3,248.0,SYN-VESSEL-36,,SYN036,,15,,,,,A
999000036,2018-04-22T22:22:50,29.17900,-89.25807,0.0,103.1,248.0,SYN-VESSEL-36,,SYN036,,15,,,,,A
999000036,2018-04-22T22:30:31,29.17898,-89.25806,0.0,261.2,249.0,SYN-VESSEL-36,,SYN036,,15,,,,,A
999000036,2018-04-22T22:26:42,29.17900,-89.25808,0.0,141.1,248.0,SYN-VESSEL-36,,SYN036,,15,,,,,A
999000036,2018-04-22T22:27:50,29.17901,-89.25807,0.0,126.9,248.0,SYN-VESSEL-36,,SYN036,,15,,,,,A
999000036,2018-04-22T22:31:40,29.17899,-89.25807,0.0,119.9,249.0,SYN-VESSEL-36,,SYN036,,15,,,,,A
999000036,2018-04-22T22:32:51,29.17900,-89.25808,0.0,31.4,244.0,SYN-VESSEL-36,,SYN036,,15,,,,,A
999000036,2018-04-22T22:38:51,29.17899,-89.25807,0.0,174.1,245.0,SYN-VESSEL-36,,SYN036,,15,,,,,A
999000036,2018-04-22T22:40:31,29.17901,-89.25809,0.0,313.5,242.0,SYN-VESSEL-36,,SYN036,,15,,,,,A
999000036,2018-04-22T22:42:51,29.17900,-89.25809,0.0,113.7,245.0,SYN-VESSEL-36,,SYN036,,15,,,,,A
999000036,2018-04-22T22:41:41,29.17900,-89.25808,0.0,298.4,242.0,SYN-VESSEL-36,,SYN036,,15,,,,,A
999000036,2018-04-22T22:34:02,29.17901,-89.25808,0.0,141.6,245.0,SYN-VESSEL-36,,SYN036,,15,,,,,A
999000036,2018-04-22T22:37:21,29.17899,-89.25807,0.0,294.1,247.0,SYN-VESSEL-36,,SYN036,,15,,,,,A
999000036,2018-04-22T23:58:51,29.17900,-89.25809,0.0,320.9,249.0,SYN-VESSEL-36,,SYN036,,15,,,,,A
999000036,2018-04-22T21:02:21,29.17901,-89.25808,0.0,272.7,249.0,SYN-VESSEL-36,,SYN036,,15,,,,,A
999000036,2018-04-22T21:01:11,29.17900,-89.25807,0.0,310.0,249.0,SYN-VESSEL-36,,SYN036,,15,,,,,A
999000036,2018-04-22T21:03:42,29.17899,-89.25807,0.0,190.5,248.0,SYN-VESSEL-36,,SYN036,,15,,,,,A
999000036,2018-04-22T20:57:22,29.17900,-89.25807,0.0,311.7,249.0,SYN-VESSEL-36,,SYN036,,15,,,,,A
999000036,2018-04-22T20:59:22,29.17899,-89.25808,0.0,278.4,249.0,SYN-VESSEL-36,,SYN036,,15,,,,,A
999000036,2018-04-22T21:00:02,29.17899,-89.25808,0.0,312.9,248.0,SYN-VESSEL-36,,SYN036,,15,,,,,A
999000036,2018-04-22T20:52:51,29.17900,-89.25807,0.0,296.8,249.0,SYN-VESSEL-36,,SYN036,,15,,,,,A
999000036,2018-04-22T20:54:51,29.17899,-89.25807,0.0,331.0,249.0,SYN-VESSEL-36,,SYN036,,15,,,,,A
999000036,2018-04-22T20:48:01,29.17899,-89.25808,0.0,305.1,250.0,SYN-VESSEL-36,,SYN036,,15,,,,,A
999000036,2018-04-22T20:50:51,29.17898,-89.25808,0.0,303.3,249.0,SYN-VESSEL-36,,SYN036,,15,,,,,A
999000036,2018-04-22T20:49:21,29.17899,-89.25807,0.0,193.3,248.0,SYN-VESSEL-36,,SYN036,,15,,,,,A
999000036,2018-04-22T20:34:21,29.17901,-89.25809,0.0,301.5,248.0,SYN-VESSEL-36,,SYN036,,15,,,,,A
999000036,2018-04-22T20:35:31,29.17900,-89.25807,0.0,279.8,249.0,SYN-VESSEL-36,,SYN036,,15,,,,,A
999000036,2018-04-22T20:31:42,29.17899,-89.25807,0.0,313.8,248.0,SYN-VESSEL-36,,SYN036,,15,,,,,A
999000036,2018-04-22T20:33:01,29.17900,-89.25809,0.0,345.1,248.0,SYN-VESSEL-36,,SYN036,,15,,,,,A
999000036,2018-04-22T20:29:50,29.17901,-89.25808,0.0,312.2,249.0,SYN-VESSEL-36,,SYN036,,15,,,,,A
999000036,2018-04-22T20:40:41,29.17899,-89.25808,0.0,274.4,248.0,SYN-VESSEL-36,,SYN036,,15,,,,,A
999000036,2018-04-22T20:39:10,29.17899,-89.25807,0.0,313.9,248.0,SYN-VESSEL-36,,SYN036,,15,,,,,A
999000036,2018-04-22T20:42:01,29.17899,-89.25808,0.0,274.3,249.0,SYN-VESSEL-36,,SYN036,,15,,,,,A
999000036,2018-04-22T20:45:21,29.17899,-89.25808,0.0,200.5,249.0,SYN-VESSEL-36,,SYN036,,15,,,,,A
999000036,2018-04-22T20:43:21,29.17900,-89.25807,0.0,320.8,249.0,SYN-VESSEL-36,,SYN036,,15,,,,,A
999000036,2018-04-22T18:13:40,29.17900,-89.25807,0.0,179.9,249.0,SYN-VESSEL-36,,SYN036,,15,,,,,A
999000036,2018-04-22T18:15:40,29.17900,-89.25807,0.0,292.0,249.0,SYN-VESSEL-36,,SYN036,,15,,,,,A
999000036,2018-04-22T18:00:00,29.17900,-89.25807,0.0,189.7,249.0,SYN-VESSEL-36,,SYN036,,15,,,,,A
999000036,2018-04-22T18:07:20,29.17899,-89.25806,0.0,185.4,249.0,SYN-VESSEL-36,,SYN036,,15,,,,,A
999000036,2018-04-22T18:10:50,29.17900,-89.25806,0.0,225.9,249.0,SYN-VESSEL-36,,SYN036,,15,,,,,A
999000036,2018-04-22T18:12:02,29.17900,-89.25806,0.0,201.2,250.0,SYN-VESSEL-36,,SYN036,,15,,,,,A
999000036,2018-04-22T18:08:31,29.17899,-89.25807,0.0,182.8,249.0,SYN-VESSEL-36,,SYN036,,15,,,,,A
999000036,2018-04-22T18:09:41,29.17900,-89.25807,0.0,197.0,248.0,SYN-VESSEL-36,,SYN036,,15,,,,,A
999000036,2018-04-22T18:01:02,29.17900,-89.25806,0.0,249.1,249.0,SYN-VESSEL-36,,SYN036,,15,,,,,A
999000036,2018-04-22T18:02:20,29.17900,-89.25807,0.0,142.9,249.0,SYN-VESSEL-36,,SYN036,,15,,,,,A
999000036,2018-04-22T18:04:41,29.17899,-89.25805,0.0,246.8,249.0,SYN-VESSEL-36,,SYN036,,15,,,,,A
999000036,2018-04-22T18:05:51,29.17900,-89.25806,0.0,281.7,249.0,SYN-VESSEL-36,,SYN036,,15,,,,,A
999000036,2018-04-22T18:03:32,29.17900,-89.25805,0.0,287.1,249.0,SYN-VESSEL-36,,SYN036,,15,,,,,A
999000036,2018-04-22T23:57:10,29.17899,-89.25809,0.0,312.8,249.0,SYN-VESSEL-36,,SYN036,,15,,,,,A
999000036,2018-04-22T23:25:11,29.17899,-89.25807,0.0,316.4,249.0,SYN-VESSEL-36,,SYN036,,15,,,,,A
999000036,2018-04-22T23:23:31,29.17899,-89.25808,0.0,346.3,249.0,SYN-VESSEL-36,,SYN036,,15,,,,,A
999000036,2018-04-22T23:21:42,29.17900,-89.25807,0.0,49.7,249.0,SYN-VESSEL-36,,SYN036,,15,,,,,A
999000036,2018-04-22T23:20:01,29.17899,-89.25808,0.0,251.1,249.0,SYN-VESSEL-36,,SYN036,,15,,,,,A
999000036,2018-04-22T23:33:12,29.17900,-89.25807,0.0,319.1,249.0,SYN-VESSEL-36,,SYN036,,15,,,,,A
999000036,2018-04-22T23:27:11,29.17900,-89.25807,0.0,318.0,248.0,SYN-VESSEL-36,,SYN036,,15,,,,,A
999000036,2018-04-22T23:30:01,29.17899,-89.25807,0.0,135.7,241.0,SYN-VESSEL-36,,SYN036,,15,,,,,A
999000036,2018-04-22T23:35:32,29.17900,-89.25807,0.1,266.2,241.0,SYN-VESSEL-36,,SYN036,,15,,,,,A
999000036,2018-04-22T23:34:22,29.17899,-89.25808,0.0,314.0,249.0,SYN-VESSEL-36,,SYN036,,15,,,,,A
999000036,2018-04-22T23:39:21,29.17899,-89.25808,0.0,319.6,248.0,SYN-VESSEL-36,,SYN036,,15,,,,,A
999000036,2018-04-22T23:42:21,29.17899,-89.25807,0.0,40.0,245.0,SYN-VESSEL-36,,SYN036,,15,,,,,A
999000036,2018-04-22T23:43:41,29.17899,-89.25809,0.0,38.8,248.0,SYN-VESSEL-36,,SYN036,,15,,,,,A
999000036,2018-04-22T23:45:11,29.17898,-89.25808,0.0,270.6,248.0,SYN-VESSEL-36,,SYN036,,15,,,,,A
999000036,2018-04-22T23:53:30,29.17899,-89.25808,0.0,334.1,248.0,SYN-VESSEL-36,,SYN036,,15,,,,,A
999000036,2018-04-22T23:48:11,29.17899,-89.25809,0.0,262.9,247.0,SYN-VESSEL-36,,SYN036,,15,,,,,A
999000036,2018-04-22T23:49:22,29.17899,-89.25809,0.0,240.5,248.0,SYN-VESSEL-36,,SYN036,,15,,,,,A
999000036,2018-04-22T23:50:50,29.17899,-89.25808,0.1,291.2,243.0,SYN-VESSEL-36,,SYN036,,15,,,,,A
999000036,2018-04-22T19:47:51,29.17899,-89.25808,0.0,358.9,241.0,SYN-VESSEL-36,,SYN036,,15,,,,,A
999000036,2018-04-22T19:51:51,29.17899,-89.25808,0.0,175.8,249.0,SYN-VESSEL-36,,SYN036,,15,,,,,A
999000036,2018-04-22T19:53:21,29.17900,-89.25808,0.0,114.8,249.0,SYN-VESSEL-36,,SYN036,,15,,,,,A
999000036,2018-04-22T19:54:32,29.17900,-89.25808,0.0,68.2,249.0,SYN-VESSEL-36,,SYN036,,15,,,,,A
999000036,2018-04-22T19:45:31,29.17898,-89.25808,0.1,293.8,240.0,SYN-VESSEL-36,,SYN036,,15,,,,,A
999000036,2018-04-22T19:37:41,29.17899,-89.25807,0.0,103.9,249.0,SYN-VESSEL-36,,SYN036,,15,,,,,A
999000036,2018-04-22T19:43:02,29.17899,-89.25808,0.0,298.4,250.0,SYN-VESSEL-36,,SYN036,,15,,,,,A
999000036,2018-04-22T19:41:31,29.17899,-89.25807,0.0,213.4,250.0,SYN-VESSEL-36,,SYN036,,15,,,,,A
999000036,2018-04-22T19:36:31,29.17900,-89.25807,0.0,290.8,249.0,SYN-VESSEL-36,,SYN036,,15,,,,,A
999000036,2018-04-22T19:35:20,29.17899,-89.25809,0.0,199.1,249.0,SYN-VESSEL-36,,SYN036,,15,,,,,A
999000036,2018-04-22T19:31:00,29.17900,-89.25807,0.0,275.7,249.0,SYN-VESSEL-36,,SYN036,,15,,,,,A
999000036,2018-04-22T19:28:10,29.17900,-89.25808,0.0,146.2,248.0,SYN-VESSEL-36,,SYN036,,15,,,,,A
999000036,2018-04-22T19:32:10,29.17900,-89.25808,0.0,329.6,250.0,SYN-VESSEL-36,,SYN036,,15,,,,,A
999000036,2018-04-22T19:26:50,29.17900,-89.25808,0.0,62.1,249.0,SYN-VESSEL-36,,SYN036,,15,,,,,A
999000036,2018-04-22T19:23:20,29.17900,-89.25807,0.1,69.3,249.0,SYN-VESSEL-36,,SYN036,,15,,,,,A
999000036,2018-04-22T19:24:50,29.17900,-89.25807,0.0,138.4,248.0,SYN-VESSEL-36,,SYN036,,15,,,,,A
999000036,2018-04-22T19:56:01,29.17898,-89.25808,0.0,45.2,249.0,SYN-VESSEL-36,,SYN036,,15,,,,,A
999000036,2018-04-22T19:58:01,29.17900,-89.25807,0.0,286.6,248.0,SYN-VESSEL-36,,SYN036,,15,,,,,A
999000036,2018-04-22T19:10:11,29.17899,-89.25809,0.0,214.5,249.0,SYN-VESSEL-36,,SYN036,,15,,,,,A
999000036,2018-04-22T19:11:51,29.17899,-89.25808,0.1,81.9,246.0,SYN-VESSEL-36,,SYN036,,15,,,,,A
999000036,2018-04-22T19:06:21,29.17899,-89.25807,0.0,199.9,248.0,SYN-VESSEL-36,,SYN036,,15,,,,,A
999000036,2018-04-22T19:04:52,29.17899,-89.25807,0.0,130.6,248.0,SYN-VESSEL-36,,SYN036,,15,,,,,A
999000036,2018-04-22T19:09:02,29.17900,-89.25807,0.0,120.9,248.0,SYN-VESSEL-36,,SYN036,,15,,,,,A
999000036,2018-04-22T19:07:41,29.17900,-89.25807,0.0,286.0,248.0,SYN-VESSEL-36,,SYN036,,15,,,,,A
999000036,2018-04-22T19:19:21,29.17900,-89.25808,0.1,73.1,241.0,SYN-VESSEL-36,,SYN036,,15,,,,,A
999000036,2018-04-22T19:17:41,29.17900,-89.25807,0.0,159.2,249.0,SYN-VESSEL-36,,SYN036,,15,,,,,A
999000036,2018-04-22T19:15:21,29.17900,-89.25807,0.0,308.9,246.0,SYN-VESSEL-36,,SYN036,,15,,,,,A
999000036,2018-04-22T19:13:11,29.17901,-89.25806,0.0,237.8,244.0,SYN-VESSEL-36,,SYN036,,15,,,,,A
999000036,2018-04-22T18:59:30,29.17900,-89.25807,0.0,95.0,248.0,SYN-VESSEL-36,,SYN036,,15,,,,,A
999000036,2018-04-22T18:54:10,29.17900,-89.25808,0.0,57.2,249.0,SYN-VESSEL-36,,SYN036,,15,,,,,A
999000036,2018-04-22T18:57:51,29.17900,-89.25808,0.0,223.5,249.0,SYN-VESSEL-36,,SYN036,,15,,,,,A
999000036,2018-04-22T18:56:42,29.17899,-89.25808,0.0,61.6,249.0,SYN-VESSEL-36,,SYN036,,15,,,,,A
999000036,2018-04-22T19:03:22,29.17901,-89.25807,0.0,286.8,246.0,SYN-VESSEL-36,,SYN036,,15,,,,,A
999000036,2018-04-22T19:02:11,29.17900,-89.25807,0.0,273.9,245.0,SYN-VESSEL-36,,SYN036,,15,,,,,A
999000036,2018-04-22T19:00:01,29.17900,-89.25807,0.0,342.8,249.0,SYN-VESSEL-36,,SYN036,,15,,,,,A
999000036,2018-04-22T19:01:10,29.17900,-89.25807,0.0,49.5,240.0,SYN-VESSEL-36,,SYN036,,15,,,,,A
999000036,2018-04-22T19:21:21,29.17899,-89.25808,0.0,250.9,246.0,SYN-VESSEL-36,,SYN036,,15,,,,,A
999000036,2018-04-22T21:27:41,29.17901,-89.25808,0.0,257.6,249.0,SYN-VESSEL-36,,SYN036,,15,,,,,A
999000036,2018-04-22T21:29:51,29.17900,-89.25808,0.0,96.8,249.0,SYN-VESSEL-36,,SYN036,,15,,,,,A
999000036,2018-04-22T21:34:01,29.17900,-89.25807,0.0,83.5,249.0,SYN-VESSEL-36,,SYN036,,15,,,,,A
999000036,2018-04-22T21:31:01,29.17900,-89.25807,0.0,184.1,249.0,SYN-VESSEL-36,,SYN036,,15,,,,,A
999000036,2018-04-22T21:25:01,29.17900,-89.25808,0.0,92.5,249.0,SYN-VESSEL-36,,SYN036,,15,,,,,A
999000036,2018-04-22T21:23:22,29.17900,-89.25809,0.0,199.2,247.0,SYN-VESSEL-36,,SYN036,,15,,,,,A
999000036,2018-04-22T21:18:32,29.17899,-89.25808,0.0,209.3,249.0,SYN-VESSEL-36,,SYN036,,15,,,,,A
999000036,2018-04-22T21:20:30,29.17900,-89.25807,0.0,176.8,249.0,SYN-VESSEL-36,,SYN036,,15,,,,,A
999000036,2018-04-22T21:22:01,29.17900,-89.25808,0.0,289.3,245.0,SYN-VESSEL-36,,SYN036,,15,,,,,A
999000036,2018-04-22T21:09:51,29.17900,-89.25808,0.0,311.9,248.0,SYN-VESSEL-36,,SYN036,,15,,,,,A
999000036,2018-04-22T21:11:00,29.17900,-89.25808,0.0,263.0,249.0,SYN-VESSEL-36,,SYN036,,15,,,,,A
999000036,2018-04-22T21:08:31,29.17899,-89.25807,0.0,293.7,248.0,SYN-VESSEL-36,,SYN036,,15,,,,,A
999000036,2018-04-22T21:04:51,29.17901,-89.25808,0.0,325.3,249.0,SYN-VESSEL-36,,SYN036,,15,,,,,A
999000036,2018-04-22T21:07:21,29.17900,-89.25807,0.0,207.9,249.0,SYN-VESSEL-36,,SYN036,,15,,,,,A
999000036,2018-04-22T21:06:00,29.17900,-89.25807,0.0,311.0,249.0,SYN-VESSEL-36,,SYN036,,15,,,,,A
999000036,2018-04-22T21:17:20,29.17900,-89.25808,0.0,169.2,249.0,SYN-VESSEL-36,,SYN036,,15,,,,,A
999000036,2018-04-22T21:13:00,29.17900,-89.25808,0.0,244.7,249.0,SYN-VESSEL-36,,SYN036,,15,,,,,A
999000036,2018-04-22T21:15:00,29.17901,-89.25809,0.0,244.9,248.0,SYN-VESSEL-36,,SYN036,,15,,,,,A
999000036,2018-04-22T21:37:20,29.17899,-89.25807,0.0,215.8,249.0,SYN-VESSEL-36,,SYN036,,15,,,,,A
999000005,2018-04-22T22:46:58,29.19055,-89.26795,8.8,330.4,329.0,SYN-VESSEL-05,IMO9990005,SYN005,70,0,229,,,,A
999000005,2018-04-22T22:48:18,29.19341,-89.26979,9.2,331.1,329.0,SYN-VESSEL-05,IMO9990005,SYN005,70,0,229,,,,A
999000005,2018-04-22T22:49:39,29.19652,-89.27177,9.6,329.9,329.0,SYN-VESSEL-05,IMO9990005,SYN005,70,0,229,,,,A
999000005,2018-04-22T21:57:39,29.07165,-89.29653,10.2,47.7,48.0,SYN-VESSEL-05,IMO9990005,SYN005,70,0,229,,,,A
999000005,2018-04-22T22:01:18,29.07879,-89.28835,9.7,40.9,40.0,SYN-VESSEL-05,IMO9990005,SYN005,70,0,229,,,,A
999000005,2018-04-22T22:00:09,29.07645,-89.29071,9.9,43.9,41.0,SYN-VESSEL-05,IMO9990005,SYN005,70,0,229,,,,A
999000005,2018-04-22T21:58:58,29.07410,-89.29330,10.1,45.6,45.0,SYN-VESSEL-05,IMO9990005,SYN005,70,0,229,,,,A
999000005,2018-04-22T22:03:38,29.08397,-89.28418,9.8,28.5,28.0,SYN-VESSEL-05,IMO9990005,SYN005,70,0,229,,,,A
999000005,2018-04-22T22:04:59,29.08724,-89.28213,9.9,26.8,25.0,SYN-VESSEL-05,IMO9990005,SYN005,70,0,229,,,,A
999000005,2018-04-22T22:02:28,29.08125,-89.28596,9.8,35.6,31.0,SYN-VESSEL-05,IMO9990005,SYN005,70,0,229,,,,A
999000005,2018-04-22T22:06:09,29.09014,-89.28054,10.1,26.0,25.0,SYN-VESSEL-05,IMO9990005,SYN005,70,0,229,,,,A
999000005,2018-04-22T22:07:18,29.09307,-89.27894,10.3,27.2,26.0,SYN-VESSEL-05,IMO9990005,SYN005,70,0,229,,,,A
999000005,2018-04-22T22:11:29,29.10369,-89.27272,10.3,27.3,25.0,SYN-VESSEL-05,IMO9990005,SYN005,70,0,229,,,,A
999000005,2018-04-22T22:09:48,29.09945,-89.27525,10.2,27.4,25.0,SYN-VESSEL-05,IMO9990005,SYN005,70,0,229,,,,A
999000005,2018-04-22T22:08:28,29.09608,-89.27719,10.2,27.5,25.0,SYN-VESSEL-05,IMO9990005,SYN005,70,0,229,,,,A
999000005,2018-04-22T22:27:29,29.14596,-89.25559,10.1,0.7,1.0,SYN-VESSEL-05,IMO9990005,SYN005,70,0,229,,,,A
999000005,2018-04-22T22:30:49,29.15534,-89.25514,10.2,5.0,1.0,SYN-VESSEL-05,IMO9990005,SYN005,70,0,229,,,,A
999000005,2018-04-22T22:29:29,29.15156,-89.25541,10.2,1.7,1.0,SYN-VESSEL-05,IMO9990005,SYN005,70,0,229,,,,A
999000005,2018-04-22T22:32:08,29.15892,-89.25461,9.6,8.8,354.0,SYN-VESSEL-05,IMO9990005,SYN005,70,0,229,,,,A
999000005,2018-04-22T22:38:28,29.17265,-89.25861,8.1,338.4,338.0,SYN-VESSEL-05,IMO9990005,SYN005,70,0,229,,,,A
999000005,2018-04-22T22:33:58,29.16321,-89.25514,7.8,344.4,341.0,SYN-VESSEL-05,IMO9990005,SYN005,70,0,229,,,,A
999000005,2018-04-22T22:37:19,29.17022,-89.25761,8.0,343.1,340.0,SYN-VESSEL-05,IMO9990005,SYN005,70,0,229,,,,A
999000005,2018-04-22T22:42:19,29.18081,-89.26215,8.3,336.8,334.0,SYN-VESSEL-05,IMO9990005,SYN005,70,0,229,,,,A
999000005,2018-04-22T22:13:19,29.10839,-89.27006,10.2,26.4,25.0,SYN-VESSEL-05,IMO9990005,SYN005,70,0,229,,,,A
999000005,2018-04-22T22:15:58,29.11516,-89.26626,10.2,26.4,25.0,SYN-VESSEL-05,IMO9990005,SYN005,70,0,229,,,,A
999000005,2018-04-22T22:17:09,29.11818,-89.26468,10.1,20.9,20.0,SYN-VESSEL-05,IMO9990005,SYN005,70,0,229,,,,A
999000005,2018-04-22T22:14:29,29.11135,-89.26838,10.3,26.3,26.0,SYN-VESSEL-05,IMO9990005,SYN005,70,0,229,,,,A
999000005,2018-04-22T22:18:29,29.12168,-89.26313,10.1,20.8,20.0,SYN-VESSEL-05,IMO9990005,SYN005,70,0,229,,,,A
999000005,2018-04-22T22:26:09,29.14220,-89.25570,10.1,3.3,1.0,SYN-VESSEL-05,IMO9990005,SYN005,70,0,229,,,,A
999000005,2018-04-22T22:24:48,29.13847,-89.25628,9.9,10.9,8.0,SYN-VESSEL-05,IMO9990005,SYN005,70,0,229,,,,A
999000005,2018-04-22T22:23:09,29.13411,-89.25773,10.1,21.6,19.0,SYN-VESSEL-05,IMO9990005,SYN005,70,0,229,,,,A
999000005,2018-04-22T22:19:39,29.12475,-89.26179,10.2,21.6,20.0,SYN-VESSEL-05,IMO9990005,SYN005,70,0,229,,,,A
999000005,2018-04-22T22:20:48,29.12784,-89.26042,10.3,21.5,19.0,SYN-VESSEL-05,IMO9990005,SYN005,70,0,229,,,,A
999000005,2018-04-22T22:21:58,29.13094,-89.25909,10.2,21.3,19.0,SYN-VESSEL-05,IMO9990005,SYN005,70,0,229,,,,A
999000005,2018-04-22T22:43:49,29.18394,-89.26390,8.4,334.2,334.0,SYN-VESSEL-05,IMO9990005,SYN005,70,0,229,,,,A
999000005,2018-04-22T22:45:29,29.18744,-89.26586,8.5,329.0,329.0,SYN-VESSEL-05,IMO9990005,SYN005,70,0,229,,,,A
999000014,2018-04-22T18:25:01,29.18167,-89.26873,5.9,336.3,511.0,SYN-VESSEL-14,,SYN014,31,0,19,7,,,A
999000014,2018-04-22T18:28:21,29.18655,-89.27156,5.9,334.2,511.0,SYN-VESSEL-14,,SYN014,31,0,19,7,,,A
999000014,2018-04-22T18:30:21,29.18932,-89.27341,5.8,326.4,511.0,SYN-VESSEL-14,,SYN014,31,0,19,7,,,A
999000014,2018-04-22T18:18:00,29.17091,-89.26388,5.9,340.8,511.0,SYN-VESSEL-14,,SYN014,31,0,19,7,,,A
999000014,2018-04-22T18:16:51,29.16915,-89.26318,5.8,342.0,511.0,SYN-VESSEL-14,,SYN014,31,0,19,7,,,A
999000014,2018-04-22T18:23:50,29.17989,-89.26787,6.0,336.8,511.0,SYN-VESSEL-14,,SYN014,31,0,19,7,,,A
999000014,2018-04-22T18:19:41,29.17350,-89.26499,6.0,338.1,511.0,SYN-VESSEL-14,,SYN014,31,0,19,7,,,A
999000014,2018-04-22T18:21:00,29.17555,-89.26580,5.9,340.0,511.0,SYN-VESSEL-14,,SYN014,31,0,19,7,,,A
999000014,2018-04-22T18:32:50,29.19269,-89.27572,5.7,327.7,511.0,SYN-VESSEL-14,,SYN014,31,0,19,7,,,A
999000014,2018-04-22T18:31:31,29.19095,-89.27453,5.7,327.9,511.0,SYN-VESSEL-14,,SYN014,31,0,19,7,,,A
999000014,2018-04-22T18:34:00,29.19427,-89.27681,5.7,328.9,511.0,SYN-VESSEL-14,,SYN014,31,0,19,7,,,A
999000014,2018-04-22T18:37:00,29.19820,-89.27979,5.7,324.0,511.0,SYN-VESSEL-14,,SYN014,31,0,19,7,,,A
999000014,2018-04-22T18:00:01,29.13980,-89.25848,6.4,10.7,511.0,SYN-VESSEL-14,,SYN014,31,0,19,7,,,A
999000014,2018-04-22T18:01:11,29.14186,-89.25815,6.4,5.7,511.0,SYN-VESSEL-14,,SYN014,31,0,19,7,,,A
999000014,2018-04-22T18:06:10,29.15098,-89.25755,6.6,357.4,511.0,SYN-VESSEL-14,,SYN014,31,0,19,7,,,A
999000014,2018-04-22T18:05:01,29.14881,-89.25748,6.8,3.5,511.0,SYN-VESSEL-14,,SYN014,31,0,19,7,,,A
999000014,2018-04-22T18:02:30,29.14424,-89.25787,6.5,6.2,511.0,SYN-VESSEL-14,,SYN014,31,0,19,7,,,A
999000014,2018-04-22T18:03:40,29.14635,-89.25762,6.5,2.6,511.0,SYN-VESSEL-14,,SYN014,31,0,19,7,,,A
999000014,2018-04-22T18:08:21,29.15491,-89.25784,6.5,355.7,511.0,SYN-VESSEL-14,,SYN014,31,0,19,7,,,A
999000014,2018-04-22T18:07:20,29.15309,-89.25771,6.5,357.2,511.0,SYN-VESSEL-14,,SYN014,31,0,19,7,,,A
999000014,2018-04-22T18:12:20,29.16194,-89.25996,6.5,340.5,511.0,SYN-VESSEL-14,,SYN014,31,0,19,7,,,A
999000014,2018-04-22T18:09:30,29.15699,-89.25807,6.5,348.6,511.0,SYN-VESSEL-14,,SYN014,31,0,19,7,,,A
999000014,2018-04-22T18:11:00,29.15965,-89.25903,6.6,341.9,511.0,SYN-VESSEL-14,,SYN014,31,0,19,7,,,A
999000014,2018-04-22T18:14:00,29.16470,-89.26130,6.3,337.1,511.0,SYN-VESSEL-14,,SYN014,31,0,19,7,,,A
999000014,2018-04-22T18:15:20,29.16678,-89.26227,5.9,342.1,511.0,SYN-VESSEL-14,,SYN014,31,0,19,7,,,A
999000046,2018-04-22T20:58:07,29.17851,-89.26324,2.9,309.4,511.0,SYN-VESSEL-46,,SYN046,31,0,20,,,,A
999000046,2018-04-22T21:00:06,29.17911,-89.26408,1.9,301.1,511.0,SYN-VESSEL-46,,SYN046,31,0,20,,,,A
999000046,2018-04-22T21:01:17,29.17935,-89.26436,0.2,338.9,511.0,SYN-VESSEL-46,,SYN046,31,0,20,,,,A
999000046,2018-04-22T20:59:17,29.17901,-89.26348,1.1,137.8,511.0,SYN-VESSEL-46,,SYN046,31,0,20,,,,A
999000046,2018-04-22T20:52:07,29.17856,-89.26318,0.4,59.3,511.0,SYN-VESSEL-46,,SYN046,31,0,20,,,,A
999000046,2018-04-22T20:53:27,29.17857,-89.26323,0.1,305.6,511.0,SYN-VESSEL-46,,SYN046,31,0,20,,,,A
999000046,2018-04-22T20:55:07,29.17859,-89.26323,0.0,283.1,511.0,SYN-VESSEL-46,,SYN046,31,0,20,,,,A
999000046,2018-04-22T20:56:17,29.17854,-89.26323,0.0,255.8,511.0,SYN-VESSEL-46,,SYN046,31,0,20,,,,A
999000046,2018-04-22T20:50:46,29.17908,-89.26361,1.1,285.4,511.0,SYN-VESSEL-46,,SYN046,31,0,20,,,,A
999000046,2018-04-22T20:48:06,29.17908,-89.26359,0.0,253.7,511.0,SYN-VESSEL-46,,SYN046,31,0,20,,,,A
999000046,2018-04-22T20:46:27,29.17904,-89.26360,0.0,254.3,511.0,SYN-VESSEL-46,,SYN046,31,0,20,,,,A
999000046,2018-04-22T20:40:27,29.17908,-89.26360,0.0,249.6,511.0,SYN-VESSEL-46,,SYN046,31,0,20,,,,A
999000046,2018-04-22T20:42:46,29.17907,-89.26362,0.0,263.1,511.0,SYN-VESSEL-46,,SYN046,31,0,20,,,,A
999000046,2018-04-22T20:32:57,29.17909,-89.26362,0.0,274.3,511.0,SYN-VESSEL-46,,SYN046,31,0,20,,,,A
999000046,2018-04-22T20:31:07,29.17910,-89.26362,0.0,270.8,511.0,SYN-VESSEL-46,,SYN046,31,0,20,,,,A
999000046,2018-04-22T20:36:46,29.17909,-89.26360,0.0,271.7,511.0,SYN-VESSEL-46,,SYN046,31,0,20,,,,A
999000046,2018-04-22T20:38:56,29.17906,-89.26359,0.0,262.0,511.0,SYN-VESSEL-46,,SYN046,31,0,20,,,,A
999000046,2018-04-22T20:35:36,29.17906,-89.26360,0.0,272.7,511.0,SYN-VESSEL-46,,SYN046,31,0,20,,,,A
999000046,2018-04-22T20:34:16,29.17909,-89.26362,0.0,274.1,511.0,SYN-VESSEL-46,,SYN046,31,0,20,,,,A
999000046,2018-04-22T21:02:37,29.17936,-89.26436,0.2,356.4,511.0,SYN-VESSEL-46,,SYN046,31,0,20,,,,A
999000046,2018-04-22T18:34:45,29.17747,-89.26332,2.5,261.5,511.0,SYN-VESSEL-46,,SYN046,31,0,20,,,,A
999000046,2018-04-22T18:33:36,29.17876,-89.26320,5.7,155.0,511.0,SYN-VESSEL-46,,SYN046,31,0,20,,,,A
999000046,2018-04-22T18:28:57,29.17897,-89.26430,0.0,204.2,511.0,SYN-VESSEL-46,,SYN046,31,0,20,,,,A
999000046,2018-04-22T18:41:16,29.17873,-89.26445,0.5,12.7,511.0,SYN-VESSEL-46,,SYN046,31,0,20,,,,A
999000046,2018-04-22T18:39:36,29.17807,-89.26445,2.0,249.2,511.0,SYN-VESSEL-46,,SYN046,31,0,20,,,,A
999000046,2018-04-22T18:38:27,29.17785,-89.26429,0.6,31.4,511.0,SYN-VESSEL-46,,SYN046,31,0,20,,,,A
999000046,2018-04-22T18:42:36,29.17878,-89.26456,0.4,269.0,511.0,SYN-VESSEL-46,,SYN046,31,0,20,,,,A
999000046,2018-04-22T18:45:16,29.17875,-89.26452,0.2,143.3,511.0,SYN-VESSEL-46,,SYN046,31,0,20,,,,A
999000046,2018-04-22T18:43:57,29.17876,-89.26452,0.1,214.4,511.0,SYN-VESSEL-46,,SYN046,31,0,20,,,,A
999000046,2018-04-22T18:46:36,29.17879,-89.26452,0.8,10.8,511.0,SYN-VESSEL-46,,SYN046,31,0,20,,,,A
999000046,2018-04-22T18:17:36,29.17898,-89.26428,0.0,222.3,511.0,SYN-VESSEL-46,,SYN046,31,0,20,,,,A
999000046,2018-04-22T18:19:46,29.17898,-89.26426,0.0,227.3,511.0,SYN-VESSEL-46,,SYN046,31,0,20,,,,A
999000046,2018-04-22T18:16:26,29.17898,-89.26427,0.0,219.1,511.0,SYN-VESSEL-46,,SYN046,31,0,20,,,,A
999000046,2018-04-22T18:20:56,29.17897,-89.26427,0.1,226.8,511.0,SYN-VESSEL-46,,SYN046,31,0,20,,,,A
999000046,2018-04-22T18:22:47,29.17897,-89.26428,0.0,223.8,511.0,SYN-VESSEL-46,,SYN046,31,0,20,,,,A
999000046,2018-04-22T18:31:36,29.17899,-89.26429,0.2,126.4,511.0,SYN-VESSEL-46,,SYN046,31,0,20,,,,A
999000046,2018-04-22T18:27:47,29.17899,-89.26430,0.0,198.0,511.0,SYN-VESSEL-46,,SYN046,31,0,20,,,,A
999000046,2018-04-22T18:25:47,29.17897,-89.26428,0.1,240.6,511.0,SYN-VESSEL-46,,SYN046,31,0,20,,,,A
999000046,2018-04-22T18:50:56,29.17886,-89.26408,0.2,106.7,511.0,SYN-VESSEL-46,,SYN046,31,0,20,,,,A
999000046,2018-04-22T19:16:16,29.17888,-89.26427,0.2,342.8,511.0,SYN-VESSEL-46,,SYN046,31,0,20,,,,A
999000046,2018-04-22T19:17:46,29.17881,-89.26424,0.3,191.4,511.0,SYN-VESSEL-46,,SYN046,31,0,20,,,,A
999000046,2018-04-22T19:15:06,29.17881,-89.26431,0.4,119.9,511.0,SYN-VESSEL-46,,SYN046,31,0,20,,,,A
999000046,2018-04-22T19:13:57,29.17888,-89.26434,0.2,293.8,511.0,SYN-VESSEL-46,,SYN046,31,0,20,,,,A
999000046,2018-04-22T19:12:46,29.17880,-89.26437,0.4,324.9,511.0,SYN-VESSEL-46,,SYN046,31,0,20,,,,A
999000046,2018-04-22T19:11:36,29.17882,-89.26459,1.5,70.7,511.0,SYN-VESSEL-46,,SYN046,31,0,20,,,,A
999000046,2018-04-22T19:09:56,29.17903,-89.26488,0.3,147.1,511.0,SYN-VESSEL-46,,SYN046,31,0,20,,,,A
999000046,2018-04-22T19:08:46,29.17913,-89.26497,0.4,288.6,511.0,SYN-VESSEL-46,,SYN046,31,0,20,,,,A
999000046,2018-04-22T19:06:26,29.17911,-89.26503,0.1,329.9,511.0,SYN-VESSEL-46,,SYN046,31,0,20,,,,A
999000046,2018-04-22T19:07:36,29.17904,-89.26495,0.5,191.5,511.0,SYN-VESSEL-46,,SYN046,31,0,20,,,,A
999000046,2018-04-22T18:58:27,29.17907,-89.26496,0.3,165.2,511.0,SYN-VESSEL-46,,SYN046,31,0,20,,,,A
999000046,2018-04-22T18:59:46,29.17909,-89.26497,0.1,114.8,511.0,SYN-VESSEL-46,,SYN046,31,0,20,,,,A
999000046,2018-04-22T18:54:56,29.17905,-89.26454,1.1,285.9,511.0,SYN-VESSEL-46,,SYN046,31,0,20,,,,A
999000046,2018-04-22T18:56:27,29.17905,-89.26495,0.3,273.4,511.0,SYN-VESSEL-46,,SYN046,31,0,20,,,,A
999000046,2018-04-22T19:00:06,29.17911,-89.26496,0.1,112.4,511.0,SYN-VESSEL-46,,SYN046,31,0,20,,,,A
999000046,2018-04-22T19:01:16,29.17911,-89.26501,0.1,288.3,511.0,SYN-VESSEL-46,,SYN046,31,0,20,,,,A
999000046,2018-04-22T19:02:27,29.17911,-89.26502,0.1,229.1,511.0,SYN-VESSEL-46,,SYN046,31,0,20,,,,A
999000046,2018-04-22T19:03:36,29.17909,-89.26503,0.1,244.0,511.0,SYN-VESSEL-46,,SYN046,31,0,20,,,,A
999000046,2018-04-22T19:04:56,29.17911,-89.26503,0.2,301.5,511.0,SYN-VESSEL-46,,SYN046,31,0,20,,,,A
999000046,2018-04-22T19:20:46,29.17884,-89.26421,0.7,170.0,511.0,SYN-VESSEL-46,,SYN046,31,0,20,,,,A
999000046,2018-04-22T18:11:36,29.17897,-89.26428,0.0,230.1,511.0,SYN-VESSEL-46,,SYN046,31,0,20,,,,A
999000046,2018-04-22T18:10:26,29.17898,-89.26428,0.0,232.2,511.0,SYN-VESSEL-46,,SYN046,31,0,20,,,,A
999000046,2018-04-22T18:08:26,29.17897,-89.26428,0.0,241.6,511.0,SYN-VESSEL-46,,SYN046,31,0,20,,,,A
999000046,2018-04-22T18:07:16,29.17898,-89.26429,0.0,245.7,511.0,SYN-VESSEL-46,,SYN046,31,0,20,,,,A
999000046,2018-04-22T18:05:57,29.17896,-89.26428,0.0,242.9,511.0,SYN-VESSEL-46,,SYN046,31,0,20,,,,A
999000046,2018-04-22T18:04:56,29.17898,-89.26428,0.0,249.3,511.0,SYN-VESSEL-46,,SYN046,31,0,20,,,,A
999000046,2018-04-22T18:03:27,29.17898,-89.26428,0.0,258.5,511.0,SYN-VESSEL-46,,SYN046,31,0,20,,,,A
999000046,2018-04-22T18:02:26,29.17900,-89.26429,0.0,262.6,511.0,SYN-VESSEL-46,,SYN046,31,0,20,,,,A
999000046,2018-04-22T18:01:16,29.17898,-89.26428,0.0,258.9,511.0,SYN-VESSEL-46,,SYN046,31,0,20,,,,A
999000046,2018-04-22T18:00:07,29.17898,-89.26430,0.1,257.6,511.0,SYN-VESSEL-46,,SYN046,31,0,20,,,,A
999000046,2018-04-22T18:14:36,29.17898,-89.26428,0.0,218.2,511.0,SYN-VESSEL-46,,SYN046,31,0,20,,,,A
999000046,2018-04-22T18:13:26,29.17897,-89.26428,0.0,224.8,511.0,SYN-VESSEL-46,,SYN046,31,0,20,,,,A
999000046,2018-04-22T20:22:56,29.17911,-89.26363,0.0,279.3,511.0,SYN-VESSEL-46,,SYN046,31,0,20,,,,A
999000046,2018-04-22T20:24:57,29.17908,-89.26362,0.0,249.7,511.0,SYN-VESSEL-46,,SYN046,31,0,20,,,,A
999000046,2018-04-22T20:18:37,29.17909,-89.26362,0.2,307.6,511.0,SYN-VESSEL-46,,SYN046,31,0,20,,,,A
999000046,2018-04-22T20:21:37,29.17910,-89.26362,0.0,305.2,511.0,SYN-VESSEL-46,,SYN046,31,0,20,,,,A
999000046,2018-04-22T20:19:46,29.17910,-89.26362,0.0,319.2,511.0,SYN-VESSEL-46,,SYN046,31,0,20,,,,A
999000046,2018-04-22T20:12:27,29.17906,-89.26362,0.1,238.3,511.0,SYN-VESSEL-46,,SYN046,31,0,20,,,,A
999000046,2018-04-22T20:11:07,29.17908,-89.26361,0.1,256.6,511.0,SYN-VESSEL-46,,SYN046,31,0,20,,,,A
999000046,2018-04-22T20:13:36,29.17908,-89.26362,0.0,226.2,511.0,SYN-VESSEL-46,,SYN046,31,0,20,,,,A
999000046,2018-04-22T20:15:26,29.17904,-89.26361,0.0,213.8,511.0,SYN-VESSEL-46,,SYN046,31,0,20,,,,A
999000046,2018-04-22T20:16:55,29.17906,-89.26363,0.0,216.4,511.0,SYN-VESSEL-46,,SYN046,31,0,20,,,,A
999000046,2018-04-22T19:59:25,29.17910,-89.26358,0.2,245.2,511.0,SYN-VESSEL-46,,SYN046,31,0,20,,,,A
999000046,2018-04-22T20:02:27,29.17910,-89.26360,0.0,250.4,511.0,SYN-VESSEL-46,,SYN046,31,0,20,,,,A
999000046,2018-04-22T20:01:16,29.17911,-89.26363,0.0,244.7,511.0,SYN-VESSEL-46,,SYN046,31,0,20,,,,A
999000046,2018-04-22T20:00:06,29.17912,-89.26362,0.1,259.3,511.0,SYN-VESSEL-46,,SYN046,31,0,20,,,,A
999000046,2018-04-22T20:04:46,29.17911,-89.26359,0.0,261.9,511.0,SYN-VESSEL-46,,SYN046,31,0,20,,,,A
999000046,2018-04-22T20:03:36,29.17911,-89.26359,0.0,261.3,511.0,SYN-VESSEL-46,,SYN046,31,0,20,,,,A
999000046,2018-04-22T20:06:27,29.17911,-89.26361,0.1,268.6,511.0,SYN-VESSEL-46,,SYN046,31,0,20,,,,A
999000046,2018-04-22T20:09:07,29.17910,-89.26363,0.0,266.2,511.0,SYN-VESSEL-46,,SYN046,31,0,20,,,,A
999000046,2018-04-22T20:07:36,29.17910,-89.26361,0.0,268.7,511.0,SYN-VESSEL-46,,SYN046,31,0,20,,,,A
999000046,2018-04-22T20:27:47,29.17908,-89.26362,0.0,256.5,511.0,SYN-VESSEL-46,,SYN046,31,0,20,,,,A
999000046,2018-04-22T20:26:26,29.17907,-89.26363,0.0,256.5,511.0,SYN-VESSEL-46,,SYN046,31,0,20,,,,A
999000046,2018-04-22T20:28:57,29.17909,-89.26362,0.0,262.0,511.0,SYN-VESSEL-46,,SYN046,31,0,20,,,,A
999000046,2018-04-22T21:20:36,29.17849,-89.26341,0.1,187.5,511.0,SYN-VESSEL-46,,SYN046,31,0,20,,,,A
999000046,2018-04-22T21:19:16,29.17851,-89.26341,0.1,131.8,511.0,SYN-VESSEL-46,,SYN046,31,0,20,,,,A
999000046,2018-04-22T21:25:46,29.17742,-89.26331,3.6,237.4,511.0,SYN-VESSEL-46,,SYN046,31,0,20,,,,A
999000046,2018-04-22T21:22:57,29.17848,-89.26340,0.1,188.3,511.0,SYN-VESSEL-46,,SYN046,31,0,20,,,,A
999000046,2018-04-22T21:24:36,29.17822,-89.26328,2.7,154.7,511.0,SYN-VESSEL-46,,SYN046,31,0,20,,,,A
999000046,2018-04-22T21:30:37,29.17830,-89.26372,1.6,300.0,511.0,SYN-VESSEL-46,,SYN046,31,0,20,,,,A
999000046,2018-04-22T21:28:07,29.17779,-89.26303,2.4,348.9,511.0,SYN-VESSEL-46,,SYN046,31,0,20,,,,A
999000046,2018-04-22T21:26:56,29.17753,-89.26355,0.8,92.6,511.0,SYN-VESSEL-46,,SYN046,31,0,20,,,,A
999000046,2018-04-22T21:31:46,29.17869,-89.26401,1.6,333.2,511.0,SYN-VESSEL-46,,SYN046,31,0,20,,,,A
999000046,2018-04-22T21:33:37,29.17878,-89.26406,0.1,4.2,511.0,SYN-VESSEL-46,,SYN046,31,0,20,,,,A
999000046,2018-04-22T21:06:27,29.17917,-89.26391,1.7,160.8,511.0,SYN-VESSEL-46,,SYN046,31,0,20,,,,A
999000046,2018-04-22T21:04:06,29.17937,-89.26427,0.5,72.8,511.0,SYN-VESSEL-46,,SYN046,31,0,20,,,,A
999000046,2018-04-22T21:05:17,29.17940,-89.26413,0.5,87.9,511.0,SYN-VESSEL-46,,SYN046,31,0,20,,,,A
999000046,2018-04-22T21:07:57,29.17879,-89.26344,0.6,58.4,511.0,SYN-VESSEL-46,,SYN046,31,0,20,,,,A
999000046,2018-04-22T21:09:17,29.17863,-89.26357,0.5,83.7,511.0,SYN-VESSEL-46,,SYN046,31,0,20,,,,A
999000046,2018-04-22T21:16:27,29.17850,-89.26345,0.1,207.1,511.0,SYN-VESSEL-46,,SYN046,31,0,20,,,,A
999000046,2018-04-22T21:17:36,29.17851,-89.26344,0.0,192.2,511.0,SYN-VESSEL-46,,SYN046,31,0,20,,,,A
999000046,2018-04-22T21:14:06,29.17855,-89.26345,0.0,171.4,511.0,SYN-VESSEL-46,,SYN046,31,0,20,,,,A
999000046,2018-04-22T21:10:27,29.17868,-89.26344,0.2,78.3,511.0,SYN-VESSEL-46,,SYN046,31,0,20,,,,A
999000046,2018-04-22T21:12:27,29.17857,-89.26346,0.2,227.7,511.0,SYN-VESSEL-46,,SYN046,31,0,20,,,,A
999000046,2018-04-22T21:34:46,29.17833,-89.26380,1.4,151.9,511.0,SYN-VESSEL-46,,SYN046,31,0,20,,,,A
999000046,2018-04-22T21:42:56,29.18625,-89.26839,5.5,323.5,511.0,SYN-VESSEL-46,,SYN046,31,0,20,,,,A
999000046,2018-04-22T21:38:37,29.18099,-89.26417,4.9,319.7,511.0,SYN-VESSEL-46,,SYN046,31,0,20,,,,A
999000046,2018-04-22T21:45:36,29.18964,-89.27083,5.4,324.7,511.0,SYN-VESSEL-46,,SYN046,31,0,20,,,,A
999000046,2018-04-22T21:47:56,29.19259,-89.27254,5.2,325.3,511.0,SYN-VESSEL-46,,SYN046,31,0,20,,,,A
999000046,2018-04-22T21:50:26,29.19570,-89.27431,4.8,333.1,511.0,SYN-VESSEL-46,,SYN046,31,0,20,,,,A
999000046,2018-04-22T21:53:17,29.19919,-89.27626,4.9,337.3,511.0,SYN-VESSEL-46,,SYN046,31,0,20,,,,A
999000046,2018-04-22T19:56:06,29.17914,-89.26357,0.1,214.0,511.0,SYN-VESSEL-46,,SYN046,31,0,20,,,,A
999000046,2018-04-22T19:57:56,29.17909,-89.26356,0.0,148.7,511.0,SYN-VESSEL-46,,SYN046,31,0,20,,,,A
999000046,2018-04-22T19:51:36,29.17909,-89.26358,0.1,339.7,511.0,SYN-VESSEL-46,,SYN046,31,0,20,,,,A
999000046,2018-04-22T19:48:37,29.17910,-89.26358,0.0,345.4,511.0,SYN-VESSEL-46,,SYN046,31,0,20,,,,A
999000046,2018-04-22T19:50:26,29.17910,-89.26358,0.0,340.9,511.0,SYN-VESSEL-46,,SYN046,31,0,20,,,,A
999000046,2018-04-22T19:47:16,29.17910,-89.26360,0.0,353.1,511.0,SYN-VESSEL-46,,SYN046,31,0,20,,,,A
999000046,2018-04-22T19:43:56,29.17908,-89.26359,0.0,24.5,511.0,SYN-VESSEL-46,,SYN046,31,0,20,,,,A
999000046,2018-04-22T19:45:37,29.17909,-89.26359,0.0,359.6,511.0,SYN-VESSEL-46,,SYN046,31,0,20,,,,A
999000046,2018-04-22T19:41:06,29.17909,-89.26360,0.0,58.1,511.0,SYN-VESSEL-46,,SYN046,31,0,20,,,,A
999000046,2018-04-22T19:39:56,29.17909,-89.26359,0.0,55.2,511.0,SYN-VESSEL-46,,SYN046,31,0,20,,,,A
999000046,2018-04-22T19:42:27,29.17909,-89.26359,0.1,55.2,511.0,SYN-VESSEL-46,,SYN046,31,0,20,,,,A
999000046,2018-04-22T19:22:06,29.17887,-89.26437,0.5,338.7,511.0,SYN-VESSEL-46,,SYN046,31,0,20,,,,A
999000046,2018-04-22T19:24:27,29.17881,-89.26413,2.3,53.4,511.0,SYN-VESSEL-46,,SYN046,31,0,20,,,,A
999000046,2018-04-22T19:26:27,29.17896,-89.26399,0.1,285.4,511.0,SYN-VESSEL-46,,SYN046,31,0,20,,,,A
999000046,2018-04-22T19:28:07,29.17898,-89.26403,0.6,308.0,511.0,SYN-VESSEL-46,,SYN046,31,0,20,,,,A
999000046,2018-04-22T19:38:27,29.17911,-89.26364,0.6,56.0,511.0,SYN-VESSEL-46,,SYN046,31,0,20,,,,A
999000046,2018-04-22T19:36:46,29.17890,-89.26388,0.4,84.0,511.0,SYN-VESSEL-46,,SYN046,31,0,20,,,,A
999000046,2018-04-22T19:34:46,29.17913,-89.26366,0.3,311.0,511.0,SYN-VESSEL-46,,SYN046,31,0,20,,,,A
999000046,2018-04-22T19:33:26,29.17906,-89.26361,0.0,114.8,511.0,SYN-VESSEL-46,,SYN046,31,0,20,,,,A
999000034,2018-04-22T21:03:34,29.17891,-89.25828,0.0,319.7,244.0,SYN-VESSEL-34,,SYN034,,15,,,,,A
999000034,2018-04-22T21:02:23,29.17892,-89.25827,0.0,305.9,244.0,SYN-VESSEL-34,,SYN034,,15,,,,,A
999000034,2018-04-22T20:58:54,29.17891,-89.25828,0.0,294.8,244.0,SYN-VESSEL-34,,SYN034,,15,,,,,A
999000034,2018-04-22T21:01:13,29.17891,-89.25827,0.0,298.0,244.0,SYN-VESSEL-34,,SYN034,,15,,,,,A
999000034,2018-04-22T21:00:05,29.17892,-89.25828,0.0,316.1,244.0,SYN-VESSEL-34,,SYN034,,15,,,,,A
999000034,2018-04-22T20:49:03,29.17891,-89.25827,0.0,241.5,244.0,SYN-VESSEL-34,,SYN034,,15,,,,,A
999000034,2018-04-22T20:51:03,29.17891,-89.25826,0.0,239.6,243.0,SYN-VESSEL-34,,SYN034,,15,,,,,A
999000034,2018-04-22T20:54:03,29.17891,-89.25827,0.0,273.9,244.0,SYN-VESSEL-34,,SYN034,,15,,,,,A
999000034,2018-04-22T20:55:13,29.17891,-89.25827,0.0,192.9,245.0,SYN-VESSEL-34,,SYN034,,15,,,,,A
999000034,2018-04-22T20:56:33,29.17890,-89.25827,0.0,290.1,245.0,SYN-VESSEL-34,,SYN034,,15,,,,,A
999000034,2018-04-22T20:52:33,29.17891,-89.25827,0.0,236.0,245.0,SYN-VESSEL-34,,SYN034,,15,,,,,A
999000034,2018-04-22T20:26:44,29.17891,-89.25828,0.0,343.5,244.0,SYN-VESSEL-34,,SYN034,,15,,,,,A
999000034,2018-04-22T20:32:53,29.17892,-89.25827,0.0,209.0,243.0,SYN-VESSEL-34,,SYN034,,15,,,,,A
999000034,2018-04-22T20:30:34,29.17891,-89.25827,0.0,301.8,244.0,SYN-VESSEL-34,,SYN034,,15,,,,,A
999000034,2018-04-22T20:35:34,29.17891,-89.25828,0.0,291.9,244.0,SYN-VESSEL-34,,SYN034,,15,,,,,A
999000034,2018-04-22T20:47:13,29.17891,-89.25827,0.0,251.9,244.0,SYN-VESSEL-34,,SYN034,,15,,,,,A
999000034,2018-04-22T20:45:13,29.17891,-89.25827,0.0,295.6,244.0,SYN-VESSEL-34,,SYN034,,15,,,,,A
999000034,2018-04-22T20:40:44,29.17891,-89.25828,0.0,292.5,245.0,SYN-VESSEL-34,,SYN034,,15,,,,,A
999000034,2018-04-22T20:39:24,29.17890,-89.25827,0.0,215.2,244.0,SYN-VESSEL-34,,SYN034,,15,,,,,A
999000034,2018-04-22T18:38:37,29.17886,-89.25860,6.6,247.4,262.0,SYN-VESSEL-34,,SYN034,,15,,,,,A
999000034,2018-04-22T18:39:50,29.18445,-89.26220,25.9,333.7,333.0,SYN-VESSEL-34,,SYN034,,15,,,,,A
999000034,2018-04-22T18:40:58,29.18902,-89.26542,18.5,162.0,155.0,SYN-VESSEL-34,,SYN034,,15,,,,,A
999000034,2018-04-22T18:49:03,29.17892,-89.25828,0.0,297.2,246.0,SYN-VESSEL-34,,SYN034,,15,,,,,A
999000034,2018-04-22T18:47:28,29.17891,-89.25828,0.0,252.4,246.0,SYN-VESSEL-34,,SYN034,,15,,,,,A
999000034,2018-04-22T18:46:18,29.17891,-89.25828,0.1,92.2,244.0,SYN-VESSEL-34,,SYN034,,15,,,,,A
999000034,2018-04-22T18:43:28,29.18133,-89.26120,17.2,132.6,148.0,SYN-VESSEL-34,,SYN034,,15,,,,,A
999000034,2018-04-22T18:44:52,29.17891,-89.25829,0.3,154.6,245.0,SYN-VESSEL-34,,SYN034,,15,,,,,A
999000034,2018-04-22T18:42:14,29.18456,-89.26308,12.7,157.9,157.0,SYN-VESSEL-34,,SYN034,,15,,,,,A
999000034,2018-04-22T18:23:10,29.17891,-89.25828,0.0,228.1,245.0,SYN-VESSEL-34,,SYN034,,15,,,,,A
999000034,2018-04-22T18:27:40,29.17891,-89.25827,0.0,236.7,246.0,SYN-VESSEL-34,,SYN034,,15,,,,,A
999000034,2018-04-22T18:24:20,29.17891,-89.25828,0.0,164.1,246.0,SYN-VESSEL-34,,SYN034,,15,,,,,A
999000034,2018-04-22T18:32:30,29.17891,-89.25828,0.0,42.0,247.0,SYN-VESSEL-34,,SYN034,,15,,,,,A
999000034,2018-04-22T18:34:19,29.17891,-89.25827,0.0,272.8,246.0,SYN-VESSEL-34,,SYN034,,15,,,,,A
999000034,2018-04-22T18:30:40,29.17892,-89.25828,0.0,38.9,245.0,SYN-VESSEL-34,,SYN034,,15,,,,,A
999000034,2018-04-22T18:22:08,29.17891,-89.25828,0.0,136.3,245.0,SYN-VESSEL-34,,SYN034,,15,,,,,A
999000034,2018-04-22T18:20:26,29.17890,-89.25827,0.1,68.4,245.0,SYN-VESSEL-34,,SYN034,,15,,,,,A
999000034,2018-04-22T18:19:08,29.17883,-89.25865,8.0,47.1,85.0,SYN-VESSEL-34,,SYN034,,15,,,,,A
999000034,2018-04-22T18:16:34,29.16971,-89.25694,12.1,200.8,324.0,SYN-VESSEL-34,,SYN034,,15,,,,,A
999000034,2018-04-22T18:17:44,29.17228,-89.25836,2.4,145.6,21.0,SYN-VESSEL-34,,SYN034,,15,,,,,A
999000034,2018-04-22T18:52:34,29.17891,-89.25828,0.0,265.6,245.0,SYN-VESSEL-34,,SYN034,,15,,,,,A
999000034,2018-04-22T23:59:29,29.17890,-89.25828,0.0,295.1,244.0,SYN-VESSEL-34,,SYN034,,15,,,,,A
999000034,2018-04-22T23:58:20,29.17890,-89.25828,0.0,325.1,244.0,SYN-VESSEL-34,,SYN034,,15,,,,,A
999000034,2018-04-22T23:57:09,29.17891,-89.25829,0.0,328.7,244.0,SYN-VESSEL-34,,SYN034,,15,,,,,A
999000034,2018-04-22T18:58:33,29.17891,-89.25828,0.0,94.1,246.0,SYN-VESSEL-34,,SYN034,,15,,,,,A
999000034,2018-04-22T18:54:34,29.17891,-89.25828,0.0,269.3,246.0,SYN-VESSEL-34,,SYN034,,15,,,,,A
999000034,2018-04-22T19:03:14,29.16562,-89.25639,22.9,164.9,172.0,SYN-VESSEL-34,,SYN034,,15,,,,,A
999000034,2018-04-22T19:04:32,29.16568,-89.25622,5.9,329.5,221.0,SYN-VESSEL-34,,SYN034,,15,,,,,A
999000034,2018-04-22T19:00:05,29.17891,-89.25828,0.0,170.4,245.0,SYN-VESSEL-34,,SYN034,,15,,,,,A
999000034,2018-04-22T18:59:44,29.17891,-89.25828,0.0,145.6,246.0,SYN-VESSEL-34,,SYN034,,15,,,,,A
999000034,2018-04-22T19:01:11,29.17867,-89.25894,8.0,229.9,191.0,SYN-VESSEL-34,,SYN034,,15,,,,,A
999000034,2018-04-22T19:02:12,29.17337,-89.25839,26.0,170.0,170.0,SYN-VESSEL-34,,SYN034,,15,,,,,A
999000034,2018-04-22T19:12:05,29.17891,-89.25826,0.0,222.6,244.0,SYN-VESSEL-34,,SYN034,,15,,,,,A
999000034,2018-04-22T19:10:30,29.17891,-89.25828,0.0,303.5,245.0,SYN-VESSEL-34,,SYN034,,15,,,,,A
999000034,2018-04-22T19:09:28,29.17891,-89.25827,0.0,110.9,244.0,SYN-VESSEL-34,,SYN034,,15,,,,,A
999000034,2018-04-22T19:07:08,29.17807,-89.25903,17.3,351.7,18.0,SYN-VESSEL-34,,SYN034,,15,,,,,A
999000034,2018-04-22T19:05:34,29.16809,-89.25545,21.6,351.3,345.0,SYN-VESSEL-34,,SYN034,,15,,,,,A
999000034,2018-04-22T19:08:26,29.17891,-89.25828,0.1,81.8,245.0,SYN-VESSEL-34,,SYN034,,15,,,,,A
999000034,2018-04-22T19:14:35,29.17892,-89.25827,0.0,89.6,245.0,SYN-VESSEL-34,,SYN034,,15,,,,,A
999000034,2018-04-22T19:13:16,29.17891,-89.25827,0.0,232.7,245.0,SYN-VESSEL-34,,SYN034,,15,,,,,A
999000034,2018-04-22T19:16:56,29.17891,-89.25827,0.0,209.5,244.0,SYN-VESSEL-34,,SYN034,,15,,,,,A
999000034,2018-04-22T19:15:46,29.17892,-89.25827,0.0,256.5,244.0,SYN-VESSEL-34,,SYN034,,15,,,,,A
999000034,2018-04-22T19:20:35,29.17892,-89.25826,0.0,217.9,245.0,SYN-VESSEL-34,,SYN034,,15,,,,,A
999000034,2018-04-22T19:18:06,29.17891,-89.25829,0.0,210.1,244.0,SYN-VESSEL-34,,SYN034,,15,,,,,A
999000034,2018-04-22T19:21:45,29.17891,-89.25827,0.0,245.3,244.0,SYN-VESSEL-34,,SYN034,,15,,,,,A
999000034,2018-04-22T23:55:59,29.17890,-89.25828,0.0,223.0,242.0,SYN-VESSEL-34,,SYN034,,15,,,,,A
999000034,2018-04-22T23:53:50,29.17890,-89.25827,0.0,274.8,243.0,SYN-VESSEL-34,,SYN034,,15,,,,,A
999000034,2018-04-22T23:46:19,29.17890,-89.25828,0.0,281.9,242.0,SYN-VESSEL-34,,SYN034,,15,,,,,A
999000034,2018-04-22T23:44:59,29.17891,-89.25828,0.0,176.1,245.0,SYN-VESSEL-34,,SYN034,,15,,,,,A
999000034,2018-04-22T23:43:40,29.17891,-89.25829,0.0,331.5,243.0,SYN-VESSEL-34,,SYN034,,15,,,,,A
999000034,2018-04-22T23:48:40,29.17890,-89.25827,0.0,328.5,242.0,SYN-VESSEL-34,,SYN034,,15,,,,,A
999000034,2018-04-22T23:50:09,29.17891,-89.25828,0.0,295.2,244.0,SYN-VESSEL-34,,SYN034,,15,,,,,A
999000034,2018-04-22T23:40:30,29.17891,-89.25828,0.0,291.4,244.0,SYN-VESSEL-34,,SYN034,,15,,,,,A
999000034,2018-04-22T23:42:30,29.17891,-89.25828,0.0,328.7,242.0,SYN-VESSEL-34,,SYN034,,15,,,,,A
999000034,2018-04-22T23:35:44,29.17892,-89.25829,0.0,256.0,244.0,SYN-VESSEL-34,,SYN034,,15,,,,,A
999000034,2018-04-22T23:37:09,29.17890,-89.25828,0.0,69.6,244.0,SYN-VESSEL-34,,SYN034,,15,,,,,A
999000034,2018-04-22T23:38:49,29.17890,-89.25827,0.0,309.9,243.0,SYN-VESSEL-34,,SYN034,,15,,,,,A
999000034,2018-04-22T23:19:46,29.17891,-89.25828,0.0,337.5,244.0,SYN-VESSEL-34,,SYN034,,15,,,,,A
999000034,2018-04-22T23:20:56,29.17892,-89.25828,0.0,300.6,243.0,SYN-VESSEL-34,,SYN034,,15,,,,,A
999000034,2018-04-22T23:23:55,29.17892,-89.25828,0.0,310.6,244.0,SYN-VESSEL-34,,SYN034,,15,,,,,A
999000034,2018-04-22T23:22:46,29.17891,-89.25827,0.0,325.1,244.0,SYN-VESSEL-34,,SYN034,,15,,,,,A
999000034,2018-04-22T23:30:25,29.17541,-89.25909,29.2,170.1,171.0,SYN-VESSEL-34,,SYN034,,15,,,,,A
999000034,2018-04-22T23:27:26,29.17892,-89.25826,0.0,333.9,244.0,SYN-VESSEL-34,,SYN034,,15,,,,,A
999000034,2018-04-22T23:25:05,29.17892,-89.25827,0.0,124.4,244.0,SYN-VESSEL-34,,SYN034,,15,,,,,A
999000034,2018-04-22T23:26:16,29.17891,-89.25827,0.0,5.7,244.0,SYN-VESSEL-34,,SYN034,,15,,,,,A
999000034,2018-04-22T23:31:50,29.17227,-89.25888,12.5,334.9,340.0,SYN-VESSEL-34,,SYN034,,15,,,,,A
999000034,2018-04-22T23:33:12,29.17740,-89.25914,20.2,7.7,0.0,SYN-VESSEL-34,,SYN034,,15,,,,,A
999000034,2018-04-22T23:34:30,29.17890,-89.25828,0.2,192.1,241.0,SYN-VESSEL-34,,SYN034,,15,,,,,A
999000034,2018-04-22T18:12:43,29.17892,-89.25827,0.0,217.1,244.0,SYN-VESSEL-34,,SYN034,,15,,,,,A
999000034,2018-04-22T18:11:05,29.17891,-89.25826,0.0,234.3,245.0,SYN-VESSEL-34,,SYN034,,15,,,,,A
999000034,2018-04-22T18:09:54,29.17891,-89.25827,0.0,230.6,244.0,SYN-VESSEL-34,,SYN034,,15,,,,,A
999000034,2018-04-22T18:08:43,29.17891,-89.25827,0.0,54.6,245.0,SYN-VESSEL-34,,SYN034,,15,,,,,A
999000034,2018-04-22T18:07:24,29.17890,-89.25826,0.0,165.4,245.0,SYN-VESSEL-34,,SYN034,,15,,,,,A
999000034,2018-04-22T18:01:13,29.17891,-89.25828,0.0,204.3,245.0,SYN-VESSEL-34,,SYN034,,15,,,,,A
999000034,2018-04-22T18:00:04,29.17891,-89.25828,0.0,217.8,246.0,SYN-VESSEL-34,,SYN034,,15,,,,,A
999000034,2018-04-22T18:02:23,29.17891,-89.25827,0.0,210.7,245.0,SYN-VESSEL-34,,SYN034,,15,,,,,A
999000034,2018-04-22T18:03:43,29.17892,-89.25826,0.0,220.1,245.0,SYN-VESSEL-34,,SYN034,,15,,,,,A
999000034,2018-04-22T18:04:54,29.17891,-89.25827,0.0,279.2,245.0,SYN-VESSEL-34,,SYN034,,15,,,,,A
999000034,2018-04-22T18:06:13,29.17891,-89.25827,0.0,222.3,245.0,SYN-VESSEL-34,,SYN034,,15,,,,,A
999000034,2018-04-22T18:15:20,29.17767,-89.25913,18.4,174.7,172.0,SYN-VESSEL-34,,SYN034,,15,,,,,A
999000034,2018-04-22T18:13:54,29.17891,-89.25827,0.0,246.8,245.0,SYN-VESSEL-34,,SYN034,,15,,,,,A
999000034,2018-04-22T20:09:43,29.17891,-89.25827,0.0,315.8,243.0,SYN-VESSEL-34,,SYN034,,15,,,,,A
999000034,2018-04-22T20:06:28,29.17891,-89.25827,0.0,255.4,245.0,SYN-VESSEL-34,,SYN034,,15,,,,,A
999000034,2018-04-22T20:07:58,29.17891,-89.25828,0.0,319.3,245.0,SYN-VESSEL-34,,SYN034,,15,,,,,A
999000034,2018-04-22T20:05:26,29.17890,-89.25827,0.1,70.0,242.0,SYN-VESSEL-34,,SYN034,,15,,,,,A
999000034,2018-04-22T20:03:22,29.18575,-89.26255,30.1,157.6,160.0,SYN-VESSEL-34,,SYN034,,15,,,,,A
999000034,2018-04-22T20:04:24,29.17885,-89.25914,10.1,124.8,58.0,SYN-VESSEL-34,,SYN034,,15,,,,,A
999000034,2018-04-22T20:02:04,29.19518,-89.26823,26.5,137.8,143.0,SYN-VESSEL-34,,SYN034,,15,,,,,A
999000034,2018-04-22T20:01:02,29.19809,-89.27074,3.9,318.5,230.0,SYN-VESSEL-34,,SYN034,,15,,,,,A
999000034,2018-04-22T20:00:00,29.19607,-89.26950,13.7,329.4,327.0,SYN-VESSEL-34,,SYN034,,15,,,,,A
999000034,2018-04-22T20:12:54,29.17891,-89.25827,0.0,215.1,244.0,SYN-VESSEL-34,,SYN034,,15,,,,,A
999000034,2018-04-22T20:11:43,29.17891,-89.25827,0.0,9.4,244.0,SYN-VESSEL-34,,SYN034,,15,,,,,A
999000034,2018-04-22T20:14:43,29.17892,-89.25828,0.0,265.2,243.0,SYN-VESSEL-34,,SYN034,,15,,,,,A
999000034,2018-04-22T20:15:53,29.17891,-89.25828,0.0,271.6,246.0,SYN-VESSEL-34,,SYN034,,15,,,,,A
999000034,2018-04-22T20:19:04,29.17891,-89.25828,0.0,243.0,245.0,SYN-VESSEL-34,,SYN034,,15,,,,,A
999000034,2018-04-22T20:17:53,29.17891,-89.25827,0.0,245.9,244.0,SYN-VESSEL-34,,SYN034,,15,,,,,A
999000034,2018-04-22T20:23:13,29.17891,-89.25827,0.0,202.8,244.0,SYN-VESSEL-34,,SYN034,,15,,,,,A
999000034,2018-04-22T20:20:15,29.17891,-89.25827,0.0,246.8,244.0,SYN-VESSEL-34,,SYN034,,15,,,,,A
999000034,2018-04-22T20:29:13,29.17892,-89.25827,0.0,188.8,244.0,SYN-VESSEL-34,,SYN034,,15,,,,,A
999000034,2018-04-22T20:25:33,29.17891,-89.25828,0.0,271.4,245.0,SYN-VESSEL-34,,SYN034,,15,,,,,A
999000034,2018-04-22T20:24:25,29.17891,-89.25827,0.0,317.6,245.0,SYN-VESSEL-34,,SYN034,,15,,,,,A
999000034,2018-04-22T22:40:50,29.17891,-89.25829,0.0,160.1,244.0,SYN-VESSEL-34,,SYN034,,15,,,,,A
999000034,2018-04-22T22:43:40,29.17890,-89.25828,0.0,259.8,244.0,SYN-VESSEL-34,,SYN034,,15,,,,,A
999000034,2018-04-22T22:42:19,29.17890,-89.25829,0.0,278.5,244.0,SYN-VESSEL-34,,SYN034,,15,,,,,A
999000034,2018-04-22T22:39:10,29.17890,-89.25827,0.0,3.6,243.0,SYN-VESSEL-34,,SYN034,,15,,,,,A
999000034,2018-04-22T22:38:04,29.17893,-89.25828,0.8,122.2,246.0,SYN-VESSEL-34,,SYN034,,15,,,,,A
999000034,2018-04-22T22:27:45,29.17891,-89.25826,0.0,101.1,243.0,SYN-VESSEL-34,,SYN034,,15,,,,,A
999000034,2018-04-22T22:26:25,29.17891,-89.25826,0.0,319.8,243.0,SYN-VESSEL-34,,SYN034,,15,,,,,A
999000034,2018-04-22T22:28:56,29.17890,-89.25827,0.0,55.1,243.0,SYN-VESSEL-34,,SYN034,,15,,,,,A
999000034,2018-04-22T22:32:38,29.17759,-89.25911,16.8,174.0,167.0,SYN-VESSEL-34,,SYN034,,15,,,,,A
999000034,2018-04-22T22:31:25,29.17891,-89.25827,0.1,250.9,241.0,SYN-VESSEL-34,,SYN034,,15,,,,,A
999000034,2018-04-22T22:36:04,29.17023,-89.25625,24.7,349.4,347.0,SYN-VESSEL-34,,SYN034,,15,,,,,A
999000034,2018-04-22T22:34:50,29.16560,-89.25580,6.2,329.3,341.0,SYN-VESSEL-34,,SYN034,,15,,,,,A
999000034,2018-04-22T22:20:55,29.17890,-89.25826,0.0,327.9,244.0,SYN-VESSEL-34,,SYN034,,15,,,,,A
999000034,2018-04-22T22:22:07,29.17891,-89.25828,0.0,71.9,243.0,SYN-VESSEL-34,,SYN034,,15,,,,,A
999000034,2018-04-22T22:24:05,29.17891,-89.25827,0.0,80.2,242.0,SYN-VESSEL-34,,SYN034,,15,,,,,A
999000034,2018-04-22T22:12:05,29.17890,-89.25827,0.0,150.6,243.0,SYN-VESSEL-34,,SYN034,,15,,,,,A
999000034,2018-04-22T22:13:16,29.17890,-89.25827,0.0,4.5,243.0,SYN-VESSEL-34,,SYN034,,15,,,,,A
999000034,2018-04-22T22:19:15,29.17891,-89.25826,0.0,70.3,243.0,SYN-VESSEL-34,,SYN034,,15,,,,,A
999000034,2018-04-22T22:17:55,29.17891,-89.25827,0.0,249.4,244.0,SYN-VESSEL-34,,SYN034,,15,,,,,A
999000034,2018-04-22T22:15:45,29.17891,-89.25828,0.0,198.4,243.0,SYN-VESSEL-34,,SYN034,,15,,,,,A
999000034,2018-04-22T22:14:25,29.17891,-89.25827,0.0,177.9,243.0,SYN-VESSEL-34,,SYN034,,15,,,,,A
999000034,2018-04-22T21:37:05,29.17891,-89.25827,0.0,222.5,245.0,SYN-VESSEL-34,,SYN034,,15,,,,,A
999000034,2018-04-22T21:04:44,29.17891,-89.25827,0.0,265.9,245.0,SYN-VESSEL-34,,SYN034,,15,,,,,A
999000034,2018-04-22T21:06:13,29.17891,-89.25827,0.0,261.7,245.0,SYN-VESSEL-34,,SYN034,,15,,,,,A
999000034,2018-04-22T21:08:24,29.17891,-89.25827,0.0,279.7,244.0,SYN-VESSEL-34,,SYN034,,15,,,,,A
999000034,2018-04-22T21:07:14,29.17891,-89.25827,0.0,276.1,245.0,SYN-VESSEL-34,,SYN034,,15,,,,,A
999000034,2018-04-22T21:11:24,29.17891,-89.25827,0.0,275.6,245.0,SYN-VESSEL-34,,SYN034,,15,,,,,A
999000034,2018-04-22T21:09:33,29.17891,-89.25827,0.0,314.9,245.0,SYN-VESSEL-34,,SYN034,,15,,,,,A
999000034,2018-04-22T21:17:42,29.18211,-89.26086,24.4,333.4,332.0,SYN-VESSEL-34,,SYN034,,15,,,,,A
999000034,2018-04-22T21:16:27,29.17887,-89.25845,3.9,245.4,257.0,SYN-VESSEL-34,,SYN034,,15,,,,,A
999000034,2018-04-22T21:18:54,29.18657,-89.26372,5.7,182.5,167.0,SYN-VESSEL-34,,SYN034,,15,,,,,A
999000034,2018-04-22T21:12:34,29.17891,-89.25827,0.0,258.7,244.0,SYN-VESSEL-34,,SYN034,,15,,,,,A
999000034,2018-04-22T21:13:54,29.17891,-89.25828,0.0,198.9,244.0,SYN-VESSEL-34,,SYN034,,15,,,,,A
999000034,2018-04-22T21:28:46,29.15742,-89.25335,25.0,5.1,356.0,SYN-VESSEL-34,,SYN034,,15,,,,,A
999000034,2018-04-22T21:30:08,29.16699,-89.25490,25.9,342.2,342.0,SYN-VESSEL-34,,SYN034,,15,,,,,A
999000034,2018-04-22T21:27:32,29.15405,-89.25523,12.1,184.7,188.0,SYN-VESSEL-34,,SYN034,,15,,,,,A
999000034,2018-04-22T21:32:30,29.17895,-89.25830,1.2,119.4,251.0,SYN-VESSEL-34,,SYN034,,15,,,,,A
999000034,2018-04-22T21:33:54,29.17892,-89.25827,0.0,69.2,244.0,SYN-VESSEL-34,,SYN034,,15,,,,,A
999000034,2018-04-22T21:35:08,29.17892,-89.25827,0.0,302.4,245.0,SYN-VESSEL-34,,SYN034,,15,,,,,A
999000034,2018-04-22T21:22:22,29.17892,-89.25828,0.0,202.4,239.0,SYN-VESSEL-34,,SYN034,,15,,,,,A
999000034,2018-04-22T21:20:22,29.18129,-89.26105,22.5,139.1,144.0,SYN-VESSEL-34,,SYN034,,15,,,,,A
999000034,2018-04-22T21:23:24,29.17892,-89.25828,0.0,153.9,244.0,SYN-VESSEL-34,,SYN034,,15,,,,,A
999000034,2018-04-22T21:24:28,29.17629,-89.25889,27.6,169.2,169.0,SYN-VESSEL-34,,SYN034,,15,,,,,A
999000034,2018-04-22T21:26:04,29.16271,-89.25546,31.4,170.5,177.0,SYN-VESSEL-34,,SYN034,,15,,,,,A
999000034,2018-04-22T22:10:15,29.17891,-89.25827,0.0,276.3,243.0,SYN-VESSEL-34,,SYN034,,15,,,,,A
999000034,2018-04-22T22:07:16,29.17891,-89.25828,0.0,306.4,244.0,SYN-VESSEL-34,,SYN034,,15,,,,,A
999000034,2018-04-22T22:09:05,29.17890,-89.25827,0.0,178.7,243.0,SYN-VESSEL-34,,SYN034,,15,,,,,A
999000034,2018-04-22T22:06:06,29.17891,-89.25827,0.0,279.7,244.0,SYN-VESSEL-34,,SYN034,,15,,,,,A
999000034,2018-04-22T22:04:55,29.17891,-89.25827,0.0,191.0,244.0,SYN-VESSEL-34,,SYN034,,15,,,,,A
999000034,2018-04-22T22:03:35,29.17892,-89.25828,0.0,155.9,244.0,SYN-VESSEL-34,,SYN034,,15,,,,,A
999000034,2018-04-22T22:02:25,29.17891,-89.25827,0.0,199.4,243.0,SYN-VESSEL-34,,SYN034,,15,,,,,A
999000034,2018-04-22T22:00:06,29.17891,-89.25828,0.1,75.5,244.0,SYN-VESSEL-34,,SYN034,,15,,,,,A
999000034,2018-04-22T22:01:15,29.17891,-89.25828,0.0,196.7,244.0,SYN-VESSEL-34,,SYN034,,15,,,,,A
999000034,2018-04-22T21:59:46,29.17891,-89.25829,0.1,267.4,245.0,SYN-VESSEL-34,,SYN034,,15,,,,,A
999000034,2018-04-22T21:58:15,29.17891,-89.25828,0.0,198.6,244.0,SYN-VESSEL-34,,SYN034,,15,,,,,A
999000034,2018-04-22T21:49:36,29.17891,-89.25827,0.0,101.6,244.0,SYN-VESSEL-34,,SYN034,,15,,,,,A
999000034,2018-04-22T21:51:05,29.17891,-89.25827,0.0,217.5,244.0,SYN-VESSEL-34,,SYN034,,15,,,,,A
999000034,2018-04-22T21:52:36,29.17891,-89.25827,0.0,233.4,244.0,SYN-VESSEL-34,,SYN034,,15,,,,,A
999000034,2018-04-22T21:42:16,29.17891,-89.25828,0.0,201.6,244.0,SYN-VESSEL-34,,SYN034,,15,,,,,A
999000034,2018-04-22T21:44:56,29.17891,-89.25829,0.0,196.9,244.0,SYN-VESSEL-34,,SYN034,,15,,,,,A
999000034,2018-04-22T21:48:15,29.17891,-89.25828,0.0,232.3,244.0,SYN-VESSEL-34,,SYN034,,15,,,,,A
999000034,2018-04-22T21:43:26,29.17891,-89.25828,0.0,255.5,244.0,SYN-VESSEL-34,,SYN034,,15,,,,,A
999000034,2018-04-22T21:39:05,29.17892,-89.25829,0.0,310.0,244.0,SYN-VESSEL-34,,SYN034,,15,,,,,A
999000034,2018-04-22T19:55:28,29.17896,-89.25839,3.3,92.0,239.0,SYN-VESSEL-34,,SYN034,,15,,,,,A
999000034,2018-04-22T19:56:30,29.17874,-89.25889,7.4,257.6,294.0,SYN-VESSEL-34,,SYN034,,15,,,,,A
999000034,2018-04-22T19:57:32,29.18209,-89.26097,21.9,340.4,340.0,SYN-VESSEL-34,,SYN034,,15,,,,,A
999000034,2018-04-22T19:59:12,29.19229,-89.26662,24.7,322.3,322.0,SYN-VESSEL-34,,SYN034,,15,,,,,A
999000034,2018-04-22T19:40:34,29.18683,-89.26531,11.9,151.7,164.0,SYN-VESSEL-34,,SYN034,,15,,,,,A
999000034,2018-04-22T19:44:22,29.17890,-89.25827,0.0,150.4,243.0,SYN-VESSEL-34,,SYN034,,15,,,,,A
999000034,2018-04-22T19:46:42,29.17890,-89.25828,0.0,0.6,244.0,SYN-VESSEL-34,,SYN034,,15,,,,,A
999000034,2018-04-22T19:49:48,29.18826,-89.26490,25.2,332.4,333.0,SYN-VESSEL-34,,SYN034,,15,,,,,A
999000034,2018-04-22T19:52:28,29.19129,-89.26775,10.9,154.6,150.0,SYN-VESSEL-34,,SYN034,,15,,,,,A
999000034,2018-04-22T19:51:06,29.19549,-89.26988,9.4,223.3,162.0,SYN-VESSEL-34,,SYN034,,15,,,,,A
999000034,2018-04-22T19:48:28,29.18038,-89.26054,17.2,337.5,341.0,SYN-VESSEL-34,,SYN034,,15,,,,,A
999000034,2018-04-22T19:53:42,29.18781,-89.26486,28.2,149.1,153.0,SYN-VESSEL-34,,SYN034,,15,,,,,A
999000034,2018-04-22T19:24:26,29.17891,-89.25828,0.0,201.3,245.0,SYN-VESSEL-34,,SYN034,,15,,,,,A
999000034,2018-04-22T19:26:46,29.17891,-89.25827,0.0,155.7,245.0,SYN-VESSEL-34,,SYN034,,15,,,,,A
999000034,2018-04-22T19:25:35,29.17891,-89.25827,0.0,42.2,245.0,SYN-VESSEL-34,,SYN034,,15,,,,,A
999000034,2018-04-22T19:34:35,29.17891,-89.25828,0.0,242.4,246.0,SYN-VESSEL-34,,SYN034,,15,,,,,A
999000034,2018-04-22T19:35:46,29.17891,-89.25832,1.0,268.2,245.0,SYN-VESSEL-34,,SYN034,,15,,,,,A
999000034,2018-04-22T19:37:16,29.18215,-89.26184,22.9,327.2,328.0,SYN-VESSEL-34,,SYN034,,15,,,,,A
999000034,2018-04-22T19:38:24,29.18878,-89.26645,25.1,330.8,332.0,SYN-VESSEL-34,,SYN034,,15,,,,,A
999000034,2018-04-22T19:39:32,29.18986,-89.26723,11.4,153.5,161.0,SYN-VESSEL-34,,SYN034,,15,,,,,A
999000034,2018-04-22T19:30:55,29.17891,-89.25828,0.0,213.2,245.0,SYN-VESSEL-34,,SYN034,,15,,,,,A
999000034,2018-04-22T19:27:57,29.17892,-89.25828,0.0,92.8,245.0,SYN-VESSEL-34,,SYN034,,15,,,,,A
999000034,2018-04-22T19:32:35,29.17891,-89.25828,0.0,276.6,245.0,SYN-VESSEL-34,,SYN034,,15,,,,,A
999000034,2018-04-22T22:48:40,29.17891,-89.25829,0.0,269.9,244.0,SYN-VESSEL-34,,SYN034,,15,,,,,A
999000034,2018-04-22T22:46:19,29.17891,-89.25828,0.0,120.3,244.0,SYN-VESSEL-34,,SYN034,,15,,,,,A
999000034,2018-04-22T22:49:50,29.17891,-89.25829,0.0,229.9,244.0,SYN-VESSEL-34,,SYN034,,15,,,,,A
999000034,2018-04-22T22:55:16,29.17896,-89.25842,5.5,75.8,196.0,SYN-VESSEL-34,,SYN034,,15,,,,,A
999000034,2018-04-22T22:53:46,29.18623,-89.26389,26.8,145.8,147.0,SYN-VESSEL-34,,SYN034,,15,,,,,A
999000034,2018-04-22T22:51:29,29.18234,-89.26135,24.8,332.4,333.0,SYN-VESSEL-34,,SYN034,,15,,,,,A
999000034,2018-04-22T22:56:24,29.17891,-89.25828,0.1,266.8,245.0,SYN-VESSEL-34,,SYN034,,15,,,,,A
999000034,2018-04-22T22:58:46,29.17891,-89.25827,0.1,315.0,242.0,SYN-VESSEL-34,,SYN034,,15,,,,,A
999000034,2018-04-22T22:59:56,29.17891,-89.25828,0.0,298.7,243.0,SYN-VESSEL-34,,SYN034,,15,,,,,A
999000034,2018-04-22T23:00:06,29.17891,-89.25828,0.0,301.1,243.0,SYN-VESSEL-34,,SYN034,,15,,,,,A
999000034,2018-04-22T23:01:15,29.17891,-89.25828,0.0,286.8,243.0,SYN-VESSEL-34,,SYN034,,15,,,,,A
999000034,2018-04-22T23:04:56,29.17890,-89.25827,0.0,240.4,243.0,SYN-VESSEL-34,,SYN034,,15,,,,,A
999000034,2018-04-22T23:07:16,29.17891,-89.25826,0.0,319.0,243.0,SYN-VESSEL-34,,SYN034,,15,,,,,A
999000034,2018-04-22T23:06:06,29.17891,-89.25827,0.0,350.9,243.0,SYN-VESSEL-34,,SYN034,,15,,,,,A
999000034,2018-04-22T23:02:26,29.17891,-89.25828,0.0,296.3,244.0,SYN-VESSEL-34,,SYN034,,15,,,,,A
999000034,2018-04-22T23:03:35,29.17891,-89.25829,0.0,275.7,241.0,SYN-VESSEL-34,,SYN034,,15,,,,,A
999000034,2018-04-22T23:13:26,29.17890,-89.25827,0.0,270.1,243.0,SYN-VESSEL-34,,SYN034,,15,,,,,A
999000034,2018-04-22T23:14:56,29.17891,-89.25828,0.0,286.1,243.0,SYN-VESSEL-34,,SYN034,,15,,,,,A
999000034,2018-04-22T23:12:05,29.17891,-89.25827,0.0,263.4,243.0,SYN-VESSEL-34,,SYN034,,15,,,,,A
999000034,2018-04-22T23:10:16,29.17891,-89.25828,0.0,253.6,243.0,SYN-VESSEL-34,,SYN034,,15,,,,,A
999000034,2018-04-22T23:08:26,29.17891,-89.25826,0.0,283.4,244.0,SYN-VESSEL-34,,SYN034,,15,,,,,A
999000034,2018-04-22T23:17:46,29.17891,-89.25828,0.0,226.6,244.0,SYN-VESSEL-34,,SYN034,,15,,,,,A
999000034,2018-04-22T23:16:16,29.17891,-89.25828,0.0,287.0,243.0,SYN-VESSEL-34,,SYN034,,15,,,,,A
999000046,2018-04-22T19:31:46,29.17907,-89.26360,0.0,104.8,511.0,SYN-VESSEL-46,,SYN046,31,0,20,,,,A
999000046,2018-04-22T19:30:16,29.17907,-89.26366,0.5,74.6,511.0,SYN-VESSEL-46,,SYN046,31,0,20,,,,A
999000063,2018-04-22T23:54:30,28.93848,-89.02034,10.5,237.7,237.0,SYN-VESSEL-63,IMO9990063,SYN063,31,0,37,11,,80,A
999000063,2018-04-22T23:53:09,28.94061,-89.01648,10.5,237.7,237.0,SYN-VESSEL-63,IMO9990063,SYN063,31,0,37,11,,80,A
999000063,2018-04-22T23:55:50,28.93644,-89.02405,10.6,238.1,237.0,SYN-VESSEL-63,IMO9990063,SYN063,31,0,37,11,,80,A
999000063,2018-04-22T23:39:20,28.96201,-88.97798,10.2,237.5,237.0,SYN-VESSEL-63,IMO9990063,SYN063,31,0,37,11,,80,A
999000063,2018-04-22T23:38:10,28.96384,-88.97470,10.3,237.0,237.0,SYN-VESSEL-63,IMO9990063,SYN063,31,0,37,11,,80,A
999000063,2018-04-22T23:42:19,28.95747,-88.98624,10.2,237.9,237.0,SYN-VESSEL-63,IMO9990063,SYN063,31,0,37,11,,80,A
999000063,2018-04-22T23:35:49,28.96749,-88.96821,10.3,237.6,237.0,SYN-VESSEL-63,IMO9990063,SYN063,31,0,37,11,,80,A
999000063,2018-04-22T23:34:39,28.96931,-88.96496,10.3,237.8,237.0,SYN-VESSEL-63,IMO9990063,SYN063,31,0,37,11,,80,A
999000063,2018-04-22T23:44:29,28.95414,-88.99228,10.3,237.4,237.0,SYN-VESSEL-63,IMO9990063,SYN063,31,0,37,11,,80,A
999000063,2018-04-22T23:47:49,28.94898,-89.00152,10.4,237.4,237.0,SYN-VESSEL-63,IMO9990063,SYN063,31,0,37,11,,80,A
999000063,2018-04-22T23:51:30,28.94320,-89.01184,10.5,237.6,237.0,SYN-VESSEL-63,IMO9990063,SYN063,31,0,37,11,,80,A
999000063,2018-04-22T23:22:19,28.98869,-88.93089,10.2,236.9,237.0,SYN-VESSEL-63,IMO9990063,SYN063,31,0,37,11,,80,A
999000063,2018-04-22T23:24:19,28.98552,-88.93638,10.3,236.8,237.0,SYN-VESSEL-63,IMO9990063,SYN063,31,0,37,11,,80,A
999000063,2018-04-22T23:21:10,28.99050,-88.92769,10.3,236.5,237.0,SYN-VESSEL-63,IMO9990063,SYN063,31,0,37,11,,80,A
999000063,2018-04-22T23:20:09,28.99206,-88.92495,10.2,237.0,237.0,SYN-VESSEL-63,IMO9990063,SYN063,31,0,37,11,,80,A
999000063,2018-04-22T23:27:19,28.98074,-88.94472,10.3,237.2,237.0,SYN-VESSEL-63,IMO9990063,SYN063,31,0,37,11,,80,A
999000063,2018-04-22T23:29:19,28.97759,-88.95017,10.3,236.7,237.0,SYN-VESSEL-63,IMO9990063,SYN063,31,0,37,11,,80,A
999000063,2018-04-22T23:31:20,28.97443,-88.95584,10.4,237.3,237.0,SYN-VESSEL-63,IMO9990063,SYN063,31,0,37,11,,80,A
999000063,2018-04-22T23:33:10,28.97160,-88.96088,10.3,237.4,237.0,SYN-VESSEL-63,IMO9990063,SYN063,31,0,37,11,,80,A
999000063,2018-04-22T23:57:09,28.93439,-89.02779,10.5,238.0,237.0,SYN-VESSEL-63,IMO9990063,SYN063,31,0,37,11,,80,A
999000063,2018-04-22T23:58:49,28.93181,-89.03255,10.6,237.9,237.0,SYN-VESSEL-63,IMO9990063,SYN063,31,0,37,11,,80,A
999000063,2018-04-22T22:32:49,29.07063,-88.80215,9.2,184.8,213.0,SYN-VESSEL-63,IMO9990063,SYN063,31,0,37,11,,80,A
999000063,2018-04-22T22:30:49,29.07626,-88.80265,10.0,173.0,180.0,SYN-VESSEL-63,IMO9990063,SYN063,31,0,37,11,,80,A
999000063,2018-04-22T22:29:30,29.07981,-88.80372,10.7,161.5,166.0,SYN-VESSEL-63,IMO9990063,SYN063,31,0,37,11,,80,A
999000063,2018-04-22T22:24:59,29.09286,-88.80873,10.8,160.8,166.0,SYN-VESSEL-63,IMO9990063,SYN063,31,0,37,11,,80,A
999000063,2018-04-22T22:27:30,29.08563,-88.80598,10.8,161.9,166.0,SYN-VESSEL-63,IMO9990063,SYN063,31,0,37,11,,80,A
999000063,2018-04-22T22:41:20,29.05542,-88.82111,10.0,232.6,235.0,SYN-VESSEL-63,IMO9990063,SYN063,31,0,37,11,,80,A
999000063,2018-04-22T22:39:20,29.05883,-88.81610,10.0,232.4,235.0,SYN-VESSEL-63,IMO9990063,SYN063,31,0,37,11,,80,A
999000063,2018-04-22T22:35:49,29.06478,-88.80734,9.5,229.8,235.0,SYN-VESSEL-63,IMO9990063,SYN063,31,0,37,11,,80,A
999000063,2018-04-22T22:37:49,29.06141,-88.81226,9.9,232.0,235.0,SYN-VESSEL-63,IMO9990063,SYN063,31,0,37,11,,80,A
999000063,2018-04-22T22:23:49,29.09621,-88.81004,10.8,160.4,166.0,SYN-VESSEL-63,IMO9990063,SYN063,31,0,37,11,,80,A
999000063,2018-04-22T22:21:29,29.10286,-88.81268,10.8,160.4,166.0,SYN-VESSEL-63,IMO9990063,SYN063,31,0,37,11,,80,A
999000063,2018-04-22T22:22:39,29.09955,-88.81140,10.7,160.3,166.0,SYN-VESSEL-63,IMO9990063,SYN063,31,0,37,11,,80,A
999000063,2018-04-22T22:20:09,29.10672,-88.81426,10.8,160.3,166.0,SYN-VESSEL-63,IMO9990063,SYN063,31,0,37,11,,80,A
999000063,2018-04-22T22:15:40,29.11943,-88.81936,10.8,160.1,166.0,SYN-VESSEL-63,IMO9990063,SYN063,31,0,37,11,,80,A
999000063,2018-04-22T22:14:30,29.12282,-88.82074,10.9,159.6,166.0,SYN-VESSEL-63,IMO9990063,SYN063,31,0,37,11,,80,A
999000063,2018-04-22T22:18:20,29.11181,-88.81631,10.8,160.4,166.0,SYN-VESSEL-63,IMO9990063,SYN063,31,0,37,11,,80,A
999000063,2018-04-22T22:11:30,29.13134,-88.82426,10.8,160.2,166.0,SYN-VESSEL-63,IMO9990063,SYN063,31,0,37,11,,80,A
999000063,2018-04-22T22:13:20,29.12613,-88.82210,10.8,159.6,166.0,SYN-VESSEL-63,IMO9990063,SYN063,31,0,37,11,,80,A
999000063,2018-04-22T22:42:59,29.05254,-88.82542,10.2,232.7,235.0,SYN-VESSEL-63,IMO9990063,SYN063,31,0,37,11,,80,A
999000063,2018-04-22T22:10:09,29.13515,-88.82577,10.7,161.2,166.0,SYN-VESSEL-63,IMO9990063,SYN063,31,0,37,11,,80,A
999000063,2018-04-22T22:08:50,29.13889,-88.82725,10.8,160.5,167.0,SYN-VESSEL-63,IMO9990063,SYN063,31,0,37,11,,80,A
999000063,2018-04-22T22:07:39,29.14226,-88.82860,10.8,160.6,167.0,SYN-VESSEL-63,IMO9990063,SYN063,31,0,37,11,,80,A
999000063,2018-04-22T22:03:20,29.15451,-88.83341,10.7,160.5,167.0,SYN-VESSEL-63,IMO9990063,SYN063,31,0,37,11,,80,A
999000063,2018-04-22T22:02:10,29.15783,-88.83475,10.7,159.8,167.0,SYN-VESSEL-63,IMO9990063,SYN063,31,0,37,11,,80,A
999000063,2018-04-22T22:01:09,29.16068,-88.83592,10.6,159.7,167.0,SYN-VESSEL-63,IMO9990063,SYN063,31,0,37,11,,80,A
999000063,2018-04-22T22:05:00,29.14981,-88.83154,10.7,161.0,167.0,SYN-VESSEL-63,IMO9990063,SYN063,31,0,37,11,,80,A
999000063,2018-04-22T22:06:30,29.14560,-88.82990,10.8,161.2,167.0,SYN-VESSEL-63,IMO9990063,SYN063,31,0,37,11,,80,A
999000063,2018-04-22T22:00:00,29.16390,-88.83726,10.6,159.6,167.0,SYN-VESSEL-63,IMO9990063,SYN063,31,0,37,11,,80,A
999000063,2018-04-22T21:56:50,29.17271,-88.84086,10.6,160.4,167.0,SYN-VESSEL-63,IMO9990063,SYN063,31,0,37,11,,80,A
999000063,2018-04-22T21:58:39,29.16762,-88.83879,10.6,160.4,167.0,SYN-VESSEL-63,IMO9990063,SYN063,31,0,37,11,,80,A
999000063,2018-04-22T21:48:30,29.19622,-88.84999,10.6,161.6,168.0,SYN-VESSEL-63,IMO9990063,SYN063,31,0,37,11,,80,A
999000063,2018-04-22T21:47:20,29.19949,-88.85124,10.5,161.2,167.0,SYN-VESSEL-63,IMO9990063,SYN063,31,0,37,11,,80,A
999000063,2018-04-22T21:53:10,29.18307,-88.84499,10.6,161.6,167.0,SYN-VESSEL-63,IMO9990063,SYN063,31,0,37,11,,80,A
999000063,2018-04-22T23:16:59,28.99700,-88.91630,10.2,236.7,237.0,SYN-VESSEL-63,IMO9990063,SYN063,31,0,37,11,,80,A
999000063,2018-04-22T23:18:19,28.99492,-88.91994,10.2,236.7,237.0,SYN-VESSEL-63,IMO9990063,SYN063,31,0,37,11,,80,A
999000063,2018-04-22T23:15:49,28.99882,-88.91315,10.3,236.6,237.0,SYN-VESSEL-63,IMO9990063,SYN063,31,0,37,11,,80,A
999000063,2018-04-22T23:05:50,29.01479,-88.88582,10.2,235.2,237.0,SYN-VESSEL-63,IMO9990063,SYN063,31,0,37,11,,80,A
999000063,2018-04-22T23:04:39,29.01671,-88.88265,10.2,235.9,237.0,SYN-VESSEL-63,IMO9990063,SYN063,31,0,37,11,,80,A
999000063,2018-04-22T23:03:30,29.01857,-88.87954,10.3,235.4,237.0,SYN-VESSEL-63,IMO9990063,SYN063,31,0,37,11,,80,A
999000063,2018-04-22T23:02:29,29.02022,-88.87680,10.3,236.0,237.0,SYN-VESSEL-63,IMO9990063,SYN063,31,0,37,11,,80,A
999000063,2018-04-22T23:14:40,29.00068,-88.90996,10.3,236.4,237.0,SYN-VESSEL-63,IMO9990063,SYN063,31,0,37,11,,80,A
999000063,2018-04-22T23:12:59,29.00336,-88.90531,10.4,236.4,237.0,SYN-VESSEL-63,IMO9990063,SYN063,31,0,37,11,,80,A
999000063,2018-04-22T23:11:40,29.00543,-88.90174,10.3,236.2,237.0,SYN-VESSEL-63,IMO9990063,SYN063,31,0,37,11,,80,A
999000063,2018-04-22T23:09:40,29.00865,-88.89622,10.3,236.3,237.0,SYN-VESSEL-63,IMO9990063,SYN063,31,0,37,11,,80,A
999000063,2018-04-22T23:08:19,29.01076,-88.89257,10.2,236.3,237.0,SYN-VESSEL-63,IMO9990063,SYN063,31,0,37,11,,80,A
999000063,2018-04-22T23:06:59,29.01294,-88.88892,10.2,236.0,237.0,SYN-VESSEL-63,IMO9990063,SYN063,31,0,37,11,,80,A
999000063,2018-04-22T23:01:19,29.02207,-88.87367,10.2,235.9,238.0,SYN-VESSEL-63,IMO9990063,SYN063,31,0,37,11,,80,A
999000063,2018-04-22T23:00:09,29.02399,-88.87047,10.2,235.7,237.0,SYN-VESSEL-63,IMO9990063,SYN063,31,0,37,11,,80,A
999000063,2018-04-22T22:59:20,29.02530,-88.86826,10.2,236.0,237.0,SYN-VESSEL-63,IMO9990063,SYN063,31,0,37,11,,80,A
999000063,2018-04-22T22:54:10,29.03376,-88.85442,10.2,235.2,237.0,SYN-VESSEL-63,IMO9990063,SYN063,31,0,37,11,,80,A
999000063,2018-04-22T22:52:29,29.03649,-88.84994,10.2,234.6,237.0,SYN-VESSEL-63,IMO9990063,SYN063,31,0,37,11,,80,A
999000063,2018-04-22T22:48:20,29.04332,-88.83902,10.1,233.3,237.0,SYN-VESSEL-63,IMO9990063,SYN063,31,0,37,11,,80,A
999000063,2018-04-22T22:45:59,29.04742,-88.83303,10.2,231.9,235.0,SYN-VESSEL-63,IMO9990063,SYN063,31,0,37,11,,80,A
999000063,2018-04-22T22:47:10,29.04534,-88.83604,10.2,232.0,235.0,SYN-VESSEL-63,IMO9990063,SYN063,31,0,37,11,,80,A
999000063,2018-04-22T22:44:19,29.05028,-88.82877,10.0,233.1,235.0,SYN-VESSEL-63,IMO9990063,SYN063,31,0,37,11,,80,A
999000011,2018-04-22T22:16:10,29.11387,-89.26863,14.5,206.3,203.0,SYN-VESSEL-11,IMO9990011,SYN011,80,0,183,32,12.2,80,A
999000011,2018-04-22T22:14:28,29.11997,-89.26528,14.4,204.2,205.0,SYN-VESSEL-11,IMO9990011,SYN011,80,0,183,32,12.2,80,A
999000011,2018-04-22T22:12:46,29.12633,-89.26246,14.5,200.6,200.0,SYN-VESSEL-11,IMO9990011,SYN011,80,0,183,32,12.2,80,A
999000011,2018-04-22T22:22:58,29.08939,-89.28105,13.4,205.1,206.0,SYN-VESSEL-11,IMO9990011,SYN011,80,0,183,32,12.2,80,A
999000011,2018-04-22T22:24:36,29.08397,-89.28427,13.2,209.1,211.0,SYN-VESSEL-11,IMO9990011,SYN011,80,0,183,32,12.2,80,A
999000011,2018-04-22T22:18:58,29.10353,-89.27396,14.4,204.1,203.0,SYN-VESSEL-11,IMO9990011,SYN011,80,0,183,32,12.2,80,A
999000011,2018-04-22T22:20:46,29.09701,-89.27723,13.9,203.5,203.0,SYN-VESSEL-11,IMO9990011,SYN011,80,0,183,32,12.2,80,A
999000011,2018-04-22T22:17:46,29.10790,-89.27174,14.5,203.8,203.0,SYN-VESSEL-11,IMO9990011,SYN011,80,0,183,32,12.2,80,A
999000011,2018-04-22T22:25:46,29.08051,-89.28697,12.7,220.8,226.0,SYN-VESSEL-11,IMO9990011,SYN011,80,0,183,32,12.2,80,A
999000011,2018-04-22T22:27:36,29.07598,-89.29224,12.6,227.1,227.0,SYN-VESSEL-11,IMO9990011,SYN011,80,0,183,32,12.2,80,A
999000011,2018-04-22T22:28:37,29.07360,-89.29517,12.6,227.3,227.0,SYN-VESSEL-11,IMO9990011,SYN011,80,0,183,32,12.2,80,A
999000011,2018-04-22T21:54:04,29.19722,-89.27177,14.4,147.7,149.0,SYN-VESSEL-11,IMO9990011,SYN011,80,0,183,32,12.2,80,A
999000011,2018-04-22T21:55:22,29.19288,-89.26868,14.0,149.7,152.0,SYN-VESSEL-11,IMO9990011,SYN011,80,0,183,32,12.2,80,A
999000011,2018-04-22T21:56:40,29.18851,-89.26594,13.7,150.9,152.0,SYN-VESSEL-11,IMO9990011,SYN011,80,0,183,32,12.2,80,A
999000011,2018-04-22T22:02:22,29.16732,-89.25726,15.3,164.3,165.0,SYN-VESSEL-11,IMO9990011,SYN011,80,0,183,32,12.2,80,A
999000011,2018-04-22T22:03:28,29.16264,-89.25578,15.3,166.6,176.0,SYN-VESSEL-11,IMO9990011,SYN011,80,0,183,32,12.2,80,A
999000011,2018-04-22T22:04:41,29.15763,-89.25544,14.8,181.2,184.0,SYN-VESSEL-11,IMO9990011,SYN011,80,0,183,32,12.2,80,A
999000011,2018-04-22T22:05:46,29.15308,-89.25566,14.6,183.4,184.0,SYN-VESSEL-11,IMO9990011,SYN011,80,0,183,32,12.2,80,A
999000011,2018-04-22T22:06:52,29.14877,-89.25602,14.3,184.6,184.0,SYN-VESSEL-11,IMO9990011,SYN011,80,0,183,32,12.2,80,A
999000011,2018-04-22T21:59:22,29.17901,-89.26129,14.0,160.2,162.0,SYN-VESSEL-11,IMO9990011,SYN011,80,0,183,32,12.2,80,A
999000011,2018-04-22T21:57:52,29.18436,-89.26361,13.6,156.9,159.0,SYN-VESSEL-11,IMO9990011,SYN011,80,0,183,32,12.2,80,A
999000011,2018-04-22T22:00:05,29.17638,-89.26028,14.4,162.2,164.0,SYN-VESSEL-11,IMO9990011,SYN011,80,0,183,32,12.2,80,A
999000011,2018-04-22T22:01:11,29.17214,-89.25881,14.9,163.5,165.0,SYN-VESSEL-11,IMO9990011,SYN011,80,0,183,32,12.2,80,A
999000011,2018-04-22T22:09:40,29.13797,-89.25739,13.9,193.8,197.0,SYN-VESSEL-11,IMO9990011,SYN011,80,0,183,32,12.2,80,A
999000011,2018-04-22T22:08:04,29.14403,-89.25648,14.0,185.3,184.0,SYN-VESSEL-11,IMO9990011,SYN011,80,0,183,32,12.2,80,A
999000011,2018-04-22T22:11:40,29.13061,-89.26057,14.4,201.6,201.0,SYN-VESSEL-11,IMO9990011,SYN011,80,0,183,32,12.2,80,A
999000001,2018-04-22T23:47:42,29.08616,-89.28245,10.6,30.5,30.0,SYN-VESSEL-01,IMO9990001,SYN001,80,0,183,32,12.2,80,A
999000001,2018-04-22T23:49:42,29.09128,-89.27921,10.6,27.6,24.0,SYN-VESSEL-01,IMO9990001,SYN001,80,0,183,32,12.2,80,A
999000001,2018-04-22T23:42:42,29.07468,-89.29265,10.6,51.1,46.0,SYN-VESSEL-01,IMO9990001,SYN001,80,0,183,32,12.2,80,A
999000001,2018-04-22T23:45:03,29.07951,-89.28710,10.4,41.6,34.0,SYN-VESSEL-01,IMO9990001,SYN001,80,0,183,32,12.2,80,A
999000001,2018-04-22T23:46:23,29.08281,-89.28467,10.6,29.9,29.0,SYN-VESSEL-01,IMO9990001,SYN001,80,0,183,32,12.2,80,A
999000001,2018-04-22T23:40:52,29.07118,-89.29735,10.5,49.4,48.0,SYN-VESSEL-01,IMO9990001,SYN001,80,0,183,32,12.2,80,A
999000001,2018-04-22T23:56:22,29.10878,-89.26935,10.3,24.7,23.0,SYN-VESSEL-01,IMO9990001,SYN001,80,0,183,32,12.2,80,A
999000001,2018-04-22T23:52:32,29.09879,-89.27496,10.5,26.3,25.0,SYN-VESSEL-01,IMO9990001,SYN001,80,0,183,32,12.2,80,A
999000001,2018-04-22T23:55:02,29.10537,-89.27116,10.3,25.6,24.0,SYN-VESSEL-01,IMO9990001,SYN001,80,0,183,32,12.2,80,A
999000001,2018-04-22T23:53:52,29.10236,-89.27288,10.5,27.2,24.0,SYN-VESSEL-01,IMO9990001,SYN001,80,0,183,32,12.2,80,A
999000001,2018-04-22T23:59:02,29.11581,-89.26602,9.5,20.3,20.0,SYN-VESSEL-01,IMO9990001,SYN001,80,0,183,32,12.2,80,A
999000003,2018-04-22T23:22:05,29.14762,-89.25632,8.9,4.0,1.0,SYN-VESSEL-03,IMO9990003,SYN003,70,0,210,30,9.6,70,A
999000003,2018-04-22T23:23:15,29.15043,-89.25633,9.0,0.0,1.0,SYN-VESSEL-03,IMO9990003,SYN003,70,0,210,30,9.6,70,A
999000003,2018-04-22T23:25:15,29.15485,-89.25593,7.1,5.0,3.0,SYN-VESSEL-03,IMO9990003,SYN003,70,0,210,30,9.6,70,A
999000003,2018-04-22T23:20:05,29.14257,-89.25670,9.2,3.0,4.0,SYN-VESSEL-03,IMO9990003,SYN003,70,0,210,30,9.6,70,A
999000003,2018-04-22T23:18:15,29.13765,-89.25700,9.8,9.0,7.0,SYN-VESSEL-03,IMO9990003,SYN003,70,0,210,30,9.6,70,A
999000003,2018-04-22T23:31:55,29.17273,-89.25938,10.4,342.0,341.0,SYN-VESSEL-03,IMO9990003,SYN003,70,0,210,30,9.6,70,A
999000003,2018-04-22T23:30:34,29.16888,-89.25795,11.3,347.0,341.0,SYN-VESSEL-03,IMO9990003,SYN003,70,0,210,30,9.6,70,A
999000003,2018-04-22T23:27:15,29.15915,-89.25570,8.6,356.0,349.0,SYN-VESSEL-03,IMO9990003,SYN003,70,0,210,30,9.6,70,A
999000003,2018-04-22T23:28:25,29.16227,-89.25623,10.1,351.0,346.0,SYN-VESSEL-03,IMO9990003,SYN003,70,0,210,30,9.6,70,A
999000003,2018-04-22T23:33:55,29.17787,-89.26125,9.4,342.0,341.0,SYN-VESSEL-03,IMO9990003,SYN003,70,0,210,30,9.6,70,A
999000003,2018-04-22T23:35:44,29.18253,-89.26302,10.0,339.0,338.0,SYN-VESSEL-03,IMO9990003,SYN003,70,0,210,30,9.6,70,A
999000003,2018-04-22T23:39:44,29.19390,-89.26855,11.5,332.0,330.0,SYN-VESSEL-03,IMO9990003,SYN003,70,0,210,30,9.6,70,A
999000003,2018-04-22T23:41:35,29.19918,-89.27168,11.8,331.0,330.0,SYN-VESSEL-03,IMO9990003,SYN003,70,0,210,30,9.6,70,A
999000003,2018-04-22T23:15:05,29.12910,-89.25988,11.0,18.0,18.0,SYN-VESSEL-03,IMO9990003,SYN003,70,0,210,30,9.6,70,A
999000003,2018-04-22T23:13:54,29.12548,-89.26125,11.3,19.0,18.0,SYN-VESSEL-03,IMO9990003,SYN003,70,0,210,30,9.6,70,A
999000003,2018-04-22T23:17:05,29.13467,-89.25782,10.2,18.0,18.0,SYN-VESSEL-03,IMO9990003,SYN003,70,0,210,30,9.6,70,A
999000003,2018-04-22T23:12:44,29.12197,-89.26268,11.5,26.0,20.0,SYN-VESSEL-03,IMO9990003,SYN003,70,0,210,30,9.6,70,A
999000003,2018-04-22T23:10:54,29.11680,-89.26560,11.3,24.0,24.0,SYN-VESSEL-03,IMO9990003,SYN003,70,0,210,30,9.6,70,A
999000003,2018-04-22T23:08:15,29.10905,-89.26988,11.7,28.0,28.0,SYN-VESSEL-03,IMO9990003,SYN003,70,0,210,30,9.6,70,A
999000003,2018-04-22T23:09:44,29.11348,-89.26722,11.5,27.0,25.0,SYN-VESSEL-03,IMO9990003,SYN003,70,0,210,30,9.6,70,A
999000003,2018-04-22T23:06:54,29.10523,-89.27225,12.4,25.0,27.0,SYN-VESSEL-03,IMO9990003,SYN003,70,0,210,30,9.6,70,A
999000003,2018-04-22T23:05:45,29.10172,-89.27423,12.4,26.0,26.0,SYN-VESSEL-03,IMO9990003,SYN003,70,0,210,30,9.6,70,A
999000003,2018-04-22T23:04:34,29.09798,-89.27638,11.8,26.0,26.0,SYN-VESSEL-03,IMO9990003,SYN003,70,0,210,30,9.6,70,A
999000003,2018-04-22T23:03:24,29.09452,-89.27838,11.5,27.0,26.0,SYN-VESSEL-03,IMO9990003,SYN003,70,0,210,30,9.6,70,A
999000003,2018-04-22T23:02:15,29.09132,-89.28023,11.2,26.0,26.0,SYN-VESSEL-03,IMO9990003,SYN003,70,0,210,30,9.6,70,A
999000003,2018-04-22T22:58:54,29.08240,-89.28537,9.4,29.0,28.0,SYN-VESSEL-03,IMO9990003,SYN003,70,0,210,30,9.6,70,A
999000003,2018-04-22T22:57:34,29.07962,-89.28743,8.8,43.0,37.0,SYN-VESSEL-03,IMO9990003,SYN003,70,0,210,30,9.6,70,A
999000003,2018-04-22T23:00:03,29.08527,-89.28373,10.4,27.0,28.0,SYN-VESSEL-03,IMO9990003,SYN003,70,0,210,30,9.6,70,A
999000003,2018-04-22T23:01:04,29.08800,-89.28208,10.8,28.0,27.0,SYN-VESSEL-03,IMO9990003,SYN003,70,0,210,30,9.6,70,A
999000003,2018-04-22T22:55:05,29.07530,-89.29242,9.5,47.0,47.0,SYN-VESSEL-03,IMO9990003,SYN003,70,0,210,30,9.6,70,A
999000003,2018-04-22T22:56:24,29.07743,-89.28973,8.8,47.0,43.0,SYN-VESSEL-03,IMO9990003,SYN003,70,0,210,30,9.6,70,A
999000003,2018-04-22T22:53:05,29.07150,-89.29710,10.9,47.0,47.0,SYN-VESSEL-03,IMO9990003,SYN003,70,0,210,30,9.6,70,A
999000045,2018-04-22T18:49:04,29.18299,-89.26643,5.6,154.5,511.0,SYN-VESSEL-45,,SYN045,31,15,20,,,,A
999000045,2018-04-22T18:51:44,29.17996,-89.26499,5.8,185.2,511.0,SYN-VESSEL-45,,SYN045,31,15,20,,,,A
999000045,2018-04-22T18:25:04,29.19368,-89.28025,0.0,213.0,511.0,SYN-VESSEL-45,,SYN045,31,15,20,,,,A
999000045,2018-04-22T18:26:22,29.19374,-89.28019,0.4,48.2,511.0,SYN-VESSEL-45,,SYN045,31,15,20,,,,A
999000045,2018-04-22T18:27:33,29.19372,-89.28009,0.6,117.5,511.0,SYN-VESSEL-45,,SYN045,31,15,20,,,,A
999000045,2018-04-22T18:29:53,29.19363,-89.27951,1.1,92.4,511.0,SYN-VESSEL-45,,SYN045,31,15,20,,,,A
999000045,2018-04-22T18:28:43,29.19369,-89.27982,0.7,94.3,511.0,SYN-VESSEL-45,,SYN045,31,15,20,,,,A
999000045,2018-04-22T18:17:43,29.19368,-89.28025,0.0,215.7,511.0,SYN-VESSEL-45,,SYN045,31,15,20,,,,A
999000045,2018-04-22T18:16:34,29.19367,-89.28026,0.0,215.1,511.0,SYN-VESSEL-45,,SYN045,31,15,20,,,,A
999000045,2018-04-22T18:22:13,29.19367,-89.28025,0.0,216.8,511.0,SYN-VESSEL-45,,SYN045,31,15,20,,,,A
999000045,2018-04-22T18:20:03,29.19368,-89.28024,0.0,214.3,511.0,SYN-VESSEL-45,,SYN045,31,15,20,,,,A
999000045,2018-04-22T18:18:53,29.19367,-89.28026,0.0,215.6,511.0,SYN-VESSEL-45,,SYN045,31,15,20,,,,A
999000045,2018-04-22T18:37:44,29.19040,-89.27750,3.4,149.4,511.0,SYN-VESSEL-45,,SYN045,31,15,20,,,,A
999000045,2018-04-22T18:31:04,29.19364,-89.27922,0.4,74.7,511.0,SYN-VESSEL-45,,SYN045,31,15,20,,,,A
999000045,2018-04-22T18:36:32,29.19129,-89.27812,3.0,150.1,511.0,SYN-VESSEL-45,,SYN045,31,15,20,,,,A
999000045,2018-04-22T18:34:44,29.19257,-89.27870,2.3,162.6,511.0,SYN-VESSEL-45,,SYN045,31,15,20,,,,A
999000045,2018-04-22T18:45:12,29.18736,-89.27037,5.1,136.6,511.0,SYN-VESSEL-45,,SYN045,31,15,20,,,,A
999000045,2018-04-22T18:46:43,29.18578,-89.26856,5.4,140.3,511.0,SYN-VESSEL-45,,SYN045,31,15,20,,,,A
999000045,2018-04-22T18:42:12,29.18863,-89.27390,3.3,69.7,511.0,SYN-VESSEL-45,,SYN045,31,15,20,,,,A
999000045,2018-04-22T18:43:44,29.18856,-89.27213,4.3,116.5,511.0,SYN-VESSEL-45,,SYN045,31,15,20,,,,A
999000045,2018-04-22T18:39:32,29.18903,-89.27648,2.9,123.0,511.0,SYN-VESSEL-45,,SYN045,31,15,20,,,,A
999000045,2018-04-22T18:40:53,29.18860,-89.27528,3.3,106.5,511.0,SYN-VESSEL-45,,SYN045,31,15,20,,,,A
999000045,2018-04-22T19:29:23,29.17837,-89.26605,2.8,212.1,511.0,SYN-VESSEL-45,,SYN045,31,15,20,,,,A
999000045,2018-04-22T19:30:24,29.17748,-89.26620,4.5,165.6,511.0,SYN-VESSEL-45,,SYN045,31,15,20,,,,A
999000045,2018-04-22T19:33:34,29.17274,-89.26294,6.9,146.6,511.0,SYN-VESSEL-45,,SYN045,31,15,20,,,,A
999000045,2018-04-22T19:35:43,29.16917,-89.26027,7.4,147.2,511.0,SYN-VESSEL-45,,SYN045,31,15,20,,,,A
999000045,2018-04-22T19:36:53,29.16710,-89.25875,7.6,143.0,511.0,SYN-VESSEL-45,,SYN045,31,15,20,,,,A
999000045,2018-04-22T19:27:02,29.17846,-89.26517,1.0,11.9,511.0,SYN-VESSEL-45,,SYN045,31,15,20,,,,A
999000045,2018-04-22T19:28:14,29.17873,-89.26542,1.2,276.2,511.0,SYN-VESSEL-45,,SYN045,31,15,20,,,,A
999000045,2018-04-22T19:24:44,29.17802,-89.26519,0.7,325.4,511.0,SYN-VESSEL-45,,SYN045,31,15,20,,,,A
999000045,2018-04-22T19:21:23,29.17762,-89.26542,0.7,60.3,511.0,SYN-VESSEL-45,,SYN045,31,15,20,,,,A
999000045,2018-04-22T19:23:33,29.17784,-89.26510,0.5,350.9,511.0,SYN-VESSEL-45,,SYN045,31,15,20,,,,A
999000045,2018-04-22T19:22:24,29.17770,-89.26522,0.7,69.2,511.0,SYN-VESSEL-45,,SYN045,31,15,20,,,,A
999000045,2018-04-22T19:45:33,29.15116,-89.25056,6.7,164.2,511.0,SYN-VESSEL-45,,SYN045,31,15,20,,,,A
999000045,2018-04-22T19:38:13,29.16507,-89.25640,7.9,131.8,511.0,SYN-VESSEL-45,,SYN045,31,15,20,,,,A
999000045,2018-04-22T19:41:33,29.15921,-89.25239,7.2,166.9,511.0,SYN-VESSEL-45,,SYN045,31,15,20,,,,A
999000045,2018-04-22T19:39:43,29.16271,-89.25401,7.6,145.8,511.0,SYN-VESSEL-45,,SYN045,31,15,20,,,,A
999000045,2018-04-22T19:51:54,29.14366,-89.24837,0.9,159.4,511.0,SYN-VESSEL-45,,SYN045,31,15,20,,,,A
999000045,2018-04-22T19:54:33,29.14326,-89.24773,0.3,172.3,511.0,SYN-VESSEL-45,,SYN045,31,15,20,,,,A
999000045,2018-04-22T19:50:03,29.14541,-89.24882,4.9,185.6,511.0,SYN-VESSEL-45,,SYN045,31,15,20,,,,A
999000045,2018-04-22T19:48:33,29.14707,-89.24913,3.9,173.8,511.0,SYN-VESSEL-45,,SYN045,31,15,20,,,,A
999000045,2018-04-22T19:58:03,29.14327,-89.24778,0.1,303.6,511.0,SYN-VESSEL-45,,SYN045,31,15,20,,,,A
999000045,2018-04-22T19:59:13,29.14326,-89.24795,0.8,254.6,511.0,SYN-VESSEL-45,,SYN045,31,15,20,,,,A
999000045,2018-04-22T23:38:43,29.17935,-89.26295,0.2,230.2,511.0,SYN-VESSEL-45,,SYN045,31,15,20,,,,A
999000045,2018-04-22T23:37:23,29.17934,-89.26290,0.4,98.8,511.0,SYN-VESSEL-45,,SYN045,31,15,20,,,,A
999000045,2018-04-22T23:35:13,29.17936,-89.26290,0.3,321.5,511.0,SYN-VESSEL-45,,SYN045,31,15,20,,,,A
999000045,2018-04-22T23:40:13,29.17930,-89.26298,0.0,238.6,511.0,SYN-VESSEL-45,,SYN045,31,15,20,,,,A
999000045,2018-04-22T23:41:14,29.17932,-89.26296,0.2,332.1,511.0,SYN-VESSEL-45,,SYN045,31,15,20,,,,A
999000045,2018-04-22T23:50:24,29.17933,-89.26292,0.1,30.5,511.0,SYN-VESSEL-45,,SYN045,31,15,20,,,,A
999000045,2018-04-22T23:47:13,29.17931,-89.26295,0.0,306.3,511.0,SYN-VESSEL-45,,SYN045,31,15,20,,,,A
999000045,2018-04-22T23:43:14,29.17934,-89.26295,0.0,353.5,511.0,SYN-VESSEL-45,,SYN045,31,15,20,,,,A
999000045,2018-04-22T23:20:13,29.17940,-89.26282,0.2,30.3,511.0,SYN-VESSEL-45,,SYN045,31,15,20,,,,A
999000045,2018-04-22T23:22:03,29.17940,-89.26285,0.0,359.0,511.0,SYN-VESSEL-45,,SYN045,31,15,20,,,,A
999000045,2018-04-22T23:19:03,29.17939,-89.26285,0.2,33.7,511.0,SYN-VESSEL-45,,SYN045,31,15,20,,,,A
999000045,2018-04-22T23:23:54,29.17941,-89.26286,0.0,344.8,511.0,SYN-VESSEL-45,,SYN045,31,15,20,,,,A
999000045,2018-04-22T23:27:54,29.17935,-89.26290,0.1,242.5,511.0,SYN-VESSEL-45,,SYN045,31,15,20,,,,A
999000045,2018-04-22T23:25:03,29.17939,-89.26287,0.0,284.3,511.0,SYN-VESSEL-45,,SYN045,31,15,20,,,,A
999000045,2018-04-22T23:33:23,29.17934,-89.26293,0.0,252.5,511.0,SYN-VESSEL-45,,SYN045,31,15,20,,,,A
999000045,2018-04-22T23:31:53,29.17935,-89.26292,0.0,243.2,511.0,SYN-VESSEL-45,,SYN045,31,15,20,,,,A
999000045,2018-04-22T23:29:03,29.17935,-89.26291,0.2,248.7,511.0,SYN-VESSEL-45,,SYN045,31,15,20,,,,A
999000045,2018-04-22T23:58:04,29.17941,-89.26286,0.0,10.5,511.0,SYN-VESSEL-45,,SYN045,31,15,20,,,,A
999000045,2018-04-22T23:52:24,29.17936,-89.26293,0.3,343.6,511.0,SYN-VESSEL-45,,SYN045,31,15,20,,,,A
999000045,2018-04-22T23:54:32,29.17940,-89.26289,0.0,10.0,511.0,SYN-VESSEL-45,,SYN045,31,15,20,,,,A
999000045,2018-04-22T21:02:14,29.19384,-89.28058,0.0,275.3,511.0,SYN-VESSEL-45,,SYN045,31,15,20,,,,A
999000045,2018-04-22T21:01:13,29.19382,-89.28056,0.0,283.8,511.0,SYN-VESSEL-45,,SYN045,31,15,20,,,,A
999000045,2018-04-22T21:03:23,29.19383,-89.28057,0.0,268.1,511.0,SYN-VESSEL-45,,SYN045,31,15,20,,,,A
999000045,2018-04-22T20:57:02,29.19381,-89.28059,0.0,283.9,511.0,SYN-VESSEL-45,,SYN045,31,15,20,,,,A
999000045,2018-04-22T20:58:54,29.19381,-89.28058,0.0,287.6,511.0,SYN-VESSEL-45,,SYN045,31,15,20,,,,A
999000045,2018-04-22T21:00:02,29.19382,-89.28057,0.0,285.1,511.0,SYN-VESSEL-45,,SYN045,31,15,20,,,,A
999000045,2018-04-22T20:55:33,29.19382,-89.28058,0.0,283.7,511.0,SYN-VESSEL-45,,SYN045,31,15,20,,,,A
999000045,2018-04-22T20:48:42,29.19385,-89.28055,0.0,290.9,511.0,SYN-VESSEL-45,,SYN045,31,15,20,,,,A
999000045,2018-04-22T20:50:52,29.19383,-89.28056,0.0,284.2,511.0,SYN-VESSEL-45,,SYN045,31,15,20,,,,A
999000045,2018-04-22T20:49:44,29.19385,-89.28055,0.0,287.6,511.0,SYN-VESSEL-45,,SYN045,31,15,20,,,,A
999000045,2018-04-22T20:42:33,29.19313,-89.27964,2.6,333.2,511.0,SYN-VESSEL-45,,SYN045,31,15,20,,,,A
999000045,2018-04-22T20:45:42,29.19384,-89.28056,0.0,309.8,511.0,SYN-VESSEL-45,,SYN045,31,15,20,,,,A
999000045,2018-04-22T20:47:33,29.19381,-89.28056,0.0,300.8,511.0,SYN-VESSEL-45,,SYN045,31,15,20,,,,A
999000045,2018-04-22T20:37:04,29.18956,-89.27685,3.5,320.6,511.0,SYN-VESSEL-45,,SYN045,31,15,20,,,,A
999000045,2018-04-22T20:40:54,29.19210,-89.27896,2.6,329.4,511.0,SYN-VESSEL-45,,SYN045,31,15,20,,,,A
999000045,2018-04-22T20:34:03,29.18859,-89.27282,4.9,295.5,511.0,SYN-VESSEL-45,,SYN045,31,15,20,,,,A
999000045,2018-04-22T20:31:13,29.18550,-89.27055,4.6,329.6,511.0,SYN-VESSEL-45,,SYN045,31,15,20,,,,A
999000045,2018-04-22T20:35:53,29.18928,-89.27557,4.3,278.7,511.0,SYN-VESSEL-45,,SYN045,31,15,20,,,,A
999000045,2018-04-22T23:59:13,29.17940,-89.26285,0.0,353.2,511.0,SYN-VESSEL-45,,SYN045,31,15,20,,,,A
999000045,2018-04-22T19:07:13,29.17647,-89.26527,0.4,13.2,511.0,SYN-VESSEL-45,,SYN045,31,15,20,,,,A
999000045,2018-04-22T19:06:04,29.17639,-89.26531,0.4,44.4,511.0,SYN-VESSEL-45,,SYN045,31,15,20,,,,A
999000045,2018-04-22T19:09:24,29.17663,-89.26531,0.8,264.7,511.0,SYN-VESSEL-45,,SYN045,31,15,20,,,,A
999000045,2018-04-22T19:08:23,29.17659,-89.26521,0.3,15.0,511.0,SYN-VESSEL-45,,SYN045,31,15,20,,,,A
999000045,2018-04-22T19:10:34,29.17664,-89.26556,0.4,298.1,511.0,SYN-VESSEL-45,,SYN045,31,15,20,,,,A
999000045,2018-04-22T19:16:33,29.17714,-89.26591,0.5,31.7,511.0,SYN-VESSEL-45,,SYN045,31,15,20,,,,A
999000045,2018-04-22T19:15:12,29.17702,-89.26596,0.4,13.4,511.0,SYN-VESSEL-45,,SYN045,31,15,20,,,,A
999000045,2018-04-22T19:17:44,29.17728,-89.26581,0.4,24.9,511.0,SYN-VESSEL-45,,SYN045,31,15,20,,,,A
999000045,2018-04-22T19:12:53,29.17679,-89.26596,0.3,300.7,511.0,SYN-VESSEL-45,,SYN045,31,15,20,,,,A
999000045,2018-04-22T19:11:43,29.17671,-89.26576,0.8,278.0,511.0,SYN-VESSEL-45,,SYN045,31,15,20,,,,A
999000045,2018-04-22T19:14:02,29.17687,-89.26603,0.5,359.4,511.0,SYN-VESSEL-45,,SYN045,31,15,20,,,,A
999000045,2018-04-22T19:02:23,29.17597,-89.26543,0.7,14.4,511.0,SYN-VESSEL-45,,SYN045,31,15,20,,,,A
999000045,2018-04-22T19:03:43,29.17617,-89.26538,0.5,359.2,511.0,SYN-VESSEL-45,,SYN045,31,15,20,,,,A
999000045,2018-04-22T19:04:53,29.17630,-89.26538,0.4,6.7,511.0,SYN-VESSEL-45,,SYN045,31,15,20,,,,A
999000045,2018-04-22T18:59:04,29.17505,-89.26502,1.8,305.6,511.0,SYN-VESSEL-45,,SYN045,31,15,20,,,,A
999000045,2018-04-22T19:00:04,29.17541,-89.26529,1.5,330.1,511.0,SYN-VESSEL-45,,SYN045,31,15,20,,,,A
999000045,2018-04-22T19:01:13,29.17573,-89.26543,0.8,349.7,511.0,SYN-VESSEL-45,,SYN045,31,15,20,,,,A
999000045,2018-04-22T18:54:34,29.17630,-89.26493,4.1,148.2,511.0,SYN-VESSEL-45,,SYN045,31,15,20,,,,A
999000045,2018-04-22T18:53:24,29.17774,-89.26525,4.9,171.9,511.0,SYN-VESSEL-45,,SYN045,31,15,20,,,,A
999000045,2018-04-22T18:57:54,29.17472,-89.26444,2.3,293.8,511.0,SYN-VESSEL-45,,SYN045,31,15,20,,,,A
999000045,2018-04-22T19:20:12,29.17751,-89.26563,0.6,53.6,511.0,SYN-VESSEL-45,,SYN045,31,15,20,,,,A
999000045,2018-04-22T21:38:14,29.17374,-89.26188,4.8,23.9,511.0,SYN-VESSEL-45,,SYN045,31,15,20,,,,A
999000045,2018-04-22T21:35:13,29.17597,-89.26463,8.2,159.6,511.0,SYN-VESSEL-45,,SYN045,31,15,20,,,,A
999000045,2018-04-22T21:10:54,29.19383,-89.28057,0.0,246.3,511.0,SYN-VESSEL-45,,SYN045,31,15,20,,,,A
999000045,2018-04-22T21:09:52,29.19384,-89.28059,0.0,250.9,511.0,SYN-VESSEL-45,,SYN045,31,15,20,,,,A
999000045,2018-04-22T21:05:44,29.19383,-89.28057,0.0,264.8,511.0,SYN-VESSEL-45,,SYN045,31,15,20,,,,A
999000045,2018-04-22T21:06:52,29.19384,-89.28058,0.1,256.3,511.0,SYN-VESSEL-45,,SYN045,31,15,20,,,,A
999000045,2018-04-22T21:04:33,29.19382,-89.28057,0.0,263.4,511.0,SYN-VESSEL-45,,SYN045,31,15,20,,,,A
999000045,2018-04-22T21:08:24,29.19384,-89.28059,0.0,258.2,511.0,SYN-VESSEL-45,,SYN045,31,15,20,,,,A
999000045,2018-04-22T21:12:03,29.19382,-89.28058,0.0,242.0,511.0,SYN-VESSEL-45,,SYN045,31,15,20,,,,A
999000045,2018-04-22T21:13:43,29.19382,-89.28059,0.0,239.1,511.0,SYN-VESSEL-45,,SYN045,31,15,20,,,,A
999000045,2018-04-22T21:16:34,29.19384,-89.28058,0.0,242.8,511.0,SYN-VESSEL-45,,SYN045,31,15,20,,,,A
999000045,2018-04-22T21:14:54,29.19385,-89.28059,0.0,236.4,511.0,SYN-VESSEL-45,,SYN045,31,15,20,,,,A
999000045,2018-04-22T21:17:52,29.19384,-89.28057,0.1,211.8,511.0,SYN-VESSEL-45,,SYN045,31,15,20,,,,A
999000045,2018-04-22T21:30:54,29.18449,-89.26936,7.7,149.8,511.0,SYN-VESSEL-45,,SYN045,31,15,20,,,,A
999000045,2018-04-22T21:32:54,29.18072,-89.26685,7.8,153.0,511.0,SYN-VESSEL-45,,SYN045,31,15,20,,,,A
999000045,2018-04-22T21:34:04,29.17839,-89.26559,7.9,159.3,511.0,SYN-VESSEL-45,,SYN045,31,15,20,,,,A
999000045,2018-04-22T21:27:22,29.18910,-89.27491,4.5,97.7,511.0,SYN-VESSEL-45,,SYN045,31,15,20,,,,A
999000045,2018-04-22T21:29:43,29.18655,-89.27105,7.7,141.0,511.0,SYN-VESSEL-45,,SYN045,31,15,20,,,,A
999000045,2018-04-22T21:22:43,29.19206,-89.27893,3.6,151.0,511.0,SYN-VESSEL-45,,SYN045,31,15,20,,,,A
999000045,2018-04-22T21:25:43,29.18949,-89.27690,3.9,125.2,511.0,SYN-VESSEL-45,,SYN045,31,15,20,,,,A
999000045,2018-04-22T21:24:22,29.19071,-89.27784,3.7,147.3,511.0,SYN-VESSEL-45,,SYN045,31,15,20,,,,A
999000045,2018-04-22T21:20:52,29.19366,-89.28011,3.5,143.5,511.0,SYN-VESSEL-45,,SYN045,31,15,20,,,,A
999000045,2018-04-22T21:19:43,29.19383,-89.28053,1.2,92.5,511.0,SYN-VESSEL-45,,SYN045,31,15,20,,,,A
999000045,2018-04-22T18:09:22,29.19369,-89.28027,0.0,227.8,511.0,SYN-VESSEL-45,,SYN045,31,15,20,,,,A
999000045,2018-04-22T18:10:33,29.19369,-89.28027,0.0,224.2,511.0,SYN-VESSEL-45,,SYN045,31,15,20,,,,A
999000045,2018-04-22T18:11:53,29.19368,-89.28027,0.0,219.1,511.0,SYN-VESSEL-45,,SYN045,31,15,20,,,,A
999000045,2018-04-22T18:08:04,29.19366,-89.28027,0.0,237.8,511.0,SYN-VESSEL-45,,SYN045,31,15,20,,,,A
999000045,2018-04-22T18:06:52,29.19367,-89.28028,0.0,234.4,511.0,SYN-VESSEL-45,,SYN045,31,15,20,,,,A
999000045,2018-04-22T18:05:43,29.19369,-89.28029,0.0,230.4,511.0,SYN-VESSEL-45,,SYN045,31,15,20,,,,A
999000045,2018-04-22T18:00:04,29.19368,-89.28027,0.0,232.5,511.0,SYN-VESSEL-45,,SYN045,31,15,20,,,,A
999000045,2018-04-22T18:01:14,29.19368,-89.28028,0.0,230.7,511.0,SYN-VESSEL-45,,SYN045,31,15,20,,,,A
999000045,2018-04-22T18:03:23,29.19367,-89.28030,0.0,227.0,511.0,SYN-VESSEL-45,,SYN045,31,15,20,,,,A
999000045,2018-04-22T18:04:34,29.19367,-89.28030,0.0,229.7,511.0,SYN-VESSEL-45,,SYN045,31,15,20,,,,A
999000045,2018-04-22T18:02:22,29.19367,-89.28029,0.0,228.6,511.0,SYN-VESSEL-45,,SYN045,31,15,20,,,,A
999000045,2018-04-22T18:13:34,29.19368,-89.28027,0.0,217.2,511.0,SYN-VESSEL-45,,SYN045,31,15,20,,,,A
999000045,2018-04-22T18:15:13,29.19367,-89.28027,0.1,213.2,511.0,SYN-VESSEL-45,,SYN045,31,15,20,,,,A
999000045,2018-04-22T22:43:24,29.17941,-89.26287,0.1,42.2,511.0,SYN-VESSEL-45,,SYN045,31,15,20,,,,A
999000045,2018-04-22T22:12:33,29.17957,-89.26283,0.0,270.1,511.0,SYN-VESSEL-45,,SYN045,31,15,20,,,,A
999000045,2018-04-22T22:11:23,29.17960,-89.26285,0.2,349.4,511.0,SYN-VESSEL-45,,SYN045,31,15,20,,,,A
999000045,2018-04-22T22:14:13,29.17953,-89.26283,0.1,194.1,511.0,SYN-VESSEL-45,,SYN045,31,15,20,,,,A
999000045,2018-04-22T22:19:23,29.17945,-89.26287,0.1,203.9,511.0,SYN-VESSEL-45,,SYN045,31,15,20,,,,A
999000045,2018-04-22T22:23:52,29.17940,-89.26286,0.0,212.9,511.0,SYN-VESSEL-45,,SYN045,31,15,20,,,,A
999000045,2018-04-22T22:25:24,29.17941,-89.26288,0.0,199.8,511.0,SYN-VESSEL-45,,SYN045,31,15,20,,,,A
999000045,2018-04-22T22:16:32,29.17951,-89.26286,0.0,199.3,511.0,SYN-VESSEL-45,,SYN045,31,15,20,,,,A
999000045,2018-04-22T22:20:32,29.17945,-89.26289,0.1,203.3,511.0,SYN-VESSEL-45,,SYN045,31,15,20,,,,A
999000045,2018-04-22T22:17:33,29.17951,-89.26286,0.0,198.8,511.0,SYN-VESSEL-45,,SYN045,31,15,20,,,,A
999000045,2018-04-22T22:22:23,29.17942,-89.26289,0.1,204.0,511.0,SYN-VESSEL-45,,SYN045,31,15,20,,,,A
999000045,2018-04-22T22:26:52,29.17944,-89.26290,0.0,197.1,511.0,SYN-VESSEL-45,,SYN045,31,15,20,,,,A
999000045,2018-04-22T22:32:03,29.17939,-89.26290,0.1,209.9,511.0,SYN-VESSEL-45,,SYN045,31,15,20,,,,A
999000045,2018-04-22T22:33:14,29.17937,-89.26292,0.1,210.0,511.0,SYN-VESSEL-45,,SYN045,31,15,20,,,,A
999000045,2018-04-22T22:30:24,29.17942,-89.26288,0.1,228.5,511.0,SYN-VESSEL-45,,SYN045,31,15,20,,,,A
999000045,2018-04-22T22:41:33,29.17937,-89.26291,0.0,47.9,511.0,SYN-VESSEL-45,,SYN045,31,15,20,,,,A
999000045,2018-04-22T22:38:14,29.17934,-89.26292,0.2,103.6,511.0,SYN-VESSEL-45,,SYN045,31,15,20,,,,A
999000045,2018-04-22T22:36:53,29.17935,-89.26294,0.0,157.2,511.0,SYN-VESSEL-45,,SYN045,31,15,20,,,,A
999000045,2018-04-22T22:35:22,29.17937,-89.26294,0.1,222.2,511.0,SYN-VESSEL-45,,SYN045,31,15,20,,,,A
999000045,2018-04-22T20:30:03,29.18422,-89.26979,3.9,343.7,511.0,SYN-VESSEL-45,,SYN045,31,15,20,,,,A
999000045,2018-04-22T20:26:33,29.17949,-89.26745,5.7,334.6,511.0,SYN-VESSEL-45,,SYN045,31,15,20,,,,A
999000045,2018-04-22T20:02:14,29.14592,-89.24949,4.4,337.0,511.0,SYN-VESSEL-45,,SYN045,31,15,20,,,,A
999000045,2018-04-22T20:01:13,29.14477,-89.24899,4.4,337.3,511.0,SYN-VESSEL-45,,SYN045,31,15,20,,,,A
999000045,2018-04-22T20:00:03,29.14356,-89.24815,3.9,324.6,511.0,SYN-VESSEL-45,,SYN045,31,15,20,,,,A
999000045,2018-04-22T20:08:04,29.15309,-89.25345,5.2,321.3,511.0,SYN-VESSEL-45,,SYN045,31,15,20,,,,A
999000045,2018-04-22T20:09:43,29.15515,-89.25495,5.4,328.0,511.0,SYN-VESSEL-45,,SYN045,31,15,20,,,,A
999000045,2018-04-22T20:07:03,29.15207,-89.25233,5.1,313.5,511.0,SYN-VESSEL-45,,SYN045,31,15,20,,,,A
999000045,2018-04-22T20:05:52,29.15058,-89.25140,5.2,347.7,511.0,SYN-VESSEL-45,,SYN045,31,15,20,,,,A
999000045,2018-04-22T20:04:43,29.14895,-89.25093,5.2,341.1,511.0,SYN-VESSEL-45,,SYN045,31,15,20,,,,A
999000045,2018-04-22T20:03:23,29.14720,-89.25014,4.7,335.1,511.0,SYN-VESSEL-45,,SYN045,31,15,20,,,,A
999000045,2018-04-22T20:15:02,29.16290,-89.25906,5.7,333.2,511.0,SYN-VESSEL-45,,SYN045,31,15,20,,,,A
999000045,2018-04-22T20:13:13,29.16015,-89.25779,5.9,335.1,511.0,SYN-VESSEL-45,,SYN045,31,15,20,,,,A
999000045,2018-04-22T20:10:53,29.15671,-89.25596,5.7,334.7,511.0,SYN-VESSEL-45,,SYN045,31,15,20,,,,A
999000045,2018-04-22T20:12:04,29.15844,-89.25689,5.9,336.2,511.0,SYN-VESSEL-45,,SYN045,31,15,20,,,,A
999000045,2018-04-22T20:21:13,29.17214,-89.26324,5.7,334.5,511.0,SYN-VESSEL-45,,SYN045,31,15,20,,,,A
999000045,2018-04-22T20:22:53,29.17445,-89.26456,5.6,335.6,511.0,SYN-VESSEL-45,,SYN045,31,15,20,,,,A
999000045,2018-04-22T20:24:13,29.17631,-89.26561,5.5,329.5,511.0,SYN-VESSEL-45,,SYN045,31,15,20,,,,A
999000045,2018-04-22T20:25:22,29.17785,-89.26656,5.5,332.3,511.0,SYN-VESSEL-45,,SYN045,31,15,20,,,,A
999000045,2018-04-22T20:16:12,29.16458,-89.25997,5.7,337.7,511.0,SYN-VESSEL-45,,SYN045,31,15,20,,,,A
999000045,2018-04-22T20:17:53,29.16714,-89.26099,5.8,339.1,511.0,SYN-VESSEL-45,,SYN045,31,15,20,,,,A
999000045,2018-04-22T20:20:03,29.17041,-89.26241,5.8,337.2,511.0,SYN-VESSEL-45,,SYN045,31,15,20,,,,A
999000045,2018-04-22T22:08:44,29.17956,-89.26284,0.0,324.9,511.0,SYN-VESSEL-45,,SYN045,31,15,20,,,,A
999000045,2018-04-22T22:10:13,29.17955,-89.26284,0.0,316.4,511.0,SYN-VESSEL-45,,SYN045,31,15,20,,,,A
999000045,2018-04-22T21:51:22,29.17936,-89.26297,0.0,204.6,511.0,SYN-VESSEL-45,,SYN045,31,15,20,,,,A
999000045,2018-04-22T21:50:02,29.17935,-89.26297,0.0,204.8,511.0,SYN-VESSEL-45,,SYN045,31,15,20,,,,A
999000045,2018-04-22T21:48:33,29.17936,-89.26297,0.0,186.0,511.0,SYN-VESSEL-45,,SYN045,31,15,20,,,,A
999000045,2018-04-22T21:55:32,29.17940,-89.26288,0.1,59.8,511.0,SYN-VESSEL-45,,SYN045,31,15,20,,,,A
999000045,2018-04-22T21:52:33,29.17936,-89.26297,0.0,218.2,511.0,SYN-VESSEL-45,,SYN045,31,15,20,,,,A
999000045,2018-04-22T21:45:13,29.17952,-89.26291,0.2,239.7,511.0,SYN-VESSEL-45,,SYN045,31,15,20,,,,A
999000045,2018-04-22T21:39:22,29.17505,-89.26146,4.0,12.8,511.0,SYN-VESSEL-45,,SYN045,31,15,20,,,,A
999000045,2018-04-22T21:40:42,29.17640,-89.26140,3.7,10.7,511.0,SYN-VESSEL-45,,SYN045,31,15,20,,,,A
999000045,2018-04-22T21:43:22,29.17886,-89.26221,3.4,331.2,511.0,SYN-VESSEL-45,,SYN045,31,15,20,,,,A
999000045,2018-04-22T21:57:52,29.17945,-89.26285,0.0,357.8,511.0,SYN-VESSEL-45,,SYN045,31,15,20,,,,A
999000045,2018-04-22T22:00:03,29.17947,-89.26285,0.1,5.2,511.0,SYN-VESSEL-45,,SYN045,31,15,20,,,,A
999000045,2018-04-22T21:59:22,29.17945,-89.26286,0.1,351.6,511.0,SYN-VESSEL-45,,SYN045,31,15,20,,,,A
999000045,2018-04-22T22:01:04,29.17949,-89.26285,0.1,15.1,511.0,SYN-VESSEL-45,,SYN045,31,15,20,,,,A
999000045,2018-04-22T22:05:53,29.17955,-89.26286,0.0,352.8,511.0,SYN-VESSEL-45,,SYN045,31,15,20,,,,A
999000045,2018-04-22T22:04:43,29.17955,-89.26285,0.0,12.6,511.0,SYN-VESSEL-45,,SYN045,31,15,20,,,,A
999000045,2018-04-22T22:07:13,29.17955,-89.26285,0.0,333.5,511.0,SYN-VESSEL-45,,SYN045,31,15,20,,,,A
999000045,2018-04-22T22:02:13,29.17952,-89.26283,0.1,12.6,511.0,SYN-VESSEL-45,,SYN045,31,15,20,,,,A
999000045,2018-04-22T22:03:32,29.17955,-89.26284,0.1,3.4,511.0,SYN-VESSEL-45,,SYN045,31,15,20,,,,A
999000045,2018-04-22T23:15:03,29.17933,-89.26293,0.1,281.6,511.0,SYN-VESSEL-45,,SYN045,31,15,20,,,,A
999000045,2018-04-22T23:16:34,29.17936,-89.26289,0.3,39.9,511.0,SYN-VESSEL-45,,SYN045,31,15,20,,,,A
999000045,2018-04-22T23:17:43,29.17938,-89.26288,0.1,31.1,511.0,SYN-VESSEL-45,,SYN045,31,15,20,,,,A
999000045,2018-04-22T23:13:52,29.17935,-89.26295,0.1,276.3,511.0,SYN-VESSEL-45,,SYN045,31,15,20,,,,A
999000045,2018-04-22T23:12:32,29.17934,-89.26294,0.1,347.5,511.0,SYN-VESSEL-45,,SYN045,31,15,20,,,,A
999000045,2018-04-22T23:11:03,29.17930,-89.26296,0.1,267.9,511.0,SYN-VESSEL-45,,SYN045,31,15,20,,,,A
999000045,2018-04-22T23:09:52,29.17932,-89.26295,0.1,238.4,511.0,SYN-VESSEL-45,,SYN045,31,15,20,,,,A
999000045,2018-04-22T23:08:23,29.17935,-89.26293,0.1,236.7,511.0,SYN-VESSEL-45,,SYN045,31,15,20,,,,A
999000045,2018-04-22T23:07:12,29.17932,-89.26295,0.1,236.9,511.0,SYN-VESSEL-45,,SYN045,31,15,20,,,,A
999000045,2018-04-22T23:06:02,29.17933,-89.26292,0.1,238.0,511.0,SYN-VESSEL-45,,SYN045,31,15,20,,,,A
999000045,2018-04-22T23:04:52,29.17936,-89.26291,0.1,230.2,511.0,SYN-VESSEL-45,,SYN045,31,15,20,,,,A
999000045,2018-04-22T23:03:43,29.17935,-89.26289,0.1,224.2,511.0,SYN-VESSEL-45,,SYN045,31,15,20,,,,A
999000045,2018-04-22T23:02:23,29.17936,-89.26286,0.1,222.0,511.0,SYN-VESSEL-45,,SYN045,31,15,20,,,,A
999000045,2018-04-22T23:00:02,29.17943,-89.26285,0.3,349.3,511.0,SYN-VESSEL-45,,SYN045,31,15,20,,,,A
999000045,2018-04-22T23:01:14,29.17939,-89.26284,0.1,232.3,511.0,SYN-VESSEL-45,,SYN045,31,15,20,,,,A
999000045,2018-04-22T22:59:33,29.17942,-89.26285,0.1,21.1,511.0,SYN-VESSEL-45,,SYN045,31,15,20,,,,A
999000045,2018-04-22T22:58:02,29.17937,-89.26284,0.1,35.9,511.0,SYN-VESSEL-45,,SYN045,31,15,20,,,,A
999000045,2018-04-22T22:55:02,29.17934,-89.26288,0.1,57.5,511.0,SYN-VESSEL-45,,SYN045,31,15,20,,,,A
999000045,2018-04-22T22:50:12,29.17933,-89.26291,0.2,205.2,511.0,SYN-VESSEL-45,,SYN045,31,15,20,,,,A
999000045,2018-04-22T22:49:04,29.17936,-89.26289,0.1,224.4,511.0,SYN-VESSEL-45,,SYN045,31,15,20,,,,A
999000045,2018-04-22T22:46:04,29.17939,-89.26287,0.0,257.3,511.0,SYN-VESSEL-45,,SYN045,31,15,20,,,,A
999000019,2018-04-22T18:51:10,29.17900,-89.26373,0.2,156.0,511.0,SYN-VESSEL-19,,SYN019,31,0,15,6,,,A
999000019,2018-04-22T18:50:00,29.17898,-89.26374,0.4,241.9,511.0,SYN-VESSEL-19,,SYN019,31,0,15,6,,,A
999000019,2018-04-22T18:48:40,29.17912,-89.26358,1.6,36.4,511.0,SYN-VESSEL-19,,SYN019,31,0,15,6,,,A
999000019,2018-04-22T18:21:10,29.17836,-89.26393,0.0,238.2,511.0,SYN-VESSEL-19,,SYN019,31,0,15,6,,,A
999000019,2018-04-22T18:19:41,29.17834,-89.26391,0.0,239.1,511.0,SYN-VESSEL-19,,SYN019,31,0,15,6,,,A
999000019,2018-04-22T18:18:10,29.17831,-89.26396,0.0,236.9,511.0,SYN-VESSEL-19,,SYN019,31,0,15,6,,,A
999000019,2018-04-22T18:17:02,29.17832,-89.26394,0.0,235.0,511.0,SYN-VESSEL-19,,SYN019,31,0,15,6,,,A
999000019,2018-04-22T18:30:30,29.17834,-89.26396,0.4,234.7,511.0,SYN-VESSEL-19,,SYN019,31,0,15,6,,,A
999000019,2018-04-22T18:24:42,29.17836,-89.26395,0.1,230.0,511.0,SYN-VESSEL-19,,SYN019,31,0,15,6,,,A
999000019,2018-04-22T18:27:00,29.17836,-89.26394,0.2,238.9,511.0,SYN-VESSEL-19,,SYN019,31,0,15,6,,,A
999000019,2018-04-22T18:22:21,29.17837,-89.26393,0.1,237.3,511.0,SYN-VESSEL-19,,SYN019,31,0,15,6,,,A
999000019,2018-04-22T18:23:30,29.17837,-89.26393,0.2,232.6,511.0,SYN-VESSEL-19,,SYN019,31,0,15,6,,,A
999000019,2018-04-22T18:41:21,29.17891,-89.26421,0.1,230.3,511.0,SYN-VESSEL-19,,SYN019,31,0,15,6,,,A
999000019,2018-04-22T18:40:00,29.17892,-89.26417,0.0,242.4,511.0,SYN-VESSEL-19,,SYN019,31,0,15,6,,,A
999000019,2018-04-22T18:43:50,29.17896,-89.26418,0.3,275.3,511.0,SYN-VESSEL-19,,SYN019,31,0,15,6,,,A
999000019,2018-04-22T18:46:40,29.17897,-89.26415,0.6,120.0,511.0,SYN-VESSEL-19,,SYN019,31,0,15,6,,,A
999000019,2018-04-22T18:45:01,29.17899,-89.26421,0.2,301.0,511.0,SYN-VESSEL-19,,SYN019,31,0,15,6,,,A
999000019,2018-04-22T18:29:21,29.17836,-89.26394,0.1,241.2,511.0,SYN-VESSEL-19,,SYN019,31,0,15,6,,,A
999000019,2018-04-22T18:33:00,29.17836,-89.26389,0.1,260.0,511.0,SYN-VESSEL-19,,SYN019,31,0,15,6,,,A
999000019,2018-04-22T18:38:31,29.17895,-89.26418,0.2,230.2,511.0,SYN-VESSEL-19,,SYN019,31,0,15,6,,,A
999000019,2018-04-22T18:34:01,29.17836,-89.26389,0.1,255.5,511.0,SYN-VESSEL-19,,SYN019,31,0,15,6,,,A
999000019,2018-04-22T18:35:11,29.17839,-89.26387,0.5,294.4,511.0,SYN-VESSEL-19,,SYN019,31,0,15,6,,,A
999000019,2018-04-22T19:45:52,29.17637,-89.26289,3.9,4.1,511.0,SYN-VESSEL-19,,SYN019,31,0,15,6,,,A
999000019,2018-04-22T19:50:10,29.17603,-89.26276,2.3,291.9,511.0,SYN-VESSEL-19,,SYN019,31,0,15,6,,,A
999000019,2018-04-22T19:48:01,29.17591,-89.26281,1.7,160.2,511.0,SYN-VESSEL-19,,SYN019,31,0,15,6,,,A
999000019,2018-04-22T19:51:42,29.17715,-89.26313,1.3,282.4,511.0,SYN-VESSEL-19,,SYN019,31,0,15,6,,,A
999000019,2018-04-22T19:54:42,29.17697,-89.26272,4.2,113.2,511.0,SYN-VESSEL-19,,SYN019,31,0,15,6,,,A
999000019,2018-04-22T19:53:21,29.17719,-89.26292,3.3,277.2,511.0,SYN-VESSEL-19,,SYN019,31,0,15,6,,,A
999000019,2018-04-22T19:35:20,29.17602,-89.26177,1.7,143.7,511.0,SYN-VESSEL-19,,SYN019,31,0,15,6,,,A
999000019,2018-04-22T19:36:30,29.17598,-89.26269,2.6,279.1,511.0,SYN-VESSEL-19,,SYN019,31,0,15,6,,,A
999000019,2018-04-22T19:37:31,29.17606,-89.26289,0.3,29.9,511.0,SYN-VESSEL-19,,SYN019,31,0,15,6,,,A
999000019,2018-04-22T19:38:41,29.17603,-89.26276,0.2,42.6,511.0,SYN-VESSEL-19,,SYN019,31,0,15,6,,,A
999000019,2018-04-22T19:42:21,29.17596,-89.26286,0.6,158.9,511.0,SYN-VESSEL-19,,SYN019,31,0,15,6,,,A
999000019,2018-04-22T19:34:10,29.17723,-89.26226,4.4,161.4,511.0,SYN-VESSEL-19,,SYN019,31,0,15,6,,,A
999000019,2018-04-22T19:30:21,29.17919,-89.26320,0.7,88.7,511.0,SYN-VESSEL-19,,SYN019,31,0,15,6,,,A
999000019,2018-04-22T19:25:21,29.17852,-89.26307,2.8,338.7,511.0,SYN-VESSEL-19,,SYN019,31,0,15,6,,,A
999000019,2018-04-22T19:22:31,29.17884,-89.26389,0.8,160.3,511.0,SYN-VESSEL-19,,SYN019,31,0,15,6,,,A
999000019,2018-04-22T19:27:21,29.17907,-89.26362,0.2,83.6,511.0,SYN-VESSEL-19,,SYN019,31,0,15,6,,,A
999000019,2018-04-22T19:59:51,29.17735,-89.26327,1.2,349.7,511.0,SYN-VESSEL-19,,SYN019,31,0,15,6,,,A
999000019,2018-04-22T23:55:01,29.17922,-89.26306,0.1,129.8,511.0,SYN-VESSEL-19,,SYN019,31,0,15,6,,,A
999000019,2018-04-22T23:56:31,29.17924,-89.26310,0.1,100.2,511.0,SYN-VESSEL-19,,SYN019,31,0,15,6,,,A
999000019,2018-04-22T23:23:40,29.17917,-89.26299,0.1,68.7,511.0,SYN-VESSEL-19,,SYN019,31,0,15,6,,,A
999000019,2018-04-22T23:20:50,29.17915,-89.26297,0.0,96.3,511.0,SYN-VESSEL-19,,SYN019,31,0,15,6,,,A
999000019,2018-04-22T23:21:51,29.17911,-89.26298,0.0,86.0,511.0,SYN-VESSEL-19,,SYN019,31,0,15,6,,,A
999000019,2018-04-22T23:19:21,29.17918,-89.26297,0.1,124.8,511.0,SYN-VESSEL-19,,SYN019,31,0,15,6,,,A
999000019,2018-04-22T23:30:01,29.17912,-89.26309,0.1,301.5,511.0,SYN-VESSEL-19,,SYN019,31,0,15,6,,,A
999000019,2018-04-22T23:28:51,29.17914,-89.26309,0.0,290.9,511.0,SYN-VESSEL-19,,SYN019,31,0,15,6,,,A
999000019,2018-04-22T23:24:41,29.17916,-89.26299,0.2,301.0,511.0,SYN-VESSEL-19,,SYN019,31,0,15,6,,,A
999000019,2018-04-22T23:26:51,29.17914,-89.26301,0.2,271.3,511.0,SYN-VESSEL-19,,SYN019,31,0,15,6,,,A
999000019,2018-04-22T23:32:50,29.17911,-89.26309,0.0,323.8,511.0,SYN-VESSEL-19,,SYN019,31,0,15,6,,,A
999000019,2018-04-22T23:31:41,29.17911,-89.26317,0.0,315.1,511.0,SYN-VESSEL-19,,SYN019,31,0,15,6,,,A
999000019,2018-04-22T23:45:51,29.17918,-89.26301,0.1,66.3,511.0,SYN-VESSEL-19,,SYN019,31,0,15,6,,,A
999000019,2018-04-22T23:44:32,29.17919,-89.26303,0.1,54.8,511.0,SYN-VESSEL-19,,SYN019,31,0,15,6,,,A
999000019,2018-04-22T23:50:51,29.17914,-89.26306,0.0,95.9,511.0,SYN-VESSEL-19,,SYN019,31,0,15,6,,,A
999000019,2018-04-22T23:47:21,29.17921,-89.26316,0.0,331.5,511.0,SYN-VESSEL-19,,SYN019,31,0,15,6,,,A
999000019,2018-04-22T23:48:41,29.17916,-89.26316,0.3,66.9,511.0,SYN-VESSEL-19,,SYN019,31,0,15,6,,,A
999000019,2018-04-22T23:41:00,29.17920,-89.26308,0.1,20.7,511.0,SYN-VESSEL-19,,SYN019,31,0,15,6,,,A
999000019,2018-04-22T23:42:42,29.17916,-89.26312,0.0,6.1,511.0,SYN-VESSEL-19,,SYN019,31,0,15,6,,,A
999000019,2018-04-22T23:35:21,29.17914,-89.26307,0.3,52.2,511.0,SYN-VESSEL-19,,SYN019,31,0,15,6,,,A
999000019,2018-04-22T23:37:21,29.17912,-89.26310,0.4,357.2,511.0,SYN-VESSEL-19,,SYN019,31,0,15,6,,,A
999000019,2018-04-22T20:42:21,29.17671,-89.26270,0.2,217.7,511.0,SYN-VESSEL-19,,SYN019,31,0,15,6,,,A
999000019,2018-04-22T20:38:21,29.17682,-89.26297,1.6,152.1,511.0,SYN-VESSEL-19,,SYN019,31,0,15,6,,,A
999000019,2018-04-22T20:43:30,29.17670,-89.26274,0.1,317.2,511.0,SYN-VESSEL-19,,SYN019,31,0,15,6,,,A
999000019,2018-04-22T20:46:12,29.17680,-89.26235,0.4,23.7,511.0,SYN-VESSEL-19,,SYN019,31,0,15,6,,,A
999000019,2018-04-22T20:35:31,29.17705,-89.26316,0.1,14.3,511.0,SYN-VESSEL-19,,SYN019,31,0,15,6,,,A
999000019,2018-04-22T20:31:51,29.17702,-89.26318,0.0,77.2,511.0,SYN-VESSEL-19,,SYN019,31,0,15,6,,,A
999000019,2018-04-22T20:30:42,29.17701,-89.26327,0.6,70.4,511.0,SYN-VESSEL-19,,SYN019,31,0,15,6,,,A
999000019,2018-04-22T20:29:31,29.17702,-89.26347,1.0,185.9,511.0,SYN-VESSEL-19,,SYN019,31,0,15,6,,,A
999000019,2018-04-22T20:51:12,29.17882,-89.26111,1.0,16.2,511.0,SYN-VESSEL-19,,SYN019,31,0,15,6,,,A
999000019,2018-04-22T20:49:12,29.17772,-89.26154,4.0,37.5,511.0,SYN-VESSEL-19,,SYN019,31,0,15,6,,,A
999000019,2018-04-22T20:47:51,29.17681,-89.26249,1.1,255.3,511.0,SYN-VESSEL-19,,SYN019,31,0,15,6,,,A
999000019,2018-04-22T20:55:00,29.17979,-89.26060,1.2,13.3,511.0,SYN-VESSEL-19,,SYN019,31,0,15,6,,,A
999000019,2018-04-22T20:53:51,29.17949,-89.26072,1.2,28.1,511.0,SYN-VESSEL-19,,SYN019,31,0,15,6,,,A
999000019,2018-04-22T20:52:42,29.17922,-89.26087,1.5,43.9,511.0,SYN-VESSEL-19,,SYN019,31,0,15,6,,,A
999000019,2018-04-22T20:59:31,29.17954,-89.26199,4.3,266.3,511.0,SYN-VESSEL-19,,SYN019,31,0,15,6,,,A
999000019,2018-04-22T21:00:01,29.17959,-89.26266,4.3,278.8,511.0,SYN-VESSEL-19,,SYN019,31,0,15,6,,,A
999000019,2018-04-22T21:01:11,29.17994,-89.26406,3.2,280.5,511.0,SYN-VESSEL-19,,SYN019,31,0,15,6,,,A
999000019,2018-04-22T20:58:22,29.18012,-89.26013,4.5,257.9,511.0,SYN-VESSEL-19,,SYN019,31,0,15,6,,,A
999000019,2018-04-22T20:56:51,29.18006,-89.26035,1.0,95.3,511.0,SYN-VESSEL-19,,SYN019,31,0,15,6,,,A
999000019,2018-04-22T21:02:21,29.17980,-89.26464,1.4,281.1,511.0,SYN-VESSEL-19,,SYN019,31,0,15,6,,,A
999000019,2018-04-22T21:03:31,29.17984,-89.26466,0.3,41.6,511.0,SYN-VESSEL-19,,SYN019,31,0,15,6,,,A
999000019,2018-04-22T23:59:31,29.17912,-89.26302,0.4,69.2,511.0,SYN-VESSEL-19,,SYN019,31,0,15,6,,,A
999000019,2018-04-22T19:21:21,29.17893,-89.26396,0.2,200.2,511.0,SYN-VESSEL-19,,SYN019,31,0,15,6,,,A
999000019,2018-04-22T19:19:50,29.17892,-89.26397,0.0,143.2,511.0,SYN-VESSEL-19,,SYN019,31,0,15,6,,,A
999000019,2018-04-22T18:59:01,29.17830,-89.26410,3.3,331.9,511.0,SYN-VESSEL-19,,SYN019,31,0,15,6,,,A
999000019,2018-04-22T18:53:10,29.17900,-89.26376,0.1,66.9,511.0,SYN-VESSEL-19,,SYN019,31,0,15,6,,,A
999000019,2018-04-22T18:55:00,29.17902,-89.26372,0.3,76.7,511.0,SYN-VESSEL-19,,SYN019,31,0,15,6,,,A
999000019,2018-04-22T18:57:22,29.17802,-89.26285,3.7,136.9,511.0,SYN-VESSEL-19,,SYN019,31,0,15,6,,,A
999000019,2018-04-22T19:00:01,29.17869,-89.26432,1.3,344.3,511.0,SYN-VESSEL-19,,SYN019,31,0,15,6,,,A
999000019,2018-04-22T19:01:11,29.17897,-89.26401,0.3,263.7,511.0,SYN-VESSEL-19,,SYN019,31,0,15,6,,,A
999000019,2018-04-22T19:02:22,29.17899,-89.26398,0.6,3.1,511.0,SYN-VESSEL-19,,SYN019,31,0,15,6,,,A
999000019,2018-04-22T19:04:41,29.17891,-89.26412,0.3,221.5,511.0,SYN-VESSEL-19,,SYN019,31,0,15,6,,,A
999000019,2018-04-22T19:03:32,29.17896,-89.26409,0.2,68.1,511.0,SYN-VESSEL-19,,SYN019,31,0,15,6,,,A
999000019,2018-04-22T19:13:31,29.17897,-89.26398,0.0,75.0,511.0,SYN-VESSEL-19,,SYN019,31,0,15,6,,,A
999000019,2018-04-22T19:14:50,29.17895,-89.26399,0.0,54.5,511.0,SYN-VESSEL-19,,SYN019,31,0,15,6,,,A
999000019,2018-04-22T19:12:20,29.17900,-89.26398,0.0,64.7,511.0,SYN-VESSEL-19,,SYN019,31,0,15,6,,,A
999000019,2018-04-22T19:16:02,29.17895,-89.26398,0.0,81.6,511.0,SYN-VESSEL-19,,SYN019,31,0,15,6,,,A
999000019,2018-04-22T19:18:30,29.17894,-89.26395,0.0,124.2,511.0,SYN-VESSEL-19,,SYN019,31,0,15,6,,,A
999000019,2018-04-22T19:08:01,29.17896,-89.26397,0.1,66.7,511.0,SYN-VESSEL-19,,SYN019,31,0,15,6,,,A
999000019,2018-04-22T19:06:52,29.17893,-89.26398,0.5,74.5,511.0,SYN-VESSEL-19,,SYN019,31,0,15,6,,,A
999000019,2018-04-22T19:05:51,29.17891,-89.26413,0.5,147.0,511.0,SYN-VESSEL-19,,SYN019,31,0,15,6,,,A
999000019,2018-04-22T19:11:12,29.17896,-89.26396,0.2,81.7,511.0,SYN-VESSEL-19,,SYN019,31,0,15,6,,,A
999000019,2018-04-22T19:10:11,29.17894,-89.26399,0.2,66.4,511.0,SYN-VESSEL-19,,SYN019,31,0,15,6,,,A
999000019,2018-04-22T19:09:10,29.17893,-89.26402,0.4,315.7,511.0,SYN-VESSEL-19,,SYN019,31,0,15,6,,,A
999000019,2018-04-22T21:27:01,29.17809,-89.26347,2.7,128.5,511.0,SYN-VESSEL-19,,SYN019,31,0,15,6,,,A
999000019,2018-04-22T21:28:30,29.17799,-89.26327,0.1,223.2,511.0,SYN-VESSEL-19,,SYN019,31,0,15,6,,,A
999000019,2018-04-22T21:31:21,29.17859,-89.26404,1.4,340.6,511.0,SYN-VESSEL-19,,SYN019,31,0,15,6,,,A
999000019,2018-04-22T21:33:21,29.17894,-89.26436,0.7,277.1,511.0,SYN-VESSEL-19,,SYN019,31,0,15,6,,,A
999000019,2018-04-22T21:22:40,29.18502,-89.26776,7.2,167.8,511.0,SYN-VESSEL-19,,SYN019,31,0,15,6,,,A
999000019,2018-04-22T21:25:40,29.17949,-89.26469,6.5,154.8,511.0,SYN-VESSEL-19,,SYN019,31,0,15,6,,,A
999000019,2018-04-22T21:24:01,29.18240,-89.26645,7.6,151.9,511.0,SYN-VESSEL-19,,SYN019,31,0,15,6,,,A
999000019,2018-04-22T21:20:02,29.18657,-89.26718,0.3,248.2,511.0,SYN-VESSEL-19,,SYN019,31,0,15,6,,,A
999000019,2018-04-22T21:05:52,29.17992,-89.26409,1.9,93.5,511.0,SYN-VESSEL-19,,SYN019,31,0,15,6,,,A
999000019,2018-04-22T21:04:41,29.17985,-89.26473,0.9,263.9,511.0,SYN-VESSEL-19,,SYN019,31,0,15,6,,,A
999000019,2018-04-22T21:07:01,29.17963,-89.26361,1.1,169.6,511.0,SYN-VESSEL-19,,SYN019,31,0,15,6,,,A
999000019,2018-04-22T21:09:40,29.18126,-89.26442,3.9,324.7,511.0,SYN-VESSEL-19,,SYN019,31,0,15,6,,,A
999000019,2018-04-22T21:08:30,29.18012,-89.26377,3.8,337.5,511.0,SYN-VESSEL-19,,SYN019,31,0,15,6,,,A
999000019,2018-04-22T21:19:00,29.18654,-89.26712,0.1,109.3,511.0,SYN-VESSEL-19,,SYN019,31,0,15,6,,,A
999000019,2018-04-22T21:17:12,29.18662,-89.26722,0.9,205.5,511.0,SYN-VESSEL-19,,SYN019,31,0,15,6,,,A
999000019,2018-04-22T21:16:00,29.18672,-89.26719,0.3,108.1,511.0,SYN-VESSEL-19,,SYN019,31,0,15,6,,,A
999000019,2018-04-22T21:11:30,29.18306,-89.26558,4.0,339.0,511.0,SYN-VESSEL-19,,SYN019,31,0,15,6,,,A
999000019,2018-04-22T21:13:00,29.18455,-89.26650,4.3,327.5,511.0,SYN-VESSEL-19,,SYN019,31,0,15,6,,,A
999000019,2018-04-22T21:14:12,29.18591,-89.26729,4.6,341.1,511.0,SYN-VESSEL-19,,SYN019,31,0,15,6,,,A
999000019,2018-04-22T21:37:02,29.17824,-89.26139,8.8,177.1,511.0,SYN-VESSEL-19,,SYN019,31,0,15,6,,,A
999000019,2018-04-22T21:35:01,29.17952,-89.26445,5.1,28.5,511.0,SYN-VESSEL-19,,SYN019,31,0,15,6,,,A
999000019,2018-04-22T21:38:21,29.17679,-89.26307,4.6,285.3,511.0,SYN-VESSEL-19,,SYN019,31,0,15,6,,,A
999000019,2018-04-22T18:13:11,29.17836,-89.26393,0.1,233.3,511.0,SYN-VESSEL-19,,SYN019,31,0,15,6,,,A
999000019,2018-04-22T18:15:40,29.17831,-89.26400,0.0,232.8,511.0,SYN-VESSEL-19,,SYN019,31,0,15,6,,,A
999000019,2018-04-22T18:14:21,29.17833,-89.26398,0.1,231.0,511.0,SYN-VESSEL-19,,SYN019,31,0,15,6,,,A
999000019,2018-04-22T18:06:01,29.17833,-89.26394,0.0,237.7,511.0,SYN-VESSEL-19,,SYN019,31,0,15,6,,,A
999000019,2018-04-22T18:07:11,29.17834,-89.26392,0.0,235.9,511.0,SYN-VESSEL-19,,SYN019,31,0,15,6,,,A
999000019,2018-04-22T18:09:40,29.17837,-89.26399,0.0,237.3,511.0,SYN-VESSEL-19,,SYN019,31,0,15,6,,,A
999000019,2018-04-22T18:11:40,29.17838,-89.26391,0.0,236.3,511.0,SYN-VESSEL-19,,SYN019,31,0,15,6,,,A
999000019,2018-04-22T18:08:31,29.17837,-89.26395,0.1,238.6,511.0,SYN-VESSEL-19,,SYN019,31,0,15,6,,,A
999000019,2018-04-22T18:00:01,29.17839,-89.26395,0.0,237.2,511.0,SYN-VESSEL-19,,SYN019,31,0,15,6,,,A
999000019,2018-04-22T18:01:12,29.17836,-89.26395,0.0,230.8,511.0,SYN-VESSEL-19,,SYN019,31,0,15,6,,,A
999000019,2018-04-22T18:02:21,29.17833,-89.26396,0.0,237.6,511.0,SYN-VESSEL-19,,SYN019,31,0,15,6,,,A
999000019,2018-04-22T18:04:40,29.17831,-89.26396,0.0,237.5,511.0,SYN-VESSEL-19,,SYN019,31,0,15,6,,,A
999000019,2018-04-22T18:03:31,29.17833,-89.26394,0.0,236.2,511.0,SYN-VESSEL-19,,SYN019,31,0,15,6,,,A
999000019,2018-04-22T22:44:51,29.17916,-89.26299,0.1,150.6,511.0,SYN-VESSEL-19,,SYN019,31,0,15,6,,,A
999000019,2018-04-22T22:31:21,29.17921,-89.26310,0.1,249.6,511.0,SYN-VESSEL-19,,SYN019,31,0,15,6,,,A
999000019,2018-04-22T22:30:10,29.17922,-89.26310,0.1,264.6,511.0,SYN-VESSEL-19,,SYN019,31,0,15,6,,,A
999000019,2018-04-22T22:32:50,29.17916,-89.26310,0.1,259.8,511.0,SYN-VESSEL-19,,SYN019,31,0,15,6,,,A
999000019,2018-04-22T22:34:10,29.17916,-89.26313,0.1,263.6,511.0,SYN-VESSEL-19,,SYN019,31,0,15,6,,,A
999000019,2018-04-22T22:27:21,29.17919,-89.26305,0.2,125.1,511.0,SYN-VESSEL-19,,SYN019,31,0,15,6,,,A
999000019,2018-04-22T22:37:31,29.17916,-89.26311,0.1,165.6,511.0,SYN-VESSEL-19,,SYN019,31,0,15,6,,,A
999000019,2018-04-22T22:35:31,29.17916,-89.26311,0.1,271.5,511.0,SYN-VESSEL-19,,SYN019,31,0,15,6,,,A
999000019,2018-04-22T22:43:11,29.17918,-89.26305,0.1,84.4,511.0,SYN-VESSEL-19,,SYN019,31,0,15,6,,,A
999000019,2018-04-22T22:41:50,29.17920,-89.26314,0.0,41.1,511.0,SYN-VESSEL-19,,SYN019,31,0,15,6,,,A
999000019,2018-04-22T22:39:31,29.17917,-89.26307,0.3,129.4,511.0,SYN-VESSEL-19,,SYN019,31,0,15,6,,,A
999000019,2018-04-22T22:13:42,29.18098,-89.26022,3.9,250.7,511.0,SYN-VESSEL-19,,SYN019,31,0,15,6,,,A
999000019,2018-04-22T22:12:31,29.18101,-89.26026,0.4,112.5,511.0,SYN-VESSEL-19,,SYN019,31,0,15,6,,,A
999000019,2018-04-22T22:18:40,29.17927,-89.26294,0.1,296.6,511.0,SYN-VESSEL-19,,SYN019,31,0,15,6,,,A
999000019,2018-04-22T22:16:01,29.17848,-89.26250,4.0,313.6,511.0,SYN-VESSEL-19,,SYN019,31,0,15,6,,,A
999000019,2018-04-22T22:17:32,29.17922,-89.26291,0.2,293.3,511.0,SYN-VESSEL-19,,SYN019,31,0,15,6,,,A
999000019,2018-04-22T22:11:22,29.18089,-89.26023,0.9,305.9,511.0,SYN-VESSEL-19,,SYN019,31,0,15,6,,,A
999000019,2018-04-22T22:20:02,29.17922,-89.26296,0.0,273.8,511.0,SYN-VESSEL-19,,SYN019,31,0,15,6,,,A
999000019,2018-04-22T22:14:51,29.17887,-89.26134,6.7,209.3,511.0,SYN-VESSEL-19,,SYN019,31,0,15,6,,,A
999000019,2018-04-22T22:21:30,29.17917,-89.26302,0.1,268.4,511.0,SYN-VESSEL-19,,SYN019,31,0,15,6,,,A
999000019,2018-04-22T22:23:02,29.17912,-89.26304,0.0,267.4,511.0,SYN-VESSEL-19,,SYN019,31,0,15,6,,,A
999000019,2018-04-22T22:24:10,29.17914,-89.26305,0.1,270.5,511.0,SYN-VESSEL-19,,SYN019,31,0,15,6,,,A
999000019,2018-04-22T22:25:30,29.17918,-89.26307,0.0,266.6,511.0,SYN-VESSEL-19,,SYN019,31,0,15,6,,,A
999000019,2018-04-22T20:10:40,29.17785,-89.26338,0.6,158.1,511.0,SYN-VESSEL-19,,SYN019,31,0,15,6,,,A
999000019,2018-04-22T20:13:10,29.17745,-89.26348,1.5,203.1,511.0,SYN-VESSEL-19,,SYN019,31,0,15,6,,,A
999000019,2018-04-22T20:11:52,29.17762,-89.26329,0.4,136.6,511.0,SYN-VESSEL-19,,SYN019,31,0,15,6,,,A
999000019,2018-04-22T20:15:02,29.17714,-89.26332,2.3,26.0,511.0,SYN-VESSEL-19,,SYN019,31,0,15,6,,,A
999000019,2018-04-22T20:16:10,29.17755,-89.26316,0.3,345.0,511.0,SYN-VESSEL-19,,SYN019,31,0,15,6,,,A
999000019,2018-04-22T20:19:50,29.17791,-89.26341,0.1,273.4,511.0,SYN-VESSEL-19,,SYN019,31,0,15,6,,,A
999000019,2018-04-22T20:18:02,29.17782,-89.26332,0.4,326.1,511.0,SYN-VESSEL-19,,SYN019,31,0,15,6,,,A
999000019,2018-04-22T20:21:50,29.17780,-89.26330,0.5,63.1,511.0,SYN-VESSEL-19,,SYN019,31,0,15,6,,,A
999000019,2018-04-22T20:23:10,29.17755,-89.26333,0.8,157.2,511.0,SYN-VESSEL-19,,SYN019,31,0,15,6,,,A
999000019,2018-04-22T20:03:30,29.17698,-89.26280,1.0,223.3,511.0,SYN-VESSEL-19,,SYN019,31,0,15,6,,,A
999000019,2018-04-22T20:05:01,29.17684,-89.26222,1.2,158.2,511.0,SYN-VESSEL-19,,SYN019,31,0,15,6,,,A
999000019,2018-04-22T20:06:40,29.17751,-89.26322,2.2,321.6,511.0,SYN-VESSEL-19,,SYN019,31,0,15,6,,,A
999000019,2018-04-22T20:08:52,29.17790,-89.26339,0.1,352.8,511.0,SYN-VESSEL-19,,SYN019,31,0,15,6,,,A
999000019,2018-04-22T20:07:51,29.17789,-89.26341,0.4,5.8,511.0,SYN-VESSEL-19,,SYN019,31,0,15,6,,,A
999000019,2018-04-22T20:01:11,29.17733,-89.26320,3.2,260.9,511.0,SYN-VESSEL-19,,SYN019,31,0,15,6,,,A
999000019,2018-04-22T20:02:20,29.17689,-89.26278,2.6,154.1,511.0,SYN-VESSEL-19,,SYN019,31,0,15,6,,,A
999000019,2018-04-22T20:00:02,29.17733,-89.26314,4.0,121.0,511.0,SYN-VESSEL-19,,SYN019,31,0,15,6,,,A
999000019,2018-04-22T20:28:21,29.17703,-89.26344,0.9,302.9,511.0,SYN-VESSEL-19,,SYN019,31,0,15,6,,,A
999000019,2018-04-22T20:26:10,29.17719,-89.26315,0.7,119.4,511.0,SYN-VESSEL-19,,SYN019,31,0,15,6,,,A
999000019,2018-04-22T21:56:21,29.17750,-89.26309,0.9,111.4,511.0,SYN-VESSEL-19,,SYN019,31,0,15,6,,,A
999000019,2018-04-22T21:54:21,29.17794,-89.26368,1.4,142.4,511.0,SYN-VESSEL-19,,SYN019,31,0,15,6,,,A
999000019,2018-04-22T21:52:32,29.17811,-89.26361,0.4,75.4,511.0,SYN-VESSEL-19,,SYN019,31,0,15,6,,,A
999000019,2018-04-22T21:50:01,29.17748,-89.26383,1.0,239.6,511.0,SYN-VESSEL-19,,SYN019,31,0,15,6,,,A
999000019,2018-04-22T21:45:12,29.17735,-89.26379,0.1,81.9,511.0,SYN-VESSEL-19,,SYN019,31,0,15,6,,,A
999000019,2018-04-22T21:44:01,29.17737,-89.26379,0.0,79.3,511.0,SYN-VESSEL-19,,SYN019,31,0,15,6,,,A
999000019,2018-04-22T21:42:51,29.17737,-89.26381,0.1,78.6,511.0,SYN-VESSEL-19,,SYN019,31,0,15,6,,,A
999000019,2018-04-22T21:41:41,29.17742,-89.26388,0.7,229.4,511.0,SYN-VESSEL-19,,SYN019,31,0,15,6,,,A
999000019,2018-04-22T21:40:02,29.17772,-89.26376,1.9,18.0,511.0,SYN-VESSEL-19,,SYN019,31,0,15,6,,,A
999000019,2018-04-22T22:08:01,29.18092,-89.26040,1.5,346.6,511.0,SYN-VESSEL-19,,SYN019,31,0,15,6,,,A
999000019,2018-04-22T22:06:52,29.18054,-89.26046,1.8,6.4,511.0,SYN-VESSEL-19,,SYN019,31,0,15,6,,,A
999000019,2018-04-22T22:05:42,29.18020,-89.26036,1.0,18.4,511.0,SYN-VESSEL-19,,SYN019,31,0,15,6,,,A
999000019,2018-04-22T22:04:31,29.18008,-89.26019,1.0,335.3,511.0,SYN-VESSEL-19,,SYN019,31,0,15,6,,,A
999000019,2018-04-22T22:03:30,29.17995,-89.26014,0.0,280.2,511.0,SYN-VESSEL-19,,SYN019,31,0,15,6,,,A
999000019,2018-04-22T22:02:20,29.17998,-89.26017,0.5,85.0,511.0,SYN-VESSEL-19,,SYN019,31,0,15,6,,,A
999000019,2018-04-22T22:01:12,29.17934,-89.26032,3.9,23.6,511.0,SYN-VESSEL-19,,SYN019,31,0,15,6,,,A
999000019,2018-04-22T21:59:30,29.17812,-89.26232,5.2,44.6,511.0,SYN-VESSEL-19,,SYN019,31,0,15,6,,,A
999000019,2018-04-22T22:00:01,29.17849,-89.26157,4.8,67.7,511.0,SYN-VESSEL-19,,SYN019,31,0,15,6,,,A
999000019,2018-04-22T21:58:21,29.17758,-89.26286,0.6,43.8,511.0,SYN-VESSEL-19,,SYN019,31,0,15,6,,,A
999000019,2018-04-22T22:10:01,29.18092,-89.26026,0.8,100.7,511.0,SYN-VESSEL-19,,SYN019,31,0,15,6,,,A
999000019,2018-04-22T23:16:21,29.17915,-89.26308,0.2,117.3,511.0,SYN-VESSEL-19,,SYN019,31,0,15,6,,,A
999000019,2018-04-22T23:15:00,29.17917,-89.26313,0.1,276.8,511.0,SYN-VESSEL-19,,SYN019,31,0,15,6,,,A
999000019,2018-04-22T23:17:40,29.17914,-89.26304,0.2,92.4,511.0,SYN-VESSEL-19,,SYN019,31,0,15,6,,,A
999000019,2018-04-22T23:05:51,29.17918,-89.26311,0.1,273.8,511.0,SYN-VESSEL-19,,SYN019,31,0,15,6,,,A
999000019,2018-04-22T23:07:01,29.17924,-89.26312,0.1,270.3,511.0,SYN-VESSEL-19,,SYN019,31,0,15,6,,,A
999000019,2018-04-22T23:04:41,29.17916,-89.26309,0.1,271.7,511.0,SYN-VESSEL-19,,SYN019,31,0,15,6,,,A
999000019,2018-04-22T23:01:11,29.17919,-89.26290,0.3,247.9,511.0,SYN-VESSEL-19,,SYN019,31,0,15,6,,,A
999000019,2018-04-22T23:02:12,29.17918,-89.26298,0.2,259.8,511.0,SYN-VESSEL-19,,SYN019,31,0,15,6,,,A
999000019,2018-04-22T23:03:21,29.17918,-89.26306,0.2,265.6,511.0,SYN-VESSEL-19,,SYN019,31,0,15,6,,,A
999000019,2018-04-22T23:09:41,29.17914,-89.26317,0.1,282.6,511.0,SYN-VESSEL-19,,SYN019,31,0,15,6,,,A
999000019,2018-04-22T23:08:12,29.17915,-89.26314,0.1,275.5,511.0,SYN-VESSEL-19,,SYN019,31,0,15,6,,,A
999000019,2018-04-22T23:11:01,29.17912,-89.26321,0.1,268.1,511.0,SYN-VESSEL-19,,SYN019,31,0,15,6,,,A
999000019,2018-04-22T23:12:12,29.17916,-89.26309,0.0,149.9,511.0,SYN-VESSEL-19,,SYN019,31,0,15,6,,,A
999000019,2018-04-22T23:13:50,29.17916,-89.26315,0.2,264.5,511.0,SYN-VESSEL-19,,SYN019,31,0,15,6,,,A
999000019,2018-04-22T22:59:51,29.17921,-89.26287,0.2,67.3,511.0,SYN-VESSEL-19,,SYN019,31,0,15,6,,,A
999000019,2018-04-22T23:00:00,29.17921,-89.26287,0.2,58.9,511.0,SYN-VESSEL-19,,SYN019,31,0,15,6,,,A
999000019,2018-04-22T22:58:41,29.17924,-89.26294,0.3,79.5,511.0,SYN-VESSEL-19,,SYN019,31,0,15,6,,,A
999000019,2018-04-22T22:56:50,29.17916,-89.26305,0.0,100.8,511.0,SYN-VESSEL-19,,SYN019,31,0,15,6,,,A
999000019,2018-04-22T22:55:40,29.17915,-89.26305,0.2,90.2,511.0,SYN-VESSEL-19,,SYN019,31,0,15,6,,,A
999000019,2018-04-22T22:52:50,29.17916,-89.26314,0.1,260.1,511.0,SYN-VESSEL-19,,SYN019,31,0,15,6,,,A
999000019,2018-04-22T22:48:11,29.17916,-89.26306,0.2,266.5,511.0,SYN-VESSEL-19,,SYN019,31,0,15,6,,,A
999000019,2018-04-22T22:46:51,29.17919,-89.26303,0.1,256.4,511.0,SYN-VESSEL-19,,SYN019,31,0,15,6,,,A
999000019,2018-04-22T22:50:51,29.17914,-89.26312,0.1,262.6,511.0,SYN-VESSEL-19,,SYN019,31,0,15,6,,,A
999000028,2018-04-23T00:02:25,28.75850,-89.23276,3.8,20.0,511.0,SYN-VESSEL-28,IMO9990028,SYN028,90,0,58,12,4.7,79,A
999000028,2018-04-23T00:00:05,28.75622,-89.23333,3.7,17.5,511.0,SYN-VESSEL-28,IMO9990028,SYN028,90,0,58,12,4.7,79,A
999000028,2018-04-23T00:01:06,28.75721,-89.23309,3.7,18.8,511.0,SYN-VESSEL-28,IMO9990028,SYN028,90,0,58,12,4.7,79,A
999000028,2018-04-23T00:04:55,28.76088,-89.23234,3.3,358.7,511.0,SYN-VESSEL-28,IMO9990028,SYN028,90,0,58,12,4.7,79,A
999000028,2018-04-23T00:03:36,28.75963,-89.23246,3.5,13.2,511.0,SYN-VESSEL-28,IMO9990028,SYN028,90,0,58,12,4.7,79,A
999000009,2018-04-23T00:00:04,29.12429,-89.26190,8.5,21.6,20.0,SYN-VESSEL-09,,,,0,,,,,A
999000009,2018-04-23T00:01:15,29.12684,-89.26076,8.3,21.4,20.0,SYN-VESSEL-09,,,,0,,,,,A
999000009,2018-04-23T00:02:25,29.12935,-89.25968,8.2,20.8,20.0,SYN-VESSEL-09,,,,0,,,,,A
999000009,2018-04-23T00:03:34,29.13185,-89.25863,8.0,19.2,20.0,SYN-VESSEL-09,,,,0,,,,,A
999000009,2018-04-23T00:04:46,29.13441,-89.25762,8.0,19.1,20.0,SYN-VESSEL-09,,,,0,,,,,A
999000017,2018-04-23T00:01:14,29.15244,-89.25801,5.3,357.2,511.0,SYN-VESSEL-17,,SYN017,31,0,16,6,,52,A
999000017,2018-04-23T00:00:05,29.15076,-89.25788,5.3,358.2,511.0,SYN-VESSEL-17,,SYN017,31,0,16,6,,52,A
999000017,2018-04-23T00:02:23,29.15414,-89.25813,5.2,352.9,511.0,SYN-VESSEL-17,,SYN017,31,0,16,6,,52,A
999000017,2018-04-23T00:04:45,29.15740,-89.25896,5.1,345.6,511.0,SYN-VESSEL-17,,SYN017,31,0,16,6,,52,A
999000017,2018-04-23T00:03:35,29.15582,-89.25850,5.1,347.1,511.0,SYN-VESSEL-17,,SYN017,31,0,16,6,,52,A
999000016,2018-04-23T00:04:46,29.08259,-89.28913,0.0,39.5,511.0,SYN-VESSEL-16,,SYN016,31,0,16,6,,52,A
999000016,2018-04-23T00:03:45,29.08257,-89.28911,0.1,42.3,511.0,SYN-VESSEL-16,,SYN016,31,0,16,6,,52,A
999000016,2018-04-23T00:00:06,29.08258,-89.28913,0.1,20.3,511.0,SYN-VESSEL-16,,SYN016,31,0,16,6,,52,A
999000016,2018-04-23T00:02:26,29.08259,-89.28915,0.0,357.9,511.0,SYN-VESSEL-16,,SYN016,31,0,16,6,,52,A
999000016,2018-04-23T00:01:17,29.08258,-89.28913,0.2,41.8,511.0,SYN-VESSEL-16,,SYN016,31,0,16,6,,52,A
999000054,2018-04-23T00:02:25,29.13712,-89.25681,8.4,14.0,13.0,SYN-VESSEL-54,IMO9990054,SYN054,80,0,183,32,12.2,80,A
999000054,2018-04-23T00:00:06,29.13189,-89.25875,8.4,19.4,19.0,SYN-VESSEL-54,IMO9990054,SYN054,80,0,183,32,12.2,80,A
999000054,2018-04-23T00:01:15,29.13442,-89.25777,8.5,19.2,19.0,SYN-VESSEL-54,IMO9990054,SYN054,80,0,183,32,12.2,80,A
999000054,2018-04-23T00:03:45,29.14024,-89.25629,8.6,4.0,4.0,SYN-VESSEL-54,IMO9990054,SYN054,80,0,183,32,12.2,80,A
999000027,2018-04-23T00:04:17,28.74238,-88.82554,0.1,294.9,511.0,SYN-VESSEL-27,,SYN027,90,3,,,,90,A
999000027,2018-04-23T00:01:47,28.74241,-88.82549,0.0,297.3,511.0,SYN-VESSEL-27,,SYN027,90,3,,,,90,A
999000027,2018-04-23T00:02:57,28.74237,-88.82552,0.0,299.0,511.0,SYN-VESSEL-27,,SYN027,90,3,,,,90,A
999000027,2018-04-23T00:00:37,28.74236,-88.82550,0.0,299.7,511.0,SYN-VESSEL-27,,SYN027,90,3,,,,90,A
999000033,2018-04-23T00:04:49,29.08108,-89.28752,0.4,301.7,206.0,SYN-VESSEL-33,,SYN033,90,0,56,14,,33,A
999000033,2018-04-23T00:03:38,29.08103,-89.28733,0.6,285.0,194.0,SYN-VESSEL-33,,SYN033,90,0,56,14,,33,A
999000033,2018-04-23T00:02:28,29.08100,-89.28713,0.6,275.1,182.0,SYN-VESSEL-33,,SYN033,90,0,56,14,,33,A
999000033,2018-04-23T00:00:08,29.08110,-89.28750,0.8,118.6,204.0,SYN-VESSEL-33,,SYN033,90,0,56,14,,33,A
999000033,2018-04-23T00:01:18,29.08102,-89.28725,0.8,93.2,187.0,SYN-VESSEL-33,,SYN033,90,0,56,14,,33,A
999000043,2018-04-23T00:02:47,28.95589,-89.24246,2.8,277.1,511.0,SYN-VESSEL-43,IMO9990043,SYN043,30,,24,7,,,B
999000043,2018-04-23T00:00:46,28.95586,-89.24073,2.9,268.6,511.0,SYN-VESSEL-43,IMO9990043,SYN043,30,,24,7,,,B
999000043,2018-04-23T00:04:15,28.95585,-89.24372,3.0,259.3,511.0,SYN-VESSEL-43,IMO9990043,SYN043,30,,24,7,,,B
999000040,2018-04-23T00:00:45,28.96526,-88.66389,9.2,261.2,511.0,SYN-VESSEL-40,IMO9990040,SYN040,90,0,50,10,,90,A
999000040,2018-04-23T00:03:46,28.96390,-88.67259,9.3,264.7,511.0,SYN-VESSEL-40,IMO9990040,SYN040,90,0,50,10,,90,A
999000040,2018-04-23T00:02:35,28.96439,-88.66913,9.2,257.3,511.0,SYN-VESSEL-40,IMO9990040,SYN040,90,0,50,10,,90,A
999000031,2018-04-23T00:02:33,29.17907,-89.25787,0.0,307.2,65.0,SYN-VESSEL-31,,SYN031,90,0,15,4,,50,A
999000031,2018-04-23T00:00:02,29.17908,-89.25788,0.0,314.6,65.0,SYN-VESSEL-31,,SYN031,90,0,15,4,,50,A
999000031,2018-04-23T00:01:13,29.17908,-89.25788,0.0,304.3,65.0,SYN-VESSEL-31,,SYN031,90,0,15,4,,50,A
999000031,2018-04-23T00:03:43,29.17909,-89.25788,0.0,303.1,65.0,SYN-VESSEL-31,,SYN031,90,0,15,4,,50,A
999000029,2018-04-23T00:02:41,29.16450,-88.74531,0.6,304.7,104.0,SYN-VESSEL-29,IMO9990029,SYN029,60,0,48,8,2.9,70,A
999000029,2018-04-23T00:03:52,29.16450,-88.74531,0.4,289.6,102.0,SYN-VESSEL-29,IMO9990029,SYN029,60,0,48,8,2.9,70,A
999000029,2018-04-23T00:01:11,29.16450,-88.74531,0.3,281.4,104.0,SYN-VESSEL-29,IMO9990029,SYN029,60,0,48,8,2.9,70,A
999000029,2018-04-23T00:00:01,29.16450,-88.74532,0.5,292.4,106.0,SYN-VESSEL-29,IMO9990029,SYN029,60,0,48,8,2.9,70,A
999000007,2018-04-23T00:02:22,29.18081,-89.26267,0.3,343.4,336.0,SYN-VESSEL-07,IMO9990007,SYN007,90,3,90,16,,33,A
999000007,2018-04-23T00:01:12,29.18071,-89.26262,0.3,318.2,334.0,SYN-VESSEL-07,IMO9990007,SYN007,90,3,90,16,,33,A
999000007,2018-04-23T00:00:01,29.18059,-89.26255,0.4,320.5,333.0,SYN-VESSEL-07,IMO9990007,SYN007,90,3,90,16,,33,A
999000007,2018-04-23T00:03:32,29.18089,-89.26275,0.3,330.5,336.0,SYN-VESSEL-07,IMO9990007,SYN007,90,3,90,16,,33,A
999000035,2018-04-23T00:00:09,29.07702,-88.76046,15.7,71.3,511.0,SYN-VESSEL-35,IMO9990035,SYN035,60,15,44,8,2.1,0,A
999000035,2018-04-23T00:01:26,29.07951,-88.75433,16.3,67.7,511.0,SYN-VESSEL-35,IMO9990035,SYN035,60,15,44,8,2.1,0,A
999000035,2018-04-23T00:02:45,29.08167,-88.74798,16.6,74.6,511.0,SYN-VESSEL-35,IMO9990035,SYN035,60,15,44,8,2.1,0,A
999000035,2018-04-23T00:04:03,29.08318,-88.74141,17.1,77.5,511.0,SYN-VESSEL-35,IMO9990035,SYN035,60,15,44,8,2.1,0,A
999000026,2018-04-23T00:04:45,29.06803,-89.29911,4.9,49.7,511.0,SYN-VESSEL-26,,SYN026,31,15,15,6,,90,A
999000023,2018-04-23T00:02:38,29.08191,-89.28695,0.1,239.9,511.0,SYN-VESSEL-23,IMO9990023,SYN023,31,0,25,9,,90,A
999000023,2018-04-23T00:03:47,29.08190,-89.28697,0.1,201.2,511.0,SYN-VESSEL-23,IMO9990023,SYN023,31,0,25,9,,90,A
999000023,2018-04-23T00:04:58,29.08186,-89.28697,0.1,177.7,511.0,SYN-VESSEL-23,IMO9990023,SYN023,31,0,25,9,,90,A
999000023,2018-04-23T00:01:28,29.08190,-89.28694,0.1,334.5,511.0,SYN-VESSEL-23,IMO9990023,SYN023,31,0,25,9,,90,A
999000023,2018-04-23T00:00:08,29.08190,-89.28698,0.1,347.1,511.0,SYN-VESSEL-23,IMO9990023,SYN023,31,0,25,9,,90,A
999000015,2018-04-23T00:02:13,29.08105,-89.28722,0.6,296.4,54.0,SYN-VESSEL-15,IMO9990015,SYN015,31,3,19,7,,31,A
999000015,2018-04-23T00:01:10,29.08110,-89.28738,0.6,95.6,64.0,SYN-VESSEL-15,IMO9990015,SYN015,31,3,19,7,,31,A
999000015,2018-04-23T00:03:30,29.08107,-89.28743,0.6,304.0,67.0,SYN-VESSEL-15,IMO9990015,SYN015,31,3,19,7,,31,A
999000015,2018-04-23T00:00:00,29.08115,-89.28760,0.6,112.4,58.0,SYN-VESSEL-15,IMO9990015,SYN015,31,3,19,7,,31,A
999000015,2018-04-23T00:04:51,29.08113,-89.28762,0.4,309.8,56.0,SYN-VESSEL-15,IMO9990015,SYN015,31,3,19,7,,31,A
999000052,2018-04-23T00:01:37,29.17888,-89.26257,0.2,57.1,143.0,SYN-VESSEL-52,,SYN052,90,15,,,,,A
999000052,2018-04-23T00:02:47,29.17895,-89.26248,0.2,51.1,135.0,SYN-VESSEL-52,,SYN052,90,15,,,,,A
999000052,2018-04-23T00:00:08,29.17883,-89.26268,0.2,66.3,151.0,SYN-VESSEL-52,,SYN052,90,15,,,,,A
999000052,2018-04-23T00:03:56,29.17905,-89.26238,0.6,38.9,126.0,SYN-VESSEL-52,,SYN052,90,15,,,,,A
999000044,2018-04-23T00:05:00,29.19539,-89.27353,3.7,336.9,511.0,SYN-VESSEL-44,IMO9990044,SYN044,31,5,17,9,,0,A
999000044,2018-04-23T00:03:40,29.19411,-89.27290,3.9,339.0,511.0,SYN-VESSEL-44,IMO9990044,SYN044,31,5,17,9,,0,A
999000044,2018-04-23T00:00:09,29.19082,-89.27118,3.7,331.1,511.0,SYN-VESSEL-44,IMO9990044,SYN044,31,5,17,9,,0,A
999000044,2018-04-23T00:01:19,29.19183,-89.27185,3.6,332.6,511.0,SYN-VESSEL-44,IMO9990044,SYN044,31,5,17,9,,0,A
999000044,2018-04-23T00:02:29,29.19293,-89.27240,3.7,337.5,511.0,SYN-VESSEL-44,IMO9990044,SYN044,31,5,17,9,,0,A
999000020,2018-04-23T00:03:25,29.16210,-89.25449,0.8,357.5,345.0,SYN-VESSEL-20,IMO9990020,SYN020,90,3,118,23,,,A
999000020,2018-04-23T00:04:45,29.16240,-89.25452,0.6,357.0,345.0,SYN-VESSEL-20,IMO9990020,SYN020,90,3,118,23,,,A
999000020,2018-04-23T00:02:16,29.16180,-89.25446,1.1,349.6,345.0,SYN-VESSEL-20,IMO9990020,SYN020,90,3,118,23,,,A
999000020,2018-04-23T00:00:06,29.16106,-89.25441,1.1,351.2,348.0,SYN-VESSEL-20,IMO9990020,SYN020,90,3,118,23,,,A
999000020,2018-04-23T00:01:15,29.16143,-89.25440,1.3,1.3,344.0,SYN-VESSEL-20,IMO9990020,SYN020,90,3,118,23,,,A
999000022,2018-04-23T00:02:21,29.14209,-89.24772,0.0,290.0,511.0,SYN-VESSEL-22,,SYN022,31,8,20,7,,,A
999000022,2018-04-23T00:00:02,29.14209,-89.24771,0.0,289.4,511.0,SYN-VESSEL-22,,SYN022,31,8,20,7,,,A
999000022,2018-04-23T00:01:12,29.14209,-89.24772,0.0,288.6,511.0,SYN-VESSEL-22,,SYN022,31,8,20,7,,,A
999000022,2018-04-23T00:03:31,29.14209,-89.24772,0.0,290.1,511.0,SYN-VESSEL-22,,SYN022,31,8,20,7,,,A
999000022,2018-04-23T00:04:52,29.14209,-89.24772,0.0,291.6,511.0,SYN-VESSEL-22,,SYN022,31,8,20,7,,,A
999000013,2018-04-23T00:03:33,29.11241,-89.26967,0.7,23.6,28.0,SYN-VESSEL-13,IMO9990013,SYN013,90,3,80,16,5.1,,A
999000013,2018-04-23T00:04:42,29.11269,-89.26954,1.0,23.4,33.0,SYN-VESSEL-13,IMO9990013,SYN013,90,3,80,16,5.1,,A
999000013,2018-04-23T00:02:23,29.11214,-89.26983,1.0,32.2,29.0,SYN-VESSEL-13,IMO9990013,SYN013,90,3,80,16,5.1,,A
999000013,2018-04-23T00:01:13,29.11182,-89.27000,1.1,37.9,31.0,SYN-VESSEL-13,IMO9990013,SYN013,90,3,80,16,5.1,,A
999000013,2018-04-23T00:00:01,29.11158,-89.27032,1.1,31.9,38.0,SYN-VESSEL-13,IMO9990013,SYN013,90,3,80,16,5.1,,A
999000057,2018-04-23T00:02:07,29.09242,-89.27830,15.8,205.5,206.0,SYN-VESSEL-57,IMO9990057,SYN057,31,12,41,13,,,A
999000057,2018-04-23T00:01:01,29.09683,-89.27594,15.8,204.1,204.0,SYN-VESSEL-57,IMO9990057,SYN057,31,12,41,13,,,A
999000057,2018-04-23T00:00:00,29.10100,-89.27391,16.0,201.6,201.0,SYN-VESSEL-57,IMO9990057,SYN057,31,12,41,13,,,A
999000057,2018-04-23T00:04:30,29.08329,-89.28415,15.1,212.8,212.0,SYN-VESSEL-57,IMO9990057,SYN057,31,12,41,13,,,A
999000057,2018-04-23T00:03:24,29.08730,-89.28131,16.2,209.8,210.0,SYN-VESSEL-57,IMO9990057,SYN057,31,12,41,13,,,A
999000036,2018-04-23T00:00:01,29.17899,-89.25809,0.0,300.9,248.0,SYN-VESSEL-36,,SYN036,,15,,,,,A
999000036,2018-04-23T00:01:10,29.17899,-89.25810,0.0,341.0,249.0,SYN-VESSEL-36,,SYN036,,15,,,,,A
999000036,2018-04-23T00:02:21,29.17899,-89.25809,0.0,278.3,248.0,SYN-VESSEL-36,,SYN036,,15,,,,,A
999000036,2018-04-23T00:04:31,29.17899,-89.25809,0.0,282.2,249.0,SYN-VESSEL-36,,SYN036,,15,,,,,A
999000036,2018-04-23T00:03:22,29.17900,-89.25809,0.0,306.0,248.0,SYN-VESSEL-36,,SYN036,,15,,,,,A
999000039,2018-04-23T00:01:12,29.08190,-89.28727,0.2,192.4,511.0,SYN-VESSEL-39,,SYN039,31,0,19,,,,A
999000039,2018-04-23T00:00:03,29.08193,-89.28726,0.1,219.6,511.0,SYN-VESSEL-39,,SYN039,31,0,19,,,,A
999000039,2018-04-23T00:02:33,29.08184,-89.28723,0.1,214.1,511.0,SYN-VESSEL-39,,SYN039,31,0,19,,,,A
999000039,2018-04-23T00:03:43,29.08187,-89.28723,0.2,316.8,511.0,SYN-VESSEL-39,,SYN039,31,0,19,,,,A
999000039,2018-04-23T00:04:52,29.08189,-89.28726,0.1,351.4,511.0,SYN-VESSEL-39,,SYN039,31,0,19,,,,A
999000034,2018-04-23T00:03:41,29.17891,-89.25828,0.0,5.5,244.0,SYN-VESSEL-34,,SYN034,,15,,,,,A
999000034,2018-04-23T00:04:49,29.17891,-89.25827,0.0,313.6,244.0,SYN-VESSEL-34,,SYN034,,15,,,,,A
999000034,2018-04-23T00:00:11,29.17890,-89.25828,0.0,315.9,244.0,SYN-VESSEL-34,,SYN034,,15,,,,,A
999000034,2018-04-23T00:02:31,29.17890,-89.25827,0.0,192.8,243.0,SYN-VESSEL-34,,SYN034,,15,,,,,A
999000034,2018-04-23T00:01:19,29.17890,-89.25827,0.0,207.1,243.0,SYN-VESSEL-34,,SYN034,,15,,,,,A
999000063,2018-04-23T00:03:39,28.92427,-89.04632,10.6,238.1,237.0,SYN-VESSEL-63,IMO9990063,SYN063,31,0,37,11,,80,A
999000063,2018-04-23T00:04:49,28.92244,-89.04966,10.6,238.1,237.0,SYN-VESSEL-63,IMO9990063,SYN063,31,0,37,11,,80,A
999000063,2018-04-23T00:02:19,28.92637,-89.04246,10.6,238.0,237.0,SYN-VESSEL-63,IMO9990063,SYN063,31,0,37,11,,80,A
999000063,2018-04-23T00:00:00,28.92992,-89.03597,10.5,237.4,237.0,SYN-VESSEL-63,IMO9990063,SYN063,31,0,37,11,,80,A
999000063,2018-04-23T00:01:10,28.92811,-89.03929,10.5,237.9,237.0,SYN-VESSEL-63,IMO9990063,SYN063,31,0,37,11,,80,A
999000001,2018-04-23T00:03:34,29.12525,-89.26170,6.7,23.6,20.0,SYN-VESSEL-01,IMO9990001,SYN001,80,0,183,32,12.2,80,A
999000001,2018-04-23T00:04:43,29.12711,-89.26079,6.2,23.3,20.0,SYN-VESSEL-01,IMO9990001,SYN001,80,0,183,32,12.2,80,A
999000001,2018-04-23T00:00:02,29.11823,-89.26498,9.0,21.0,20.0,SYN-VESSEL-01,IMO9990001,SYN001,80,0,183,32,12.2,80,A
999000001,2018-04-23T00:01:12,29.12085,-89.26380,8.0,21.8,20.0,SYN-VESSEL-01,IMO9990001,SYN001,80,0,183,32,12.2,80,A
999000001,2018-04-23T00:02:22,29.12311,-89.26274,7.3,22.5,20.0,SYN-VESSEL-01,IMO9990001,SYN001,80,0,183,32,12.2,80,A
999000045,2018-04-23T00:03:33,29.17949,-89.26281,0.2,7.3,511.0,SYN-VESSEL-45,,SYN045,31,15,20,,,,A
999000045,2018-04-23T00:00:04,29.17943,-89.26285,0.1,11.3,511.0,SYN-VESSEL-45,,SYN045,31,15,20,,,,A
999000045,2018-04-23T00:01:13,29.17945,-89.26283,0.1,2.1,511.0,SYN-VESSEL-45,,SYN045,31,15,20,,,,A
999000045,2018-04-23T00:02:24,29.17949,-89.26282,0.1,8.4,511.0,SYN-VESSEL-45,,SYN045,31,15,20,,,,A
999000019,2018-04-23T00:01:11,29.17916,-89.26286,0.0,66.4,511.0,SYN-VESSEL-19,,SYN019,31,0,15,6,,,A
999000019,2018-04-23T00:00:02,29.17917,-89.26293,0.1,73.6,511.0,SYN-VESSEL-19,,SYN019,31,0,15,6,,,A
999000019,2018-04-23T00:02:12,29.17916,-89.26287,0.1,81.0,511.0,SYN-VESSEL-19,,SYN019,31,0,15,6,,,A
999000019,2018-04-23T00:04:31,29.17925,-89.26274,0.3,48.4,511.0,SYN-VESSEL-19,,SYN019,31,0,15,6,,,A
999000019,2018-04-23T00:03:20,29.17917,-89.26282,0.2,59.1,511.0,SYN-VESSEL-19,,SYN019,31,0,15,6,,,A
